employer,normalized,city,county,state,noticeDate,effectiveDate,employees,layoffType,sourceUrl
UBS,UBS,Weehawken,,NJ,,2026-11-04,58,,https://www.nj.gov/labor/employer-services/warn/
BASF Corporation,BASF,Florham Park,,NJ,,2026-11-01,62,,https://www.nj.gov/labor/employer-services/warn/
"Mars WrigleyConfectionary US, LLC",MARS WRIGLEYCONFECTIONARY,Newark,,NJ,,2026-10-16,307,,https://www.nj.gov/labor/employer-services/warn/
Verizon Corp Resources Group LLC,VERIZON RESOURCES GROUP,Basking Ridge,,NJ,,2026-10-16,282,,https://www.nj.gov/labor/employer-services/warn/
The Cannabist Company,THE CANNABIST,Vineland,,NJ,,2026-10-11,86,,https://www.nj.gov/labor/employer-services/warn/
Petvet Care Centers LLC,PETVET CARE CENTERS,Egg Harbor Twp,,NJ,,2026-10-08,18,,https://www.nj.gov/labor/employer-services/warn/
Novartis Pharmaceuticals Corporation,NOVARTIS PHARMACEUTICALS,East Hanover,,NJ,,2026-10-02,322,,https://www.nj.gov/labor/employer-services/warn/
"Samsung SDS America, Inc",SAMSUNG SDS AMERICA,Ridgefield Park,,NJ,,2026-10-01,179,,https://www.nj.gov/labor/employer-services/warn/
"Headquarters Hotel Mgmt, LLC d/b/a Sheraton Atlantic City Convention Center Hotel",HEADQUARTERS HOTEL MGMT D/B/A SHERATON ATLANTIC CITY CONVENTION CENTER HOTEL,Atlantic City,,NJ,,2026-10-01,99,,https://www.nj.gov/labor/employer-services/warn/
Fusion Transport LLC,FUSION TRANSPORT,Piscataway,,NJ,,2026-10-01,79,,https://www.nj.gov/labor/employer-services/warn/
"Samsung Electronics America, Inc.",SAMSUNG ELECTRONICS AMERICA,Englewood Cliffs,,NJ,,2026-09-30,739,,https://www.nj.gov/labor/employer-services/warn/
"Automatic Data Processing, Inc.",AUTOMATIC DATA PROCESSING,Roseland,,NJ,,2026-09-25,76,,https://www.nj.gov/labor/employer-services/warn/
"International Paper, Barrington Box Plant",INTERNATIONAL PAPER BARRINGTON BOX PLANT,Barrington,,NJ,,2026-09-24,126,,https://www.nj.gov/labor/employer-services/warn/
Verizon Corp Resources Group LLC,VERIZON RESOURCES GROUP,Basking Ridge,,NJ,,2026-09-18,35,,https://www.nj.gov/labor/employer-services/warn/
Prudential Insurance Company of America,PRUDENTIAL INSURANCE OF AMERICA,Newark,,NJ,,2026-09-18,89,,https://www.nj.gov/labor/employer-services/warn/
Digital Room LLC,DIGITAL ROOM,Saddle Brook,,NJ,,2026-09-16,69,,https://www.nj.gov/labor/employer-services/warn/
AT&T,AT T,Cumberland County,,NJ,,2026-09-15,138,,https://www.nj.gov/labor/employer-services/warn/
Merck & Co,MERCK,Rahway,,NJ,,2026-09-04,88,,https://www.nj.gov/labor/employer-services/warn/
Optum Select Management Inc.,OPTUM SELECT MANAGEMENT,Somerset,,NJ,,2026-08-26,17,,https://www.nj.gov/labor/employer-services/warn/
Optum Care Inc.,OPTUM CARE,Rutherford,,NJ,,2026-08-26,5,,https://www.nj.gov/labor/employer-services/warn/
Optum Services Inc.,OPTUM,Basking Ridge,,NJ,,2026-08-26,36,,https://www.nj.gov/labor/employer-services/warn/
UBS,UBS,Weehawken,,NJ,,2026-08-26,65,,https://www.nj.gov/labor/employer-services/warn/
Novartis Group,NOVARTIS GROUP,East Hanover,,NJ,,2026-08-21,76,,https://www.nj.gov/labor/employer-services/warn/
Johnson & Johnson,JOHNSON JOHNSON,New Brunswick,,NJ,,2026-08-21,86,,https://www.nj.gov/labor/employer-services/warn/
Meta,META,Statewide,,NJ,,2026-08-20,74,,https://www.nj.gov/labor/employer-services/warn/
Acme Markets Inc.,ACME MARKETS,Edgewater,,NJ,,2026-08-15,115,,https://www.nj.gov/labor/employer-services/warn/
Embassy Suites by Hilton,EMBASSY SUITES BY HILTON,Parsippany,,NJ,,2026-08-14,54,,https://www.nj.gov/labor/employer-services/warn/
Barclays,BARCLAYS,Whippany,,NJ,,2026-08-10,64,,https://www.nj.gov/labor/employer-services/warn/
Verizon,VERIZON,Basking Ridge,,NJ,,2026-08-07,121,,https://www.nj.gov/labor/employer-services/warn/
Amicus Therapeutics,AMICUS THERAPEUTICS,Princeton,,NJ,,2026-08-07,58,,https://www.nj.gov/labor/employer-services/warn/
Verizon Corp Resources Group LLC,VERIZON RESOURCES GROUP,Basking Ridge,,NJ,,2026-08-07,156,,https://www.nj.gov/labor/employer-services/warn/
Danone North America,DANONE NORTH AMERICA,Bridgeton,,NJ,,2026-08-04,114,,https://www.nj.gov/labor/employer-services/warn/
Federal Express Corporation,FEDERAL EXPRESS,Union,,NJ,,2026-08-03,50,,https://www.nj.gov/labor/employer-services/warn/
Accupac,ACCUPAC,Lakewood,,NJ,,2026-08-03,260,,https://www.nj.gov/labor/employer-services/warn/
JP Morgan Chase,JP MORGAN CHASE,Jersey City,,NJ,,2026-08-03,51,,https://www.nj.gov/labor/employer-services/warn/
DoubleTree by Hilton,DOUBLETREE BY HILTON,Somerset,,NJ,,2026-08-01,90,,https://www.nj.gov/labor/employer-services/warn/
Fulton Bank,FULTON BANK,Parsippany,,NJ,,2026-07-31,95,,https://www.nj.gov/labor/employer-services/warn/
"FreshRealm, Inc.",FRESHREALM,Linden,,NJ,,2026-07-27,628,,https://www.nj.gov/labor/employer-services/warn/
Novartis,NOVARTIS,East Hanover,,NJ,,2026-07-24,60,,https://www.nj.gov/labor/employer-services/warn/
"CraftForce Services, Inc. (2330 Circadian Way)",CRAFTFORCE (2330 CIRCADIAN WAY),Santa Rosa,Sonoma,CA,2026-07-22,2026-09-20,51,Closure Permanent,https://edd.ca.gov/en/jobs_and_training/Layoff_Services_WARN/
"CraftForce Services, Inc. (2753 Giffen Avenue)",CRAFTFORCE (2753 GIFFEN AVENUE),Santa Rosa,Sonoma,CA,2026-07-22,2026-09-20,7,Closure Permanent,https://edd.ca.gov/en/jobs_and_training/Layoff_Services_WARN/
No Meat Factory USA Inc,NO MEAT FACTORY,Stanwood,,WA,2026-07-22,2026-09-16,123,Permanent,https://esd.wa.gov/about-employees/WARN
"New Leaf Community Markets, Inc.",NEW LEAF COMMUNITY MARKETS,San Jose,Santa Clara,CA,2026-07-21,2026-09-20,61,Closure Permanent,https://edd.ca.gov/en/jobs_and_training/Layoff_Services_WARN/
Pixar,PIXAR,Emeryville,Alameda,CA,2026-07-21,2026-09-26,108,Layoff Permanent,https://edd.ca.gov/en/jobs_and_training/Layoff_Services_WARN/
"DesigneRX Pharmaceuticals, Inc.",DESIGNERX PHARMACEUTICALS,Vacaville,Solano,CA,2026-07-20,2026-09-21,25,Layoff Permanent,https://edd.ca.gov/en/jobs_and_training/Layoff_Services_WARN/
"NBCUniversal Media, LLC - 1320",NBCUNIVERSAL MEDIA - 1320,Universal City,Los Angeles,CA,2026-07-17,2026-08-28,3,Layoff Permanent,https://edd.ca.gov/en/jobs_and_training/Layoff_Services_WARN/
"NBCUniversal Media, LLC - 1360",NBCUNIVERSAL MEDIA - 1360,Universal City,Los Angeles,CA,2026-07-17,2026-08-28,5,Layoff Permanent,https://edd.ca.gov/en/jobs_and_training/Layoff_Services_WARN/
"NBCUniversal Media, LLC -1440",NBCUNIVERSAL MEDIA -1440,Universal City,Los Angeles,CA,2026-07-17,2026-08-28,87,Layoff Permanent,https://edd.ca.gov/en/jobs_and_training/Layoff_Services_WARN/
"NBCUniversal Media, LLC - 1460",NBCUNIVERSAL MEDIA - 1460,Universal City,Los Angeles,CA,2026-07-17,2026-08-28,55,Layoff Permanent,https://edd.ca.gov/en/jobs_and_training/Layoff_Services_WARN/
"Monterey Mushrooms, LLC",MONTEREY MUSHROOMS,Morgan Hill,Santa Clara,CA,2026-07-17,2026-09-20,253,Layoff Permanent,https://edd.ca.gov/en/jobs_and_training/Layoff_Services_WARN/
"Magic Leap, Inc.",MAGIC LEAP,Sunnyvale,Santa Clara,CA,2026-07-17,2026-10-01,76,Layoff Permanent,https://edd.ca.gov/en/jobs_and_training/Layoff_Services_WARN/
"Alan Ritchey, Inc.",ALAN RITCHEY,Phillipsburg,,NJ,,2026-07-17,176,,https://www.nj.gov/labor/employer-services/warn/
Prudential Insurance Company of America,PRUDENTIAL INSURANCE OF AMERICA,Newark,,NJ,,2026-07-17,53,,https://www.nj.gov/labor/employer-services/warn/
Phillips 66,PHILLIPS 66,Wilmington,Los Angeles,CA,2026-07-16,2026-09-16,5,Closure Permanent,https://edd.ca.gov/en/jobs_and_training/Layoff_Services_WARN/
"Aramark Campus, LLC",ARAMARK CAMPUS,Redlands,San Bernardino,CA,2026-07-16,2026-07-31,94,Layoff Permanent,https://edd.ca.gov/en/jobs_and_training/Layoff_Services_WARN/
Bristol Myers Squibb,BRISTOL MYERS SQUIBB,Lawrence Twp,,NJ,,2026-07-16,206,,https://www.nj.gov/labor/employer-services/warn/
Verizon,VERIZON,Various locations in Washington,,WA,2026-07-16,2026-09-18,54,Permanent,https://esd.wa.gov/about-employees/WARN
"Eargo, Inc.",EARGO,San Jose,Santa Clara,CA,2026-07-15,2026-09-14,57,Closure Permanent,https://edd.ca.gov/en/jobs_and_training/Layoff_Services_WARN/
Ventura Coastal,VENTURA COASTAL,Tipton,Tulare,CA,2026-07-15,2026-09-18,71,Layoff Temporary,https://edd.ca.gov/en/jobs_and_training/Layoff_Services_WARN/
"GMRI, Inc. dba Yard House",GMRI DBA YARD HOUSE,Costa Mesa,Orange,CA,2026-07-14,2026-09-14,78,Closure Permanent,https://edd.ca.gov/en/jobs_and_training/Layoff_Services_WARN/
"Udemy, Inc.",UDEMY,San Francisco,San Francisco,CA,2026-07-14,2026-09-11,28,Layoff Permanent,https://edd.ca.gov/en/jobs_and_training/Layoff_Services_WARN/
"Coursera, Inc.",COURSERA,Mountain View,Santa Clara,CA,2026-07-14,2026-09-11,31,Layoff Permanent,https://edd.ca.gov/en/jobs_and_training/Layoff_Services_WARN/
"ELC Beauty LLC (Too Faced Cosmetics, LLC)",ELC BEAUTY (TOO FACED COSMETICS ),Irvine,Orange,CA,2026-07-14,2026-09-30,67,Closure Permanent,https://edd.ca.gov/en/jobs_and_training/Layoff_Services_WARN/
Red Lobster Restaurants LLC,RED LOBSTER RESTAURANTS,Santa Maria,Santa Barbara,CA,2026-07-14,2026-08-31,37,Closure Permanent,https://edd.ca.gov/en/jobs_and_training/Layoff_Services_WARN/
Wind & Sea Restaurant,WIND SEA RESTAURANT,Dana Point,Orange,CA,2026-07-14,2026-09-15,198,Closure Permanent,https://edd.ca.gov/en/jobs_and_training/Layoff_Services_WARN/
Queen City Staffing,QUEEN CITY STAFFING,Santa Rosa,Sonoma,CA,2026-07-14,2026-09-13,49,Closure Permanent,https://edd.ca.gov/en/jobs_and_training/Layoff_Services_WARN/
"AWCS, LLC (Cottonwood Post-Acute Rehab",AWCS (COTTONWOOD POST-ACUTE REHAB,Woodland,Yolo,CA,2026-07-13,2026-09-11,158,Closure Temporary,https://edd.ca.gov/en/jobs_and_training/Layoff_Services_WARN/
6th Street Center for Youth (Youth for Change),6TH STREET CENTER FOR YOUTH (YOUTH FOR CHANGE),Chico,Butte,CA,2026-07-10,2026-08-31,6,Closure Permanent,https://edd.ca.gov/en/jobs_and_training/Layoff_Services_WARN/
"GXO Logistics Worldwide, LLC",GXO LOGISTICS WORLDWIDE,San Bernardino,San Bernardino,CA,2026-07-10,2026-09-18,46,Closure Permanent,https://edd.ca.gov/en/jobs_and_training/Layoff_Services_WARN/
Xpress Delivery LLC (DSJ9),XPRESS DELIVERY (DSJ9),Oakland,Alameda,CA,2026-07-09,2026-09-09,80,Closure Permanent,https://edd.ca.gov/en/jobs_and_training/Layoff_Services_WARN/
OnPoint Logistics LLC,ONPOINT LOGISTICS,San Francisco,San Francisco,CA,2026-07-09,2026-09-07,96,Closure Permanent,https://edd.ca.gov/en/jobs_and_training/Layoff_Services_WARN/
Emerson,EMERSON,Charlottesville  VA,,VA,2026-07-09,,139,Closure,https://www.vec.virginia.gov/warn-notices
Sentinel Restaurant & Hospitality Group LLC,SENTINEL RESTAURANT HOSPITALITY GROUP,Laguna Beach,Orange,CA,2026-07-08,2026-09-08,113,Closure Permanent,https://edd.ca.gov/en/jobs_and_training/Layoff_Services_WARN/
JP Morgan Chase,JP MORGAN CHASE,Jersey City,,NJ,,2026-07-08,173,,https://www.nj.gov/labor/employer-services/warn/
Medical Faculty Associates Inc. (MFA),MEDICAL FACULTY ASSOCIATES (MFA),"Alexandria, Arlington, Ashburn &amp; Reston VA",,VA,2026-07-08,,2,Layoff,https://www.vec.virginia.gov/warn-notices
"Expeditors International of Washington, Inc.",EXPEDITORS INTERNATIONAL OF WASHINGTON,Various locations in Washington,,WA,2026-07-08,2026-08-07,3,Permanent,https://esd.wa.gov/about-employees/WARN
LeeMAH Electronics,LEEMAH ELECTRONICS,Brisbane,San Mateo,CA,2026-07-07,2026-09-08,212,Closure Permanent,https://edd.ca.gov/en/jobs_and_training/Layoff_Services_WARN/
The Vons Companies Inc.,THE VONS COMPANIES,Pasadena,Los Angeles,CA,2026-07-07,2026-09-05,55,Closure Permanent,https://edd.ca.gov/en/jobs_and_training/Layoff_Services_WARN/
Obsidian,OBSIDIAN,Irvine,Orange,CA,2026-07-06,2026-09-04,52,Layoff Permanent,https://edd.ca.gov/en/jobs_and_training/Layoff_Services_WARN/
GEODIS,GEODIS,Redlands,San Bernardino,CA,2026-07-06,2026-09-03,81,Closure Permanent,https://edd.ca.gov/en/jobs_and_training/Layoff_Services_WARN/
Microsoft,MICROSOFT,Redmond,,WA,2026-07-06,2026-09-04,605,Permanent,https://esd.wa.gov/about-employees/WARN
Winfit LLC,WINFIT,Mercer County,,NJ,,2026-07-05,5,,https://www.nj.gov/labor/employer-services/warn/
Labcorp Raritan,LABCORP RARITAN,Raritan,,NJ,,2026-07-03,83,,https://www.nj.gov/labor/employer-services/warn/
Blue Diamond Growers,BLUE DIAMOND GROWERS,Sacramento,Sacramento,CA,2026-07-02,2026-09-04,31,Closure Permanent,https://edd.ca.gov/en/jobs_and_training/Layoff_Services_WARN/
"Kingdom Animalia, LLC (Hourglass Cosmetics)",KINGDOM ANIMALIA (HOURGLASS COSMETICS),Carson,Los Angeles,CA,2026-07-02,2026-09-15,7,Closure Permanent,https://edd.ca.gov/en/jobs_and_training/Layoff_Services_WARN/
DHL Supply Chain,DHL SUPPLY CHAIN,Fullerton,Orange,CA,2026-07-02,2026-09-03,33,Closure Permanent,https://edd.ca.gov/en/jobs_and_training/Layoff_Services_WARN/
Notions Marketing,NOTIONS MARKETING,Gloucester,,NJ,,2026-07-02,179,,https://www.nj.gov/labor/employer-services/warn/
"INDUS Technology, Inc.",INDUS,"Keyport, Silverdale",,WA,2026-07-02,2026-09-14,120,Permanent,https://esd.wa.gov/about-employees/WARN
Amazon,AMAZON,"Seattle, Bellevue",,WA,2026-07-02,2026-08-03,57,Permanent,https://esd.wa.gov/about-employees/WARN
Chevron,CHEVRON,San Ramon,Contra Costa,CA,2026-07-01,2026-09-01,180,Layoff Permanent,https://edd.ca.gov/en/jobs_and_training/Layoff_Services_WARN/
T&amp;H Services LLC,T AMP;H,Blackstone VA,,VA,2026-07-01,,76,Closure,https://www.vec.virginia.gov/warn-notices
"Alpha Technologies Services, Inc.",ALPHA,Bellingham,,WA,2026-07-01,2026-08-31,75,Permanent,https://esd.wa.gov/about-employees/WARN
McDonald's Corporation,MCDONALD'S,City of Industry,Los Angeles,CA,2026-06-30,2026-09-01,2,Closure Permanent,https://edd.ca.gov/en/jobs_and_training/Layoff_Services_WARN/
Athwal FDS Corporation,ATHWAL FDS,San Bernardino,San Bernardino,CA,2026-06-30,2026-08-30,35,Layoff Permanent,https://edd.ca.gov/en/jobs_and_training/Layoff_Services_WARN/
Conduent Commercial Solutions LLC,CONDUENT COMMERCIAL,VA-Statewide VA,,VA,2026-06-29,,24,Layoff,https://www.vec.virginia.gov/warn-notices
Times Fiber Communications (TFC),TIMES FIBER COMMUNICATIONS (TFC),Pittsylvania County VA,,VA,2026-06-29,,78,Closure,https://www.vec.virginia.gov/warn-notices
"Conduent Commercial Solutions, LLC",CONDUENT COMMERCIAL,Remote in Washington,,WA,2026-06-29,2026-08-28,4,Permanent,https://esd.wa.gov/about-employees/WARN
PetVet Care Centers,PETVET CARE CENTERS,Vancouver,,WA,2026-06-29,2026-09-04,50,Permanent,https://esd.wa.gov/about-employees/WARN
"Citibank, N.A.",CITIBANK N A,Hudson and Bergen Counties,,NJ,,2026-06-28,68,,https://www.nj.gov/labor/employer-services/warn/
"Genentech, Inc.",GENENTECH,South San Francisco,San Mateo,CA,2026-06-26,2026-07-29,103,Layoff Permanent,https://edd.ca.gov/en/jobs_and_training/Layoff_Services_WARN/
Conduent,CONDUENT,Cypress,Orange,CA,2026-06-26,2026-08-28,51,Layoff Permanent,https://edd.ca.gov/en/jobs_and_training/Layoff_Services_WARN/
Novartis,NOVARTIS,East Hanover,,NJ,,2026-06-26,114,,https://www.nj.gov/labor/employer-services/warn/
"Flagship Facilities Services, LLC",FLAGSHIP FACILITIES,Seattle,,WA,2026-06-26,2026-07-19,4,Permanent,https://esd.wa.gov/about-employees/WARN
"Transdev Services, Inc",TRANSDEV,Everett,,WA,2026-06-26,2026-08-29,108,Permanent,https://esd.wa.gov/about-employees/WARN
"Bungie, Inc/Sony Interactive Entertainment",BUNGIE /SONY INTERACTIVE ENTERTAINMENT,Bellevue,,WA,2026-06-25,2026-07-09,292,Permanent,https://esd.wa.gov/about-employees/WARN
JPMorgan Chase & Co.,JPMORGAN CHASE,Plano,Collin,TX,2026-06-23,2026-08-21,244,,https://data.texas.gov/d/8w53-c4f6
UBS,UBS,Weehawken,,NJ,,2026-06-22,103,,https://www.nj.gov/labor/employer-services/warn/
JP Morgan Chase,JP MORGAN CHASE,Jersey City,,NJ,,2026-06-20,134,,https://www.nj.gov/labor/employer-services/warn/
Luna Foods dba Joey's Fine Foods,LUNA FOODS DBA JOEY'S FINE FOODS,Newark,,NJ,,2026-06-19,61,,https://www.nj.gov/labor/employer-services/warn/
"First Student, Inc.",FIRST STUDENT,Seattle,,WA,2026-06-17,2026-08-17,111,Permanent,https://esd.wa.gov/about-employees/WARN
KUEHNE + NAGEL (KN) 2026,KUEHNE + NAGEL (KN) 2026,Lewisville,Denton,TX,2026-06-16,2026-06-29,90,,https://data.texas.gov/d/8w53-c4f6
Vestis Services LLC,VESTIS,Statewide VA,,VA,2026-06-15,,19,Layoff,https://www.vec.virginia.gov/warn-notices
"Fortrex (John Soules Foods, Inc.)",FORTREX (JOHN SOULES FOODS ),Tyler,Smith,TX,2026-06-12,2026-06-26,85,,https://data.texas.gov/d/8w53-c4f6
First Student (DeSoto I.S.D.),FIRST STUDENT (DESOTO I S D ),De Soto,Dallas,TX,2026-06-12,2026-06-30,74,,https://data.texas.gov/d/8w53-c4f6
SAKS GLOBAL (Neiman Marcus),SAKS GLOBAL (NEIMAN MARCUS),Dallas,Dallas,TX,2026-06-12,2026-09-30,67,,https://data.texas.gov/d/8w53-c4f6
"Remington Lodging and Hospitality, LLC (Hilton Houston NASA Clear Lake)",REMINGTON LODGING AND HOSPITALITY (HILTON HOUSTON NASA CLEAR LAKE),Houston,Harris,TX,2026-06-09,2026-07-31,65,,https://data.texas.gov/d/8w53-c4f6
General Dynamics Information Technology,GENERAL DYNAMICS INFORMATION,"Washington, DC DC",,VA,2026-06-09,,174,Layoff,https://www.vec.virginia.gov/warn-notices
Alan Ritchey Incorporated,ALAN RITCHEY,Irving,Dallas,TX,2026-06-08,2026-09-14,232,,https://data.texas.gov/d/8w53-c4f6
El Paso Independent School District,EL PASO INDEPENDENT SCHOOL DISTRICT,El Paso,El Paso,TX,2026-06-08,2026-06-19,250,,https://data.texas.gov/d/8w53-c4f6
"Expeditors International of Washington, Inc.",EXPEDITORS INTERNATIONAL OF WASHINGTON,Various locations in Washington,,WA,2026-06-08,2026-08-08,230,Permanent,https://esd.wa.gov/about-employees/WARN
"Lavish Roots, Inc.",LAVISH ROOTS,"Seattle, Bellevue, Redmond",,WA,2026-06-08,2026-08-09,263,Permanent,https://esd.wa.gov/about-employees/WARN
Parkhurst Dining LLC (Randolph Macon College Site),PARKHURST DINING (RANDOLPH MACON COLLEGE SITE),Ashland VA,,VA,2026-06-05,,80,Closure,https://www.vec.virginia.gov/warn-notices
MW Components (Matthew Warren Inc's USA Fastner Facility),MW COMPONENTS (MATTHEW WARREN 'S FASTNER FACILITY),Houston,Harris,TX,2026-06-04,2026-08-10,53,,https://data.texas.gov/d/8w53-c4f6
SMBC Manubank,SMBC MANUBANK,Statewide VA,,VA,2026-06-04,,6,Closure,https://www.vec.virginia.gov/warn-notices
SMBC Manubank,SMBC MANUBANK,Remote in Washington,,WA,2026-06-04,2026-08-03,3,Permanent,https://esd.wa.gov/about-employees/WARN
M1 Support Services LP,M1 SUPPORT,Norfolk  VA,,VA,2026-06-01,,168,Closure,https://www.vec.virginia.gov/warn-notices
General Dynamics Information Technology,GENERAL DYNAMICS INFORMATION,Arlington VA,,VA,2026-06-01,,102,Layoff,https://www.vec.virginia.gov/warn-notices
General Dynamics Information Technology,GENERAL DYNAMICS INFORMATION,Falls Church VA,,VA,2026-06-01,,133,Layoff,https://www.vec.virginia.gov/warn-notices
MarketSource,MARKETSOURCE,Jersey City,,NJ,,2026-05-30,57,,https://www.nj.gov/labor/employer-services/warn/
Toshiba International Corporation,TOSHIBA INTERNATIONAL,Houston,Harris,TX,2026-05-29,2026-09-30,67,,https://data.texas.gov/d/8w53-c4f6
Maverick Washington LLC Silver Dollar Mill Creek Casino,MAVERICK WASHINGTON SILVER DOLLAR MILL CREEK CASINO,Bothell,,WA,2026-05-29,2026-07-31,41,Permanent,https://esd.wa.gov/about-employees/WARN
Maverick Washington LLC Crazy Moose Mountlake Casino,MAVERICK WASHINGTON CRAZY MOOSE MOUNTLAKE CASINO,Mountlake Terrace,,WA,2026-05-29,2026-07-31,82,Permanent,https://esd.wa.gov/about-employees/WARN
IPIC Theaters,IPIC THEATERS,Fort Lee,,NJ,,2026-05-28,97,,https://www.nj.gov/labor/employer-services/warn/
"Servatron, Inc.",SERVATRON,Spokane Valley,,WA,2026-05-26,2026-12-31,124,Permanent,https://esd.wa.gov/about-employees/WARN
Imperia Foods,IMPERIA FOODS,Fairfield,,NJ,,2026-05-22,82,,https://www.nj.gov/labor/employer-services/warn/
80 Acres Farms,80 ACRES FARMS,Harrisonburg VA,,VA,2026-05-22,,80,Closure,https://www.vec.virginia.gov/warn-notices
"Meta Platforms, Inc",META PLATFORMS,King County,,WA,2026-05-22,2026-07-22,1395,Permanent,https://esd.wa.gov/about-employees/WARN
Bristol Myers Squibb,BRISTOL MYERS SQUIBB,Lawrence Twp,,NJ,,2026-05-21,247,,https://www.nj.gov/labor/employer-services/warn/
Citibank,CITIBANK,Statewide,,NJ,,2026-05-21,141,,https://www.nj.gov/labor/employer-services/warn/
Bingham &amp; Taylor,BINGHAM AMP; TAYLOR,Culpeper VA,,VA,2026-05-21,,92,Closure,https://www.vec.virginia.gov/warn-notices
"Republic National Distributing Company, LLC",REPUBLIC NATIONAL DISTRIBUTING,4 sites,,WA,2026-05-21,2026-07-17,267,Permanent,https://esd.wa.gov/about-employees/WARN
"Genie Industries, Inc. / Terex USA, LLC",GENIE INDUSTRIES / TEREX,North Bend,,WA,2026-05-21,2026-07-20,117,Permanent,https://esd.wa.gov/about-employees/WARN
"Flagship Facilities Services, LLC",FLAGSHIP FACILITIES,Seattle,,WA,2026-05-20,2026-07-19,67,Permanent,https://esd.wa.gov/about-employees/WARN
"Auzmet Architectural, LLC",AUZMET ARCHITECTURAL,Dallas,Dallas,TX,2026-05-19,2026-05-19,152,,https://data.texas.gov/d/8w53-c4f6
AT&T,AT T,Bedminster,,NJ,,2026-05-19,75,,https://www.nj.gov/labor/employer-services/warn/
Parkhurst Dining LLC,PARKHURST DINING,Bridgewater VA,,VA,2026-05-18,,65,Closure,https://www.vec.virginia.gov/warn-notices
Target,TARGET,"Burlington, Gloucester, Middlesex, Monmouth",,NJ,,2026-05-17,107,,https://www.nj.gov/labor/employer-services/warn/
Starbucks,STARBUCKS,Seattle,,WA,2026-05-15,2026-07-17,252,Permanent,https://esd.wa.gov/about-employees/WARN
"Compass Group USA, Inc. (d/b/a Chartwell's Higher Education (Texas Southern Univ.)",COMPASS GROUP (D/B/A CHARTWELL'S HIGHER EDUCATION (TEXAS SOUTHERN UNIV ),Houston,Harris,TX,2026-05-14,2026-06-12,88,,https://data.texas.gov/d/8w53-c4f6
Scudetto Logistics,SCUDETTO LOGISTICS,Trenton,,NJ,,2026-05-14,120,,https://www.nj.gov/labor/employer-services/warn/
Coburg Facility,COBURG FACILITY,Coburg,,OR,2026-05-13,2026-07-17,83,Permanent closure,https://data.oregon.gov/d/ijbz-jpx8
Diamond Transportation Services Inc.,DIAMOND TRANSPORTATION,Fairfax County VA,,VA,2026-05-12,,144,Closure,https://www.vec.virginia.gov/warn-notices
Saks & Company,SAKS,East Rutherford,,NJ,,2026-05-11,58,,https://www.nj.gov/labor/employer-services/warn/
Hilex Poly Co. LLC,HILEX POLY,Henrico VA,,VA,2026-05-11,,117,Closure,https://www.vec.virginia.gov/warn-notices
Starbucks,STARBUCKS,Seattle,,WA,2026-05-08,2026-06-20,61,Permanent,https://esd.wa.gov/about-employees/WARN
Prudential,PRUDENTIAL,Newark,,NJ,,2026-05-07,54,,https://www.nj.gov/labor/employer-services/warn/
Novanta Corporation,NOVANTA,Mukilteo,,WA,2026-05-07,2026-07-07,83,Permanent,https://esd.wa.gov/about-employees/WARN
Saks & Company,SAKS,Statewide,,NJ,,2026-05-04,69,,https://www.nj.gov/labor/employer-services/warn/
AT&T,AT T,Bedminster,,NJ,,2026-05-04,87,,https://www.nj.gov/labor/employer-services/warn/
LumLiq2 LLC d/b/a Lumber Liquidators,LUMLIQ2 D/B/A LUMBER LIQUIDATORS,Henrico VA,,VA,2026-05-04,,64,Closure,https://www.vec.virginia.gov/warn-notices
JP Morgan Chase,JP MORGAN CHASE,Jersey City,,NJ,,2026-05-03,120,,https://www.nj.gov/labor/employer-services/warn/
Spirit Airlines (DFW) May 2026,SPIRIT AIRLINES (DFW) MAY 2026,Dallas,Dallas,TX,2026-05-02,2026-05-02,444,,https://data.texas.gov/d/8w53-c4f6
Spirit Airlines (IAH) May 2026,SPIRIT AIRLINES (IAH) MAY 2026,Houston,Harris,TX,2026-05-02,2026-05-02,515,,https://data.texas.gov/d/8w53-c4f6
Spirit Airlines,SPIRIT AIRLINES,Newark,,NJ,,2026-05-02,201,,https://www.nj.gov/labor/employer-services/warn/
"Amcor Rigid Packaging USA, LLC",AMCOR RIGID PACKAGING,Fort Worth,Tarrant,TX,2026-05-01,2026-07-02,56,,https://data.texas.gov/d/8w53-c4f6
Walmart,WALMART,Hoboken,,NJ,,2026-05-01,100,,https://www.nj.gov/labor/employer-services/warn/
Integra Life Sciences,INTEGRA LIFE SCIENCES,Princeton,,NJ,,2026-05-01,65,,https://www.nj.gov/labor/employer-services/warn/
Arrow Fastener,ARROW FASTENER,Saddle Brook,,NJ,,2026-05-01,140,,https://www.nj.gov/labor/employer-services/warn/
Ideal US Talent Worker OpCo LLC,IDEAL TALENT WORKER OPCO,Statewide VA,,VA,2026-05-01,,776,Layoff,https://www.vec.virginia.gov/warn-notices
KBR Wyle Services LLC,KBR WYLE,Accomack VA,,VA,2026-05-01,,118,Layoff,https://www.vec.virginia.gov/warn-notices
Maersk,MAERSK,Lakewood,,WA,2026-05-01,2026-06-30,44,Permanent,https://esd.wa.gov/about-employees/WARN
Maersk,MAERSK,Sumner,,WA,2026-05-01,2026-06-30,5,Permanent,https://esd.wa.gov/about-employees/WARN
"Sodexo (SDH Services East, LLC) Fort Worth Independent School District",SODEXO (SDH EAST ) FORT WORTH INDEPENDENT SCHOOL DISTRICT,Fort Worth,Tarrant,TX,2026-04-30,2026-06-30,291,,https://data.texas.gov/d/8w53-c4f6
"Prineville, OR Facility",PRINEVILLE OR FACILITY,Prineville,,OR,2026-04-29,2026-06-28,66,Large Layoff - 10 or more workers,https://data.oregon.gov/d/ijbz-jpx8
Cigna Evernorth Services,CIGNA EVERNORTH,Morris Plains,,NJ,,2026-04-29,134,,https://www.nj.gov/labor/employer-services/warn/
Milestone Technologies Inc,MILESTONE,Henrico VA,,VA,2026-04-29,,50,Closure,https://www.vec.virginia.gov/warn-notices
AeroFarms Inc. - Rescinded,AEROFARMS - RESCINDED,Ringgold VA,,VA,2026-04-29,,133,Closure,https://www.vec.virginia.gov/warn-notices
Amazon,AMAZON,"Passaic, Bergen, Monmouth, Hudson, Statewide",,NJ,,2026-04-28,0,,https://www.nj.gov/labor/employer-services/warn/
Laurel Ridge Treatment Center (Laurel Ridge),LAUREL RIDGE TREATMENT CENTER (LAUREL RIDGE),San Antonio,Bexar,TX,2026-04-27,2026-06-26,648,,https://data.texas.gov/d/8w53-c4f6
"FreshRealm, Inc.",FRESHREALM,Lancaster,Dallas,TX,2026-04-27,2026-06-27,176,,https://data.texas.gov/d/8w53-c4f6
GXO,GXO,Henrico VA,,VA,2026-04-27,,66,Closure,https://www.vec.virginia.gov/warn-notices
Jack in the Box,JACK IN THE BOX,Anacortes,,WA,2026-04-27,2026-06-23,14,Permanent,https://esd.wa.gov/about-employees/WARN
Blue Cross Blue Shield of NJ,BLUE CROSS BLUE SHIELD OF NJ,Newark,,NJ,,2026-04-26,242,,https://www.nj.gov/labor/employer-services/warn/
"National Safety Apparel, LLC",NATIONAL SAFETY APPAREL,San Antonio,Bexar,TX,2026-04-23,2026-06-30,50,,https://data.texas.gov/d/8w53-c4f6
"Republic National Distributing Company, LLC (Reyes Holdings, L.L.C) San Antonio",REPUBLIC NATIONAL DISTRIBUTING (REYES HOLDINGS ) SAN ANTONIO,Schertz,Bexar,TX,2026-04-23,2026-06-21,372,,https://data.texas.gov/d/8w53-c4f6
"Republic National Distributing Company, LLC (Reyes Holdings, L.L.C) Houston",REPUBLIC NATIONAL DISTRIBUTING (REYES HOLDINGS ) HOUSTON,Houston,Harris,TX,2026-04-23,2026-06-21,588,,https://data.texas.gov/d/8w53-c4f6
"Republic National Distributing Company, LLC (Reyes Holdings, L.L.C) Grand Prairie",REPUBLIC NATIONAL DISTRIBUTING (REYES HOLDINGS ) GRAND PRAIRIE,Grand Prairie,Tarrant,TX,2026-04-23,2026-06-21,689,,https://data.texas.gov/d/8w53-c4f6
"Republic National Distributing Company, LLC (Reyes Holdings, L.L.C) Corpus Christie",REPUBLIC NATIONAL DISTRIBUTING (REYES HOLDINGS ) CORPUS CHRISTIE,Corpus Ch,Nueces,TX,2026-04-23,2026-06-21,90,,https://data.texas.gov/d/8w53-c4f6
"Republic National Distributing Company, LLC (Reyes Holdings, L.L.C) Austin",REPUBLIC NATIONAL DISTRIBUTING (REYES HOLDINGS ) AUSTIN,Austin,Travis,TX,2026-04-23,2026-06-21,164,,https://data.texas.gov/d/8w53-c4f6
Republic National Distributing Company LLC,REPUBLIC NATIONAL DISTRIBUTING,Ashland VA,,VA,2026-04-23,,428,Closure,https://www.vec.virginia.gov/warn-notices
"Southern Mail Service, Inc.",SOUTHERN MAIL SERVICE,Houston,Harris,TX,2026-04-21,2026-05-15,50,,https://data.texas.gov/d/8w53-c4f6
T-Mobile USA,T-MOBILE,"Bellevue, WA (Statewide in NJ)",,NJ,,2026-04-21,78,,https://www.nj.gov/labor/employer-services/warn/
Oliver Inc.,OLIVER,North Chesterfield VA,,VA,2026-04-21,,72,Closure,https://www.vec.virginia.gov/warn-notices
Maverick Washington LLC / Silver Dollar SeaTac Casino,MAVERICK WASHINGTON / SILVER DOLLAR SEATAC CASINO,Seattle,,WA,2026-04-21,2026-06-30,65,Permanent,https://esd.wa.gov/about-employees/WARN
ZoomCare,ZOOMCARE,Bellevue & Remote,,WA,2026-04-16,2026-06-15,36,Permanent,https://esd.wa.gov/about-employees/WARN
Saddle Creek Corporation,SADDLE CREEK,New Caney,Montgomery,TX,2026-04-15,2026-06-11,168,,https://data.texas.gov/d/8w53-c4f6
Snap Inc.,SNAP,"Bellevue, Seattle, Vancouver",,WA,2026-04-15,2026-04-16,95,Permanent,https://esd.wa.gov/about-employees/WARN
"T-Mobile USA, Inc.",T-MOBILE,Austin,Travis,TX,2026-04-14,2026-06-08,74,,https://data.texas.gov/d/8w53-c4f6
Central Garden &amp; Pet,CENTRAL GARDEN AMP; PET,Richmond VA,,VA,2026-04-14,,94,Closure,https://www.vec.virginia.gov/warn-notices
The Fresh Market,THE FRESH MARKET,Montvale,,NJ,,2026-04-12,55,,https://www.nj.gov/labor/employer-services/warn/
ERMC,ERMC,"Atlanta, GA (work location: Newark International Airport)",,NJ,,2026-04-11,205,,https://www.nj.gov/labor/employer-services/warn/
Lifetime Brands,LIFETIME BRANDS,Robbinsville,,NJ,,2026-04-10,140,,https://www.nj.gov/labor/employer-services/warn/
SFC Global Supply Chain,SFC GLOBAL SUPPLY CHAIN,Robbinsville,,NJ,,2026-04-10,170,,https://www.nj.gov/labor/employer-services/warn/
Voyant Beauty,VOYANT BEAUTY,Roanoke VA,,VA,2026-04-10,,95,Closure,https://www.vec.virginia.gov/warn-notices
"Astellas US Holding, Inc.",ASTELLAS HOLDING,Seattle,,WA,2026-04-10,2026-07-01,50,Permanent,https://esd.wa.gov/about-employees/WARN
"Ampac Mobile Holdings, LLC (ProAmpac)",AMPAC MOBILE HOLDINGS (PROAMPAC),Grand Prairie,Tarrant,TX,2026-04-08,2026-06-07,52,,https://data.texas.gov/d/8w53-c4f6
Spectra Laboratories,SPECTRA LABORATORIES,Rockleigh,,NJ,,2026-04-07,57,,https://www.nj.gov/labor/employer-services/warn/
"Sodexo (SDH Services East, LLC) HCA Southeast Texas Medical Center",SODEXO (SDH EAST ) HCA SOUTHEAST TEXAS MEDICAL CENTER,Pasadena,Harris,TX,2026-04-06,2026-06-13,63,,https://data.texas.gov/d/8w53-c4f6
"Sodexo (SDH Services East, LLC) HCA Women's Hospital of Texas",SODEXO (SDH EAST ) HCA WOMEN'S HOSPITAL OF TEXAS,Houston,Harris,TX,2026-04-06,2026-06-13,66,,https://data.texas.gov/d/8w53-c4f6
"Sodexo (SDH Services East, LLC) HCA Clear Lake",SODEXO (SDH EAST ) HCA CLEAR LAKE,Webster,Harris,TX,2026-04-06,2026-06-13,86,,https://data.texas.gov/d/8w53-c4f6
"Sodexo (SDH Services East, LLC) HCA Kingwood",SODEXO (SDH EAST ) HCA KINGWOOD,Kingwood,Harris,TX,2026-04-06,2026-06-13,81,,https://data.texas.gov/d/8w53-c4f6
Direct Marketing Solutions,DIRECT MARKETING,Portland,,OR,2026-04-06,2026-06-05,53,Large Layoff - 10 or more workers,https://data.oregon.gov/d/ijbz-jpx8
Sumner St - Portland,SUMNER ST - PORTLAND,Portland,,OR,2026-04-06,2026-06-05,53,Large Layoff - 10 or more workers,https://data.oregon.gov/d/ijbz-jpx8
DSV Contract Logistics (3PL Logistics Facility),DSV CONTRACT LOGISTICS (3PL LOGISTICS FACILITY),Wilmer,Dallas,TX,2026-04-02,2026-04-30,391,,https://data.texas.gov/d/8w53-c4f6
Troutdale Facility,TROUTDALE FACILITY,Troutdale,,OR,2026-04-02,2026-09-30,65,Large Layoff - 10 or more workers,https://data.oregon.gov/d/ijbz-jpx8
Hyatt Regency (South Congress Hotel),HYATT REGENCY (SOUTH CONGRESS HOTEL),Austin,Travis,TX,2026-03-31,2026-05-31,126,,https://data.texas.gov/d/8w53-c4f6
"Compass Group USA, Inc. (d/b/a Chartwell's Higher Education (Texas State University)",COMPASS GROUP (D/B/A CHARTWELL'S HIGHER EDUCATION (TEXAS STATE UNIVERSITY),San Marcos,Hays,TX,2026-03-31,2026-05-31,183,,https://data.texas.gov/d/8w53-c4f6
International Real Estate Partners US Corp,INTERNATIONAL REAL ESTATE PARTNERS,New Providence,,NJ,,2026-03-31,61,,https://www.nj.gov/labor/employer-services/warn/
Macy's Retail Holdings,MACY'S RETAIL HOLDINGS,"Paramus, Livingston, Ramsey",,NJ,,2026-03-31,89,,https://www.nj.gov/labor/employer-services/warn/
Fiserv Solutions LLC,FISERV,Berkeley Heights,,NJ,,2026-03-31,118,,https://www.nj.gov/labor/employer-services/warn/
Everest Group,EVEREST GROUP,Warren,,NJ,,2026-03-31,110,,https://www.nj.gov/labor/employer-services/warn/
Pioneer Credit Recovery,PIONEER CREDIT RECOVERY,Burlington,,NJ,,2026-03-31,180,,https://www.nj.gov/labor/employer-services/warn/
PCA (Packaging Corporation of America),PCA (PACKAGING OF AMERICA),Richmond VA,,VA,2026-03-31,,109,Closure,https://www.vec.virginia.gov/warn-notices
"Meta Platforms, Inc",META PLATFORMS,"Seattle, Bellevue, Redmond",,WA,2026-03-31,2026-05-08,168,Permanent,https://esd.wa.gov/about-employees/WARN
"Oracle America, Inc.",ORACLE AMERICA,Seattle and Remote,,WA,2026-03-31,2026-06-01,475,Permanent,https://esd.wa.gov/about-employees/WARN
Sunstone Way,SUNSTONE WAY,Portland,,OR,2026-03-27,2026-06-30,175,Permanent closure,https://data.oregon.gov/d/ijbz-jpx8
Starbucks,STARBUCKS,Seattle,,WA,2026-03-27,2026-03-29,69,Permanent,https://esd.wa.gov/about-employees/WARN
"CPLC Texas, Inc. (Magnolia ORR Site)",CPLC TEXAS (MAGNOLIA ORR SITE),Los Fresnos,Cameron,TX,2026-03-26,2026-03-31,56,,https://data.texas.gov/d/8w53-c4f6
Endeavors Eagle Lake Children's Center (Eagle Lake),ENDEAVORS EAGLE LAKE CHILDREN'S CENTER (EAGLE LAKE),Eagle Lake,Colorado,TX,2026-03-26,2026-03-24,88,,https://data.texas.gov/d/8w53-c4f6
Tempus Holding INC. d/b/a The Lodge Card Club,TEMPUS HOLDING D/B/A THE LODGE CARD CLUB,Round Rock,Travis,TX,2026-03-26,2026-03-24,144,,https://data.texas.gov/d/8w53-c4f6
Horizon Air - Rogue Valley Internationa,HORIZON AIR - ROGUE VALLEY INTERNATIONA,Medford,,OR,2026-03-26,2026-05-31,78,Large Layoff - 10 or more workers,https://data.oregon.gov/d/ijbz-jpx8
Albertsons #4286 (W. Freeway),ALBERTSONS #4286 (W FREEWAY),Fort Worth,Tarrant,TX,2026-03-25,2026-04-25,56,,https://data.texas.gov/d/8w53-c4f6
Albertsons #106 (Euless),ALBERTSONS #106 (EULESS),Euless,Tarrant,TX,2026-03-25,2026-04-25,82,,https://data.texas.gov/d/8w53-c4f6
"Epic Games, Inc.",EPIC GAMES,Bellevue,,WA,2026-03-24,2026-03-27,82,Permanent,https://esd.wa.gov/about-employees/WARN
"Blue Star Growers, Inc.",BLUE STAR GROWERS,Cashmere,,WA,2026-03-20,2026-05-19,143,Permanent,https://esd.wa.gov/about-employees/WARN
BAE Systems,BAE SYSTEMS,Vienna VA,,VA,2026-03-19,,119,Layoff,https://www.vec.virginia.gov/warn-notices
Bering Global Solutions (BGS),BERING GLOBAL (BGS),Arlington VA,,VA,2026-03-18,,108,Layoff,https://www.vec.virginia.gov/warn-notices
"Blue Bird, Inc.",BLUE BIRD,Wenatchee,,WA,2026-03-17,2026-05-16,82,Permanent,https://esd.wa.gov/about-employees/WARN
Heights University Hospital,HEIGHTS UNIVERSITY HOSPITAL,Jersey City,,NJ,,2026-03-16,65,,https://www.nj.gov/labor/employer-services/warn/
OTB Hospitality,OTB HOSPITALITY,Paramus,,NJ,,2026-03-13,62,,https://www.nj.gov/labor/employer-services/warn/
"John I. Haas, Inc.",JOHN I HAAS,Yakima,,WA,2026-03-13,2026-05-15,12,Temporary,https://esd.wa.gov/about-employees/WARN
"Rise Baking Company, LLC",RISE BAKING,Kent,,WA,2026-03-12,2026-08-07,120,Permanent,https://esd.wa.gov/about-employees/WARN
Anheuser Busch LLC,ANHEUSER BUSCH,Newark,,NJ,,2026-03-11,151,,https://www.nj.gov/labor/employer-services/warn/
"Atlassian US, Inc.",ATLASSIAN,Bellevue,,WA,2026-03-11,2026-03-13,63,Permanent,https://esd.wa.gov/about-employees/WARN
"Agrimacs, Inc.",AGRIMACS,Chelan,,WA,2026-03-09,2026-05-08,145,Permanent,https://esd.wa.gov/about-employees/WARN
Macy's,MACY'S,Statewide,,NJ,,2026-03-07,79,,https://www.nj.gov/labor/employer-services/warn/
Saks & Company LLC (Saks Fifth Avenue - San Antonio),SAKS (SAKS FIFTH AVENUE - SAN ANTONIO),San Antonio,Bexar,TX,2026-03-06,2026-05-06,71,,https://data.texas.gov/d/8w53-c4f6
Saks &amp; Company LLC (Saks Fifth Avenue Store),SAKS AMP; (SAKS FIFTH AVENUE STORE),McLean VA,,VA,2026-03-06,,70,Closure,https://www.vec.virginia.gov/warn-notices
Ashley Furniture Industries (Mesquite),ASHLEY FURNITURE INDUSTRIES (MESQUITE),Mesquite,Dallas,TX,2026-03-05,2026-05-07,266,,https://data.texas.gov/d/8w53-c4f6
CHS Northwest,CHS NORTHWEST,"Whatcom, County",,WA,2026-03-05,2026-05-05,57,Permanent,https://esd.wa.gov/about-employees/WARN
C2 Technologies,C2,Virtual,,WA,2026-03-05,2026-03-06,1,Permanent,https://esd.wa.gov/about-employees/WARN
First Brands Group LLC. (ASC Facility),FIRST BRANDS GROUP (ASC FACILITY),Brownsville,Cameron,TX,2026-03-04,2026-04-30,43,,https://data.texas.gov/d/8w53-c4f6
"First Brands Group, LLC. (Titan Dist. Center)",FIRST BRANDS GROUP (TITAN DIST CENTER),Brownsville,Cameron,TX,2026-03-04,2026-04-30,183,,https://data.texas.gov/d/8w53-c4f6
"First Brands Group, LLC(Billy Mitchell)",FIRST BRANDS GROUP (BILLY MITCHELL),Brownsville,Cameron,TX,2026-03-04,2026-04-30,345,,https://data.texas.gov/d/8w53-c4f6
"Campbell Soup Supply Company, LLC",CAMPBELL SOUP SUPPLY,Paris,Lamar,TX,2026-03-03,2026-05-01,205,,https://data.texas.gov/d/8w53-c4f6
Refresco Beverages US Inc,REFRESCO BEVERAGES,Walla Walla,,WA,2026-03-03,2026-05-02,58,Permanent,https://esd.wa.gov/about-employees/WARN
Northwest Hardwoods,NORTHWEST HARDWOODS,Centralia,,WA,2026-03-03,2026-03-05,70,Permanent,https://esd.wa.gov/about-employees/WARN
Reckitt Benckiser,RECKITT BENCKISER,Parsippany,,NJ,,2026-03-02,62,,https://www.nj.gov/labor/employer-services/warn/
RB Health,RB HEALTH,Parsippany,,NJ,,2026-03-02,14,,https://www.nj.gov/labor/employer-services/warn/
Mead Johnson,MEAD JOHNSON,Parsippany,,NJ,,2026-03-02,18,,https://www.nj.gov/labor/employer-services/warn/
Reckitt Benckiser LLC,RECKITT BENCKISER,Nutley,,NJ,,2026-03-02,57,,https://www.nj.gov/labor/employer-services/warn/
CMC Energy Services,CMC ENERGY,Hamilton,,NJ,,2026-03-02,89,,https://www.nj.gov/labor/employer-services/warn/
C2 Technologies,C2,McLean VA,,VA,2026-03-02,,2,Layoff,https://www.vec.virginia.gov/warn-notices
"MicroVision, Inc.",MICROVISION,Redmond,,WA,2026-03-02,2026-04-30,49,Permanent,https://esd.wa.gov/about-employees/WARN
Doosan GridTech,DOOSAN GRIDTECH,Bellevue,,WA,2026-03-02,2026-05-01,18,Permanent,https://esd.wa.gov/about-employees/WARN
Intercept Pharmaceuticals,INTERCEPT PHARMACEUTICALS,Morristown,,NJ,,2026-02-28,146,,https://www.nj.gov/labor/employer-services/warn/
"IPIC Theaters, LLC",IPIC THEATERS,Redmond,,WA,2026-02-27,2026-04-28,64,Permanent,https://esd.wa.gov/about-employees/WARN
Speyside Bourbon Cooperage in Virginia Inc.,SPEYSIDE BOURBON COOPERAGE IN VIRGINIA,Atkins VA,,VA,2026-02-23,,52,Layoff,https://www.vec.virginia.gov/warn-notices
Merck,MERCK,Rahway,,NJ,,2026-02-20,204,,https://www.nj.gov/labor/employer-services/warn/
Verizon,VERIZON,Basking Ridge,,NJ,,2026-02-20,1319,,https://www.nj.gov/labor/employer-services/warn/
"Main Street Sports Group, LLC.",MAIN STREET SPORTS GROUP,The Woodlands,Montgomery,TX,2026-02-19,2026-04-14,18,,https://data.texas.gov/d/8w53-c4f6
Bluum USA Inc.,BLUUM,Irving,Dallas,TX,2026-02-19,2026-04-20,60,,https://data.texas.gov/d/8w53-c4f6
Stockyards Hotel and H3 Ranch,STOCKYARDS HOTEL AND H3 RANCH,Fort Worth,Tarrant,TX,2026-02-19,2026-04-06,120,,https://data.texas.gov/d/8w53-c4f6
Wonder Group,WONDER GROUP,Englewood,,NJ,,2026-02-19,121,,https://www.nj.gov/labor/employer-services/warn/
CHS Northwest,CHS NORTHWEST,Various locations in Washington,,WA,2026-02-19,2026-04-19,38,Permanent,https://esd.wa.gov/about-employees/WARN
Walgreens (Greens Rd.),WALGREENS (GREENS RD ),Houston,Harris,TX,2026-02-18,2026-06-01,159,,https://data.texas.gov/d/8w53-c4f6
Barclays Services Corporation,BARCLAYS,Whippany,,NJ,,2026-02-18,80,,https://www.nj.gov/labor/employer-services/warn/
JC Penney,JC PENNEY,Springfield VA,,VA,2026-02-18,,74,Closure,https://www.vec.virginia.gov/warn-notices
AOL,AOL,Reston VA,,VA,2026-02-17,,108,Layoff,https://www.vec.virginia.gov/warn-notices
Huntington Ingall Industries (HII) Mission Technologies,HUNTINGTON INGALL INDUSTRIES (HII) MISSION,Virginia Beach VA,,VA,2026-02-17,,74,Layoff,https://www.vec.virginia.gov/warn-notices
"Peshastin Pear Packers, LLC.",PESHASTIN PEAR PACKERS,Peshastin,,WA,2026-02-16,2026-04-23,31,Permanent,https://esd.wa.gov/about-employees/WARN
Oregon - Remote Employees,OREGON - REMOTE EMPLOYEES,,,OR,2026-02-13,2026-04-19,2,Reduction,https://data.oregon.gov/d/ijbz-jpx8
Albany/Millersburg,ALBANY/MILLERSBURG,Albany,,OR,2026-02-13,2026-04-19,1,Reduction,https://data.oregon.gov/d/ijbz-jpx8
Bristol Myers Squibb (BMS),BRISTOL MYERS SQUIBB (BMS),Lawrence Twp,,NJ,,2026-02-12,110,,https://www.nj.gov/labor/employer-services/warn/
Comerica Bank(Frisco Star Tower Facility),COMERICA BANK(FRISCO STAR TOWER FACILITY),Frisco,Denton,TX,2026-02-11,2026-04-24,54,,https://data.texas.gov/d/8w53-c4f6
PeaceHealth,PEACEHEALTH,Various locations in Washington,,WA,2026-02-11,2026-04-12,94,Permanent,https://esd.wa.gov/about-employees/WARN
Saks &amp; Company LLC (Saks Fifth Avenue Store),SAKS AMP; (SAKS FIFTH AVENUE STORE),Richmond VA,,VA,2026-02-10,,40,Closure,https://www.vec.virginia.gov/warn-notices
Randalls #3067,RANDALLS #3067,Houston,Harris,TX,2026-02-09,2026-04-18,94,,https://data.texas.gov/d/8w53-c4f6
Eddie Bauer LLC,EDDIE BAUER,Seattle,,WA,2026-02-09,2026-04-15,60,Permanent,https://esd.wa.gov/about-employees/WARN
Congdon Packing Company,CONGDON PACKING,Yakima,,WA,2026-02-09,2026-04-15,102,Permanent,https://esd.wa.gov/about-employees/WARN
Acme,ACME,Sussex,,NJ,,2026-02-07,71,,https://www.nj.gov/labor/employer-services/warn/
Hudson News Distributors,HUDSON NEWS DISTRIBUTORS,Parsippany,,NJ,,2026-02-06,236,,https://www.nj.gov/labor/employer-services/warn/
Liberty Dental Plan Corporation,LIBERTY DENTAL PLAN,Staunton VA,,VA,2026-02-05,,0,Layoff,https://www.vec.virginia.gov/warn-notices
"Empower Clinic Services, LLC",EMPOWER CLINIC,Houston,Harris,TX,2026-02-04,2026-02-04,57,,https://data.texas.gov/d/8w53-c4f6
"First Brands Group, LLC",FIRST BRANDS GROUP,Arlington,Tarrant,TX,2026-02-04,2026-01-26,87,,https://data.texas.gov/d/8w53-c4f6
HGS Solutions,HGS,El Paso,El Paso,TX,2026-02-04,2026-03-31,92,,https://data.texas.gov/d/8w53-c4f6
Riddle Plywood facility,RIDDLE PLYWOOD FACILITY,Riddle,,OR,2026-02-04,2026-04-05,146,Large Layoff - 10 or more workers,https://data.oregon.gov/d/ijbz-jpx8
Expedia Group Inc. (Austin),EXPEDIA GROUP (AUSTIN),Austin,Travis,TX,2026-02-03,2026-04-01,100,,https://data.texas.gov/d/8w53-c4f6
Bahama Breeze,BAHAMA BREEZE,Woodbridge VA,,VA,2026-02-03,,62,Closure,https://www.vec.virginia.gov/warn-notices
"GMRI, Inc. dba Bahama Breeze",GMRI DBA BAHAMA BREEZE,Tukwila,,WA,2026-02-03,2026-04-05,93,Permanent,https://esd.wa.gov/about-employees/WARN
Helpful Hands Inc. Joint Base San Antonio-Lackland,HELPFUL HANDS JOINT BASE SAN ANTONIO-LACKLAND,San Antonio,Bexar,TX,2026-02-02,2026-03-31,96,,https://data.texas.gov/d/8w53-c4f6
Janus International Group,JANUS INTERNATIONAL GROUP,Houston,Harris,TX,2026-02-02,2026-04-03,113,,https://data.texas.gov/d/8w53-c4f6
Eddie Bauer,EDDIE BAUER,"Bergen, Morris, Camden, Monmouth, Somerset",,NJ,,2026-02-02,58,,https://www.nj.gov/labor/employer-services/warn/
Optum Care,OPTUM CARE,"Eden Prairie, Minnesota (Offices throughout NJ)",,NJ,,2026-02-02,390,,https://www.nj.gov/labor/employer-services/warn/
Optum Medical Care,OPTUM MEDICAL CARE,Secaucus,,NJ,,2026-02-02,122,,https://www.nj.gov/labor/employer-services/warn/
Optum Services,OPTUM,"Eden Prairie, Minnesota (Offices throughout NJ)",,NJ,,2026-02-02,49,,https://www.nj.gov/labor/employer-services/warn/
Optum Select Management,OPTUM SELECT MANAGEMENT,"Eden Prairie, Minnesota (Offices throughout NJ)",,NJ,,2026-02-02,11,,https://www.nj.gov/labor/employer-services/warn/
CVS,CVS,Parsippany,,NJ,,2026-02-02,61,,https://www.nj.gov/labor/employer-services/warn/
T-Mobile,T-MOBILE,Various locations in Washington,,WA,2026-02-02,2026-04-02,637,Permanent,https://esd.wa.gov/about-employees/WARN
Amazon,AMAZON,Various locations in Washington,,WA,2026-01-30,2026-04-28,2198,Permanent,https://esd.wa.gov/about-employees/WARN
International Paper Company,INTERNATIONAL PAPER,Union Gap,,WA,2026-01-30,2026-04-03,102,Permanent,https://esd.wa.gov/about-employees/WARN
Compass Connections,COMPASS CONNECTIONS,Harlingen,Cameron,TX,2026-01-29,2026-03-29,148,,https://data.texas.gov/d/8w53-c4f6
Kroger-00255,KROGER-00255,Portland,,OR,2026-01-29,2026-04-05,4,Permanent closure,https://data.oregon.gov/d/ijbz-jpx8
Kroger-00040,KROGER-00040,Portland,,OR,2026-01-29,2026-04-05,4,Permanent closure,https://data.oregon.gov/d/ijbz-jpx8
Kroger-00075-Prime,KROGER-00075-PRIME,Portland,,OR,2026-01-29,2026-04-05,4,Permanent closure,https://data.oregon.gov/d/ijbz-jpx8
Kroger-00063,KROGER-00063,Clackamas,,OR,2026-01-29,2026-04-05,4,Permanent closure,https://data.oregon.gov/d/ijbz-jpx8
Kroger-00127-Prime,KROGER-00127-PRIME,Powell Valley,,OR,2026-01-29,2026-04-05,4,Permanent closure,https://data.oregon.gov/d/ijbz-jpx8
Kroger-00153,KROGER-00153,Happy Valley,,OR,2026-01-29,2026-04-05,4,Permanent closure,https://data.oregon.gov/d/ijbz-jpx8
Kroger-00128-Prime,KROGER-00128-PRIME,Portland,,OR,2026-01-29,2026-04-05,4,Permanent closure,https://data.oregon.gov/d/ijbz-jpx8
Kroger-00035,KROGER-00035,Beaverton,,OR,2026-01-29,2026-04-05,3,Permanent closure,https://data.oregon.gov/d/ijbz-jpx8
Kroger-00360-Prime,KROGER-00360-PRIME,Portland,,OR,2026-01-29,2026-04-05,4,Permanent closure,https://data.oregon.gov/d/ijbz-jpx8
Kroger-00135,KROGER-00135,Portland,,OR,2026-01-29,2026-04-05,4,Permanent closure,https://data.oregon.gov/d/ijbz-jpx8
Kroger-00125-Prime,KROGER-00125-PRIME,North Tabor,,OR,2026-01-29,2026-04-05,4,Permanent closure,https://data.oregon.gov/d/ijbz-jpx8
Kroger-00090,KROGER-00090,Salem,,OR,2026-01-29,2026-04-05,4,Permanent closure,https://data.oregon.gov/d/ijbz-jpx8
Kroger-00150-Prime,KROGER-00150-PRIME,Portland,,OR,2026-01-29,2026-04-05,4,Permanent closure,https://data.oregon.gov/d/ijbz-jpx8
Kroger-00240,KROGER-00240,Milwaukie,,OR,2026-01-29,2026-04-05,4,Permanent closure,https://data.oregon.gov/d/ijbz-jpx8
Kroger-00600-Prime,KROGER-00600-PRIME,Portland,,OR,2026-01-29,2026-04-05,4,Permanent closure,https://data.oregon.gov/d/ijbz-jpx8
"Lincare-Brookings, OR",LINCARE-BROOKINGS OR,Brookings,,OR,2026-01-29,2026-04-05,3,Permanent closure,https://data.oregon.gov/d/ijbz-jpx8
Kroger-00516,KROGER-00516,Wilsonville,,OR,2026-01-29,2026-04-05,3,Permanent closure,https://data.oregon.gov/d/ijbz-jpx8
Kroger-00417,KROGER-00417,Eugene,,OR,2026-01-29,2026-04-05,3,Permanent closure,https://data.oregon.gov/d/ijbz-jpx8
Kroger-00660,KROGER-00660,Wood Village,,OR,2026-01-29,2026-04-05,3,Permanent closure,https://data.oregon.gov/d/ijbz-jpx8
Eugene Location,EUGENE LOCATION,Eugene,,OR,2026-01-29,2026-03-31,39,Permanent closure,https://data.oregon.gov/d/ijbz-jpx8
Bend Location,BEND LOCATION,Bend,,OR,2026-01-29,2026-03-31,26,Permanent closure,https://data.oregon.gov/d/ijbz-jpx8
"Three Pirates, LLC dba Point Blank Dist",THREE PIRATES DBA POINT BLANK DIST,Portland,,OR,2026-01-29,2026-03-31,112,Permanent closure,https://data.oregon.gov/d/ijbz-jpx8
Fresenius USA Manufacturing,FRESENIUS MANUFACTURING,Coppell,Dallas,TX,2026-01-28,2026-04-10,67,,https://data.texas.gov/d/8w53-c4f6
Cardone Industries-Arlington,CARDONE INDUSTRIES-ARLINGTON,Arlington,Tarrant,TX,2026-01-28,2026-01-26,87,,https://data.texas.gov/d/8w53-c4f6
Cardone Industries-Harlingen,CARDONE INDUSTRIES-HARLINGEN,Harlingen,Cameron,TX,2026-01-28,2026-01-26,41,,https://data.texas.gov/d/8w53-c4f6
PMI-U.S. Corporate Services (Phillip Morris),PMI-U S CORPORATE (PHILLIP MORRIS),Richmond VA,,VA,2026-01-28,,135,Closure,https://www.vec.virginia.gov/warn-notices
Amazon,AMAZON,"Fairfax, Franconia, Lorton, Alexandria &amp; Falls church VA",,VA,2026-01-28,,691,Layoff,https://www.vec.virginia.gov/warn-notices
"Expedia, Inc.",EXPEDIA,Seattle,,WA,2026-01-28,2026-04-01,162,Permanent,https://esd.wa.gov/about-employees/WARN
Amazon,AMAZON,Various locations in Washington,,WA,2026-01-28,2026-04-28,401,Permanent,https://esd.wa.gov/about-employees/WARN
CHS Northwest,CHS NORTHWEST,Lynden,,WA,2026-01-28,2026-04-01,11,Permanent,https://esd.wa.gov/about-employees/WARN
Bear Express LLC,BEAR EXPRESS,Norfolk &amp; Virginia Beach VA,,VA,2026-01-27,,168,Closure,https://www.vec.virginia.gov/warn-notices
Audible,AUDIBLE,Newark,,NJ,,2026-01-26,67,,https://www.nj.gov/labor/employer-services/warn/
TTEC Government Solutions,TTEC GOVERNMENT,Egg Harbor,,NJ,,2026-01-26,120,,https://www.nj.gov/labor/employer-services/warn/
Amazon,AMAZON,Jersey City,,NJ,,2026-01-26,72,,https://www.nj.gov/labor/employer-services/warn/
Starbucks Coffee Company,STARBUCKS COFFEE,"West New York, Fort Lee, Morristown, Whiting Commons",,NJ,,2026-01-25,47,,https://www.nj.gov/labor/employer-services/warn/
Power Plug Inc. (Houston Manufacturing Company),POWER PLUG (HOUSTON MANUFACTURING ),Houston,Harris,TX,2026-01-23,2026-01-23,74,,https://data.texas.gov/d/8w53-c4f6
DOW Jones & Company,DOW JONES,Princeton,,NJ,,2026-01-23,50,,https://www.nj.gov/labor/employer-services/warn/
Ferring Pharmaceuticals,FERRING PHARMACEUTICALS,Parsippany,,NJ,,2026-01-23,64,,https://www.nj.gov/labor/employer-services/warn/
Future Proof Brands LLC (Austin),FUTURE PROOF BRANDS (AUSTIN),Austin,Travis,TX,2026-01-21,2026-02-21,158,,https://data.texas.gov/d/8w53-c4f6
Leidos,LEIDOS,Ashburn VA,,VA,2026-01-21,,93,Layoff,https://www.vec.virginia.gov/warn-notices
"Tyson Foods, Inc (Amarillo B-Shift Operations) Updated",TYSON FOODS (AMARILLO B-SHIFT OPERATIONS) UPDATED,Amarillo,Potter,TX,2026-01-20,2026-02-24,1761,,https://data.texas.gov/d/8w53-c4f6
"Meta Platforms, Inc",META PLATFORMS,King County,,WA,2026-01-19,2026-03-20,331,Permanent,https://esd.wa.gov/about-employees/WARN
Yokohama Tire Manufacturing Virginia LLC,YOKOHAMA TIRE MANUFACTURING VIRGINIA,Salem VA,,VA,2026-01-16,,533,Closure,https://www.vec.virginia.gov/warn-notices
GAF Materials,GAF MATERIALS,Parsippany,,NJ,,2026-01-15,130,,https://www.nj.gov/labor/employer-services/warn/
Food Service Slicing LLC dba Crunch Pak,FOOD SERVICE SLICING DBA CRUNCH PAK,Selah,,WA,2026-01-15,2026-03-31,101,Permanent,https://esd.wa.gov/about-employees/WARN
Francesca's (Houston),FRANCESCA'S (HOUSTON),Houston,Harris,TX,2026-01-14,2026-01-08,202,,https://data.texas.gov/d/8w53-c4f6
Jefferson Health,JEFFERSON HEALTH,Cherry Hill,,NJ,,2026-01-13,108,,https://www.nj.gov/labor/employer-services/warn/
"Congo, LLC (Updated March 2026)",CONGO (UPDATED MARCH 2026),Lewisville,Denton,TX,2026-01-09,2026-03-13,31,,https://data.texas.gov/d/8w53-c4f6
Compass Inc.,COMPASS,Madison,,NJ,,2026-01-09,110,,https://www.nj.gov/labor/employer-services/warn/
Oregon - Remote Employees,OREGON - REMOTE EMPLOYEES,,,OR,2026-01-08,2026-03-10,1,Permanent closure,https://data.oregon.gov/d/ijbz-jpx8
SMBC Manubank,SMBC MANUBANK,Various VA,,VA,2026-01-08,,6,Closure,https://www.vec.virginia.gov/warn-notices
SMBC Manubank,SMBC MANUBANK,Various locations in Washington,,WA,2026-01-08,2026-03-10,5,Permanent,https://esd.wa.gov/about-employees/WARN
Tessera Therapeutics,TESSERA THERAPEUTICS,Friendswood,Harris,TX,2026-01-07,2026-03-08,2,,https://data.texas.gov/d/8w53-c4f6
ComericA Frisco Star Tower Facility,COMERICA FRISCO STAR TOWER FACILITY,Frisco,Denton,TX,2026-01-07,2026-03-13,184,,https://data.texas.gov/d/8w53-c4f6
Tessera,TESSERA,King County,,WA,2026-01-06,2026-03-08,1,Permanent,https://esd.wa.gov/about-employees/WARN
Swedish Health Services,SWEDISH HEALTH,King and Snohomish Counties,,WA,2026-01-06,2026-03-07,50,Permanent,https://esd.wa.gov/about-employees/WARN
TD Bank N.A.,TD BANK N A,Mount Laurel,,NJ,,2026-01-02,74,,https://www.nj.gov/labor/employer-services/warn/
Harrison Sportservice Inc.,HARRISON SPORTSERVICE,Harrison,,NJ,,2026-01-01,467,,https://www.nj.gov/labor/employer-services/warn/
Novo Nordisk,NOVO NORDISK,Plainsboro,,NJ,,2025-12-31,811,,https://www.nj.gov/labor/employer-services/warn/
BASF,BASF,Florham Park,,NJ,,2025-12-31,66,,https://www.nj.gov/labor/employer-services/warn/
Club Wyndham Atlantic City Skyline,CLUB WYNDHAM ATLANTIC CITY SKYLINE,Atlantic City,,NJ,,2025-12-31,116,,https://www.nj.gov/labor/employer-services/warn/
FedEx Corporation Facility (Ft. Worth),FEDEX FACILITY (FT WORTH),Ft. Worth,Tarrant,TX,2025-12-29,2026-03-02,89,,https://data.texas.gov/d/8w53-c4f6
Vacuum Technique LLC,VACUUM TECHNIQUE,Clackamas,,OR,2025-12-29,2026-04-30,78,Permanent closure,https://data.oregon.gov/d/ijbz-jpx8
Doosan GridTech,DOOSAN GRIDTECH,Bellevue,,WA,2025-12-29,2026-02-27,24,Permanent,https://esd.wa.gov/about-employees/WARN
"Telvista, Inc.",TELVISTA,Dallas,Tarrant,TX,2025-12-26,2026-02-28,110,,https://data.texas.gov/d/8w53-c4f6
"Solgen Power, LLC dba Purelight Power",SOLGEN POWER DBA PURELIGHT POWER,Medford,,OR,2025-12-23,2025-12-23,71,Permanent closure,https://data.oregon.gov/d/ijbz-jpx8
Administrative Office,ADMINISTRATIVE OFFICE,Medford,,OR,2025-12-23,2025-12-23,13,Permanent closure,https://data.oregon.gov/d/ijbz-jpx8
Oregon - Remote Employees,OREGON - REMOTE EMPLOYEES,,,OR,2025-12-23,2025-12-23,25,Permanent closure,https://data.oregon.gov/d/ijbz-jpx8
ABM Texas General Services (SMU),ABM TEXAS GENERAL (SMU),Dallas,Dallas,TX,2025-12-22,2025-03-12,211,,https://data.texas.gov/d/8w53-c4f6
Railcrew Xpress (RCX),RAILCREW XPRESS (RCX),Richmond VA,,VA,2025-12-22,,26,Closure,https://www.vec.virginia.gov/warn-notices
Railcrew Xpress (RCX),RAILCREW XPRESS (RCX),Newport News &amp; Portsmouth  VA,,VA,2025-12-22,,29,Closure,https://www.vec.virginia.gov/warn-notices
OceanFirst Bank,OCEANFIRST BANK,Toms River,,NJ,,2025-12-18,114,,https://www.nj.gov/labor/employer-services/warn/
Spectra Labs,SPECTRA LABS,Rockleigh,,NJ,,2025-12-17,96,,https://www.nj.gov/labor/employer-services/warn/
Amazon,AMAZON,Seattle & Bellevue,,WA,2025-12-13,2026-02-02,84,Permanent,https://esd.wa.gov/about-employees/WARN
"Alstom Transportation, Inc.",ALSTOM TRANSPORTATION,Camden,,NJ,,2025-12-12,117,,https://www.nj.gov/labor/employer-services/warn/
Giant Delivers,GIANT DELIVERS,Manassas VA,,VA,2025-12-12,,90,Closure,https://www.vec.virginia.gov/warn-notices
Bristol Myers Squibb (BMS),BRISTOL MYERS SQUIBB (BMS),Lawrence Twp,,NJ,,2025-12-11,282,,https://www.nj.gov/labor/employer-services/warn/
Packaging Corporation of America,PACKAGING OF AMERICA,Wallula,,WA,2025-12-11,2026-02-09,200,Permanent,https://esd.wa.gov/about-employees/WARN
S&S Activewear,S S ACTIVEWEAR,Irving,Dallas,TX,2025-12-10,2025-12-04,146,,https://data.texas.gov/d/8w53-c4f6
LeeMAH Electronics. Inc.,LEEMAH ELECTRONICS,Richardson,Dallas,TX,2025-12-10,2025-12-08,84,,https://data.texas.gov/d/8w53-c4f6
Wells Fargo and Company - 5th Ave. Port,WELLS FARGO AND - 5TH AVE PORT,Portland,,OR,2025-12-09,2026-02-06,3,Reduction,https://data.oregon.gov/d/ijbz-jpx8
Richmond Print Group,RICHMOND PRINT GROUP,Richmond VA,,VA,2025-12-09,,76,Layoff,https://www.vec.virginia.gov/warn-notices
Citibank,CITIBANK,Jersey City,,NJ,,2025-12-08,67,,https://www.nj.gov/labor/employer-services/warn/
Grand Lux Café LLC,GRAND LUX CAFÉ,Houston,Harris,TX,2025-12-03,2026-01-24,83,,https://data.texas.gov/d/8w53-c4f6
"CRST Expedited, Inc. d/b/a CRST The Transportation Solution, Inc.",CRST EXPEDITED D/B/A CRST THE TRANSPORTATION SOLUTION,Mansfield,Tarrant,TX,2025-12-03,2026-02-26,1,,https://data.texas.gov/d/8w53-c4f6
The Sheraton Arlington Hotel (Urbana Varro Hospitality Management),THE SHERATON ARLINGTON HOTEL (URBANA VARRO HOSPITALITY MANAGEMENT),Arlington,Tarrant,TX,2025-12-02,2026-02-15,110,,https://data.texas.gov/d/8w53-c4f6
Yang Ming (America) Corporation Updated,YANG MING (AMERICA) UPDATED,Houston,Harris,TX,2025-12-02,2025-11-30,105,,https://data.texas.gov/d/8w53-c4f6
Fortrex,FORTREX,Martinsville VA,,VA,2025-12-02,,68,Layoff,https://www.vec.virginia.gov/warn-notices
Nordstrom Portland Rack,NORDSTROM PORTLAND RACK,Portland,,OR,2025-12-01,2026-01-31,37,Permanent closure,https://data.oregon.gov/d/ijbz-jpx8
Vibra Specialty Hospital of Portland,VIBRA SPECIALTY HOSPITAL OF PORTLAND,Portland,,OR,2025-12-01,2026-02-01,310,Permanent closure,https://data.oregon.gov/d/ijbz-jpx8
Essendant,ESSENDANT,Cranbury,,NJ,,2025-12-01,171,,https://www.nj.gov/labor/employer-services/warn/
10 Roads Express LLC,10 ROADS EXPRESS,Harrisonburg VA,,VA,2025-12-01,,70,Closure,https://www.vec.virginia.gov/warn-notices
"Tyson Foods, Inc. (Amarillo B-Shift Operations",TYSON FOODS (AMARILLO B-SHIFT OPERATIONS,Amarillo,Potter,TX,2025-11-26,2026-01-20,1761,,https://data.texas.gov/d/8w53-c4f6
"FedEx Supply Chain Logistics & Electrronics, Inc. (Coppell)",FEDEX SUPPLY CHAIN LOGISTICS ELECTRRONICS (COPPELL),Coppell,Dallas,TX,2025-11-25,2026-01-29,856,,https://data.texas.gov/d/8w53-c4f6
JP Morgan Chase,JP MORGAN CHASE,Jersey City,,NJ,,2025-11-24,58,,https://www.nj.gov/labor/employer-services/warn/
Huntington National Bank,HUNTINGTON NATIONAL BANK,Dallas,Dallas,TX,2025-11-21,2026-01-19,63,,https://data.texas.gov/d/8w53-c4f6
Verizon,VERIZON,Various locations in Washington,,WA,2025-11-21,2026-01-23,165,Permanent,https://esd.wa.gov/about-employees/WARN
Providence Health & Services,PROVIDENCE HEALTH,Various locations in Washington,,WA,2025-11-21,2026-01-20,57,Permanent,https://esd.wa.gov/about-employees/WARN
Oregon - Remote Employees,OREGON - REMOTE EMPLOYEES,,,OR,2025-11-20,2026-02-01,1,Reduction,https://data.oregon.gov/d/ijbz-jpx8
Nordstrom Credit Bank,NORDSTROM CREDIT BANK,Remote in Washington,,WA,2025-11-20,2026-03-01,6,Permanent,https://esd.wa.gov/about-employees/WARN
Nordstrom Credit Bank,NORDSTROM CREDIT BANK,Remote in Washington,,WA,2025-11-20,2026-02-01,2,Permanent,https://esd.wa.gov/about-employees/WARN
United Supermarkets,UNITED SUPERMARKETS,Lubbock,Lubbock,TX,2025-11-19,2026-01-19,126,,https://data.texas.gov/d/8w53-c4f6
The Park Hotel at Meadowlands,THE PARK HOTEL AT MEADOWLANDS,East Rutherford,,NJ,,2025-11-19,167,,https://www.nj.gov/labor/employer-services/warn/
Wood Group USA Inc.,WOOD GROUP,Freeport,Brazoria,TX,2025-11-18,2025-01-05,180,,https://data.texas.gov/d/8w53-c4f6
Harris Teeter,HARRIS TEETER,Franconia VA,,VA,2025-11-18,,91,Closure,https://www.vec.virginia.gov/warn-notices
Meteorcomm LLC,METEORCOMM,Renton,,WA,2025-11-18,2026-01-17,49,Permanent,https://esd.wa.gov/about-employees/WARN
Battelle Memorial Institute / Pacific Northwest National Laboratory,BATTELLE MEMORIAL INSTITUTE / PACIFIC NORTHWEST NATIONAL LABORATORY,Various locations in Washington,,WA,2025-11-18,2025-11-18,68,Permanent,https://esd.wa.gov/about-employees/WARN
"Couchbase, Inc.",COUCHBASE,Austin,Travis,TX,2025-11-17,2026-01-12,11,,https://data.texas.gov/d/8w53-c4f6
Nordstrom Credit Bank,NORDSTROM CREDIT BANK,Remote in Washington,,WA,2025-11-17,2026-02-21,1,Permanent,https://esd.wa.gov/about-employees/WARN
Prudential,PRUDENTIAL,Newark,,NJ,,2025-11-16,63,,https://www.nj.gov/labor/employer-services/warn/
YNAP Corporation,YNAP,Mahwah,,NJ,,2025-11-15,68,,https://www.nj.gov/labor/employer-services/warn/
Dometic Corporation,DOMETIC,Grand Prairie,Dallas,TX,2025-11-14,2026-01-12,54,,https://data.texas.gov/d/8w53-c4f6
Merck & Co.,MERCK,Rahway,,NJ,,2025-11-14,58,,https://www.nj.gov/labor/employer-services/warn/
Amazon-BWI1,AMAZON-BWI1,Sterling VA,,VA,2025-11-14,,247,Closure,https://www.vec.virginia.gov/warn-notices
"The Skillet Group / Skillet SA, LLC",THE SKILLET GROUP / SKILLET SA,Seattle,,WA,2025-11-14,2025-12-12,9,Permanent,https://esd.wa.gov/about-employees/WARN
"The Skillet Group / Skillet Diner, LLC",THE SKILLET GROUP / SKILLET DINER,Seattle,,WA,2025-11-14,2025-11-12,18,Permanent,https://esd.wa.gov/about-employees/WARN
"The Skillet Group / Skillet Street Food, Inc. DBA Skillet Diner Harbor Steps",THE SKILLET GROUP / SKILLET STREET FOOD DBA SKILLET DINER HARBOR STEPS,Seattle,,WA,2025-11-14,2025-11-12,20,Permanent,https://esd.wa.gov/about-employees/WARN
Aloha Facility,ALOHA FACILITY,Aloha,,OR,2025-11-13,2025-09-16,41,Large Layoff - 10 or more workers,https://data.oregon.gov/d/ijbz-jpx8
"Century Blvd., Hillsboro",CENTURY BLVD HILLSBORO,Hillsboro,,OR,2025-11-13,2025-09-16,510,Large Layoff - 10 or more workers,https://data.oregon.gov/d/ijbz-jpx8
"25th Ave., Hillsboro",25TH AVE HILLSBORO,Hillsboro,,OR,2025-11-13,2025-09-16,76,Large Layoff - 10 or more workers,https://data.oregon.gov/d/ijbz-jpx8
"Elam Young Pkwy., Hillsboro",ELAM YOUNG PKWY HILLSBORO,Hillsboro,,OR,2025-11-13,2025-09-16,42,Large Layoff - 10 or more workers,https://data.oregon.gov/d/ijbz-jpx8
Great Floors (Artisan Designer Group),GREAT FLOORS (ARTISAN DESIGNER GROUP),Various locations in Washington,,WA,2025-11-13,2026-01-12,58,Permanent,https://esd.wa.gov/about-employees/WARN
"Solgen Power, LLC, d/b/a Purelight Power",SOLGEN POWER D/B/A PURELIGHT POWER,Various locations in Washington,,WA,2025-11-13,2025-12-23,71,Permanent,https://esd.wa.gov/about-employees/WARN
DLH Solutions (Dallas CMOP),DLH (DALLAS CMOP),Lancaster,Dallas,TX,2025-11-12,2025-11-29,298,,https://data.texas.gov/d/8w53-c4f6
"Dillard's Inc.(Dillard's Texas Central, LLC)",DILLARD'S (DILLARD'S TEXAS CENTRAL ),Plano,Collin,TX,2025-11-08,2026-01-12,93,,https://data.texas.gov/d/8w53-c4f6
Diamond Transportation Services Inc.,DIAMOND TRANSPORTATION,Springfield VA,,VA,2025-11-07,,61,Closure,https://www.vec.virginia.gov/warn-notices
"Rad Power Bikes, Inc.",RAD POWER BIKES,Seattle,,WA,2025-11-07,2026-03-06,64,Permanent,https://esd.wa.gov/about-employees/WARN
"Adams County Public Hospital District #2, DBA East Adams Rural Healthcare",ADAMS COUNTY PUBLIC HOSPITAL DISTRICT #2 DBA EAST ADAMS RURAL HEALTHCARE,Ritzville,,WA,2025-11-07,2026-01-07,108,Permanent,https://esd.wa.gov/about-employees/WARN
AI Fleet,AI FLEET,Austin,Travis,TX,2025-11-06,2025-11-04,56,,https://data.texas.gov/d/8w53-c4f6
Apogee Architectural Metals,APOGEE ARCHITECTURAL METALS,Mesquite,Dallas,TX,2025-11-05,2026-01-03,58,,https://data.texas.gov/d/8w53-c4f6
"Firebird Bulk Carriers, Inc.(Tarzan)",FIREBIRD BULK CARRIERS (TARZAN),Tarzan,Martin,TX,2025-11-04,2025-12-31,1,,https://data.texas.gov/d/8w53-c4f6
"Firebird Bulk Carriers, Inc. (George West)",FIREBIRD BULK CARRIERS (GEORGE WEST),George West,Live Oak,TX,2025-11-04,2025-12-31,21,,https://data.texas.gov/d/8w53-c4f6
"Firebird Bulk Carriers, Inc. (Victoria)",FIREBIRD BULK CARRIERS (VICTORIA),Victoria,Victoria,TX,2025-11-04,2025-12-30,3,,https://data.texas.gov/d/8w53-c4f6
Infineon Technologies Americas Corp.,INFINEON AMERICAS,Lynnwood,,WA,2025-11-04,2025-11-14,61,Permanent,https://esd.wa.gov/about-employees/WARN
Claire's Boutiques Inc.,CLAIRE'S BOUTIQUES,"Bergen, Burlington, Camden, Cumberland, Essex, Gloucester, Hudson, Mercer, Middlesex, Monmouth, Morris, Ocean, Passaic, Somerset, and Union Counties",,NJ,,2025-11-03,155,,https://www.nj.gov/labor/employer-services/warn/
"Natura PCR, LLC",NATURA PCR,Waller,Harris,TX,2025-10-31,2025-10-15,88,,https://data.texas.gov/d/8w53-c4f6
"Firebird Bulk Carriers, Inc (Dayton)",FIREBIRD BULK CARRIERS (DAYTON),Dayton,Liberty,TX,2025-10-31,2025-12-31,2,,https://data.texas.gov/d/8w53-c4f6
"Firebird Bulk Carriers, Inc.(Dilley)",FIREBIRD BULK CARRIERS (DILLEY),Dilley,Frio,TX,2025-10-31,2025-12-31,6,,https://data.texas.gov/d/8w53-c4f6
Ernst & Young,ERNST YOUNG,Hudson & Middlesex Counties,,NJ,,2025-10-31,130,,https://www.nj.gov/labor/employer-services/warn/
Wellmore Energy Compny LLC,WELLMORE ENERGY COMPNY,Big Rock VA,,VA,2025-10-31,,9,Layoff,https://www.vec.virginia.gov/warn-notices
Qbase LLC,QBASE,Reston VA,,VA,2025-10-31,,60,Closure,https://www.vec.virginia.gov/warn-notices
"Phillips Ultrasound, Inc",PHILLIPS ULTRASOUND,Bothell,,WA,2025-10-31,2025-12-31,33,Permanent,https://esd.wa.gov/about-employees/WARN
Tessera,TESSERA,Joint Base Lewis McChord,,WA,2025-10-31,2025-11-01,85,Temporary,https://esd.wa.gov/about-employees/WARN
Pure Hothouse Foods LLC,PURE HOTHOUSE FOODS,San Antonio,Bexar,TX,2025-10-30,2025-12-31,80,,https://data.texas.gov/d/8w53-c4f6
"Firebird Bulk Carriers, Inc. (Bryan)",FIREBIRD BULK CARRIERS (BRYAN),Bryan,Brazos,TX,2025-10-30,2025-12-31,10,,https://data.texas.gov/d/8w53-c4f6
"Firebird Bulk Carriers, Inc. (Carrizo Springs)",FIREBIRD BULK CARRIERS (CARRIZO SPRINGS),Carrizo Springs,Dimmit,TX,2025-10-30,2025-12-31,31,,https://data.texas.gov/d/8w53-c4f6
Becton Dickinson and Company,BECTON DICKINSON AND,Franklin Lakes,,NJ,,2025-10-30,86,,https://www.nj.gov/labor/employer-services/warn/
Inventprise Inc.,INVENTPRISE,Redmond,,WA,2025-10-30,2025-12-31,150,Permanent,https://esd.wa.gov/about-employees/WARN
Green Diamond Resource Company,GREEN DIAMOND RESOURCE,"Seattle, Shelton",,WA,2025-10-30,2025-12-31,42,Permanent,https://esd.wa.gov/about-employees/WARN
TransAlta,TRANSALTA,Centralia,,WA,2025-10-30,2026-01-05,72,Permanent,https://esd.wa.gov/about-employees/WARN
"Cherokee Nation System Solutions, L.L.C.",CHEROKEE NATION SYSTEM,Austin,Travis,TX,2025-10-29,2025-12-19,87,,https://data.texas.gov/d/8w53-c4f6
Wells Fargo & Co. (Lubbock),WELLS FARGO (LUBBOCK),Lubbock,Lubbock,TX,2025-10-29,2025-10-28,225,,https://data.texas.gov/d/8w53-c4f6
"Colonial Savings, F.A.",COLONIAL SAVINGS F A,Fort Worth,Tarrant,TX,2025-10-29,2026-01-01,130,,https://data.texas.gov/d/8w53-c4f6
Tekni-Plex (Dallas Facility),TEKNI-PLEX (DALLAS FACILITY),Dallas,Dallas,TX,2025-10-29,2025-12-26,64,,https://data.texas.gov/d/8w53-c4f6
"Congo, LLC",CONGO,Lewisville,Denton,TX,2025-10-28,2025-12-31,155,,https://data.texas.gov/d/8w53-c4f6
Job1 USA (Haslet),JOB1 (HASLET),Haslet,Tarrant,TX,2025-10-28,2025-11-15,25,,https://data.texas.gov/d/8w53-c4f6
Job1 USA (Fort Worth),JOB1 (FORT WORTH),Fort Worth,Tarrant,TX,2025-10-28,2025-11-15,25,,https://data.texas.gov/d/8w53-c4f6
Job1 USA (Arlington),JOB1 (ARLINGTON),Arlington,Tarrant,TX,2025-10-28,2025-11-15,31,,https://data.texas.gov/d/8w53-c4f6
Wells Fargo and Company - 5th Ave. Port,WELLS FARGO AND - 5TH AVE PORT,Portland,,OR,2025-10-28,2025-12-26,34,Large Layoff - 10 or more workers,https://data.oregon.gov/d/ijbz-jpx8
Wells Fargo and Company - Hawthorne Ave,WELLS FARGO AND - HAWTHORNE AVE,Salem,,OR,2025-10-28,2025-12-26,147,Large Layoff - 10 or more workers,https://data.oregon.gov/d/ijbz-jpx8
Wells Fargo and Company - Walker Rd. Hi,WELLS FARGO AND - WALKER RD HI,Hillsboro,,OR,2025-10-28,2026-03-20,2,Reduction,https://data.oregon.gov/d/ijbz-jpx8
Wells Fargo and Company - Walker Rd. Hi,WELLS FARGO AND - WALKER RD HI,Hillsboro,,OR,2025-10-28,2025-12-26,263,Permanent closure,https://data.oregon.gov/d/ijbz-jpx8
Amazon,AMAZON,Various locations in Washington,,WA,2025-10-28,2026-01-26,2303,Permanent,https://esd.wa.gov/about-employees/WARN
PeaceHealth,PEACEHEALTH,Various locations in Washington,,WA,2025-10-28,2025-12-27,241,Permanent,https://esd.wa.gov/about-employees/WARN
PacificSource,PACIFICSOURCE,Tacoma,,WA,2025-10-28,2025-12-31,4,Permanent,https://esd.wa.gov/about-employees/WARN
Spiral Binding,SPIRAL BINDING,Totowa,,NJ,,2025-10-27,137,,https://www.nj.gov/labor/employer-services/warn/
Heights University Hospital,HEIGHTS UNIVERSITY HOSPITAL,Jersey City,,NJ,,2025-10-25,206,,https://www.nj.gov/labor/employer-services/warn/
Pacific Source - Bend,PACIFIC SOURCE - BEND,Bend,,OR,2025-10-24,2025-12-31,52,Reduction,https://data.oregon.gov/d/ijbz-jpx8
Pacific Source - Medford,PACIFIC SOURCE - MEDFORD,Medford,,OR,2025-10-24,2025-12-31,1,Reduction,https://data.oregon.gov/d/ijbz-jpx8
Pacific Source - Portland,PACIFIC SOURCE - PORTLAND,Portland,,OR,2025-10-24,2025-12-31,38,Reduction,https://data.oregon.gov/d/ijbz-jpx8
Pacific Source,PACIFIC SOURCE,Springfield,,OR,2025-10-24,2025-12-31,153,Large Layoff - 10 or more workers,https://data.oregon.gov/d/ijbz-jpx8
Pacific Source - Salem,PACIFIC SOURCE - SALEM,Salem,,OR,2025-10-24,2025-12-31,21,Reduction,https://data.oregon.gov/d/ijbz-jpx8
JARDE LLC,JARDE,Bremerton,,WA,2025-10-24,2025-10-31,110,Permanent,https://esd.wa.gov/about-employees/WARN
Job1 USA (Houston),JOB1 (HOUSTON),Houston,Harris,TX,2025-10-23,2025-11-15,13,,https://data.texas.gov/d/8w53-c4f6
Job1 USA (San Antonio),JOB1 (SAN ANTONIO),San Antonio,Bexar,TX,2025-10-23,2025-11-15,18,,https://data.texas.gov/d/8w53-c4f6
Rocket Pharmaceuticals,ROCKET PHARMACEUTICALS,Cranbury,,NJ,,2025-10-23,80,,https://www.nj.gov/labor/employer-services/warn/
Top Guard Security,TOP GUARD SECURITY,Richmond VA,,VA,2025-10-23,,79,Closure,https://www.vec.virginia.gov/warn-notices
"Meta Platforms, Inc",META PLATFORMS,"Seattle, Bellevue, Redmond",,WA,2025-10-23,2025-12-22,101,Permanent,https://esd.wa.gov/about-employees/WARN
"Flagstone Foods, LLC (El Paso Plant)",FLAGSTONE FOODS (EL PASO PLANT),El Paso,El Paso,TX,2025-10-22,2025-12-19,225,,https://data.texas.gov/d/8w53-c4f6
Citibank,CITIBANK,Jersey City,,NJ,,2025-10-21,52,,https://www.nj.gov/labor/employer-services/warn/
Merrifield Garden Center Corp,MERRIFIELD GARDEN CENTER,Manassas VA,,VA,2025-10-17,,97,Closure,https://www.vec.virginia.gov/warn-notices
Virginia Mason Franciscan Health Virtual Health Services,VIRGINIA MASON FRANCISCAN HEALTH VIRTUAL HEALTH,Tacoma,,WA,2025-10-17,2026-01-02,5,Permanent,https://esd.wa.gov/about-employees/WARN
"FirstFruits, LLC",FIRSTFRUITS,Prescott,,WA,2025-10-16,2025-11-30,1200,Permanent,https://esd.wa.gov/about-employees/WARN
Above The Dirt LLC,ABOVE THE DIRT,Quincy,,WA,2025-10-16,2025-12-15,392,Permanent,https://esd.wa.gov/about-employees/WARN
Eden Green Technology,EDEN GREEN,Cleburne,Johnson,TX,2025-10-15,2025-12-13,102,,https://data.texas.gov/d/8w53-c4f6
Texas Instruments - Sherman,TEXAS INSTRUMENTS - SHERMAN,Sherman,Grayson,TX,2025-10-15,2025-12-12,19,,https://data.texas.gov/d/8w53-c4f6
United States Patent and Trademark Office (USPTO),UNITED STATES PATENT AND TRADEMARK OFFICE (USPTO),Alexandria VA,,VA,2025-10-14,,126,Closure,https://www.vec.virginia.gov/warn-notices
"M & M Manufacturing, Inc.",M M MANUFACTURING,Houston,Harris,TX,2025-10-13,2025-12-15,75,,https://data.texas.gov/d/8w53-c4f6
"Bags, A Metropolis Company - Portland",BAGS A METROPOLIS - PORTLAND,Portland,,OR,2025-10-13,2025-11-17,157,Large Layoff - 10 or more workers,https://data.oregon.gov/d/ijbz-jpx8
Kenvue,KENVUE,Summit,,NJ,,2025-10-10,69,,https://www.nj.gov/labor/employer-services/warn/
Double M Orchards,DOUBLE M ORCHARDS,Quincy,,WA,2025-10-10,2025-12-05,197,Permanent,https://esd.wa.gov/about-employees/WARN
"Gebbers Farms, Etal",GEBBERS FARMS ETAL,Brewster,,WA,2025-10-10,2025-11-25,3465,Permanent,https://esd.wa.gov/about-employees/WARN
"King Fuji Ranch, Inc.",KING FUJI RANCH,Mattawa,,WA,2025-10-10,2025-11-28,334,Permanent,https://esd.wa.gov/about-employees/WARN
Creative Testing Solutions,CREATIVE TESTING,Austin,Travis,TX,2025-10-09,2025-12-12,91,,https://data.texas.gov/d/8w53-c4f6
Starbucks,STARBUCKS,"Seattle, Kent",,WA,2025-10-09,2025-12-05,974,Permanent,https://esd.wa.gov/about-employees/WARN
"Lion Elastomers Orange, LLC (Orange Plant)",LION ELASTOMERS ORANGE (ORANGE PLANT),Orange,Orange,TX,2025-10-08,2025-12-08,113,,https://data.texas.gov/d/8w53-c4f6
"Meadow Burke, LLC d/b/a Leviat",MEADOW BURKE D/B/A LEVIAT,Fort Worth,Tarrant,TX,2025-10-08,2025-12-02,75,,https://data.texas.gov/d/8w53-c4f6
Wellmore Energy Company LLC,WELLMORE ENERGY,Grundy VA,,VA,2025-10-06,,2,Layoff,https://www.vec.virginia.gov/warn-notices
Wellmore Energy Company LLC,WELLMORE ENERGY,Hurley VA,,VA,2025-10-06,,1,Layoff,https://www.vec.virginia.gov/warn-notices
Wellmore Energy Company LLC,WELLMORE ENERGY,Grundy VA,,VA,2025-10-06,,8,Layoff,https://www.vec.virginia.gov/warn-notices
Wellmore Energy LLC (Paw Paw 2 South),WELLMORE ENERGY (PAW PAW 2 SOUTH),Big Rock VA,,VA,2025-10-06,,95,Layoff,https://www.vec.virginia.gov/warn-notices
Wellmore Energy Company LLC,WELLMORE ENERGY,Big Rock VA,,VA,2025-10-06,,12,Layoff,https://www.vec.virginia.gov/warn-notices
Home Care Delivered Inc.,HOME CARE DELIVERED,Glen Allen VA,,VA,2025-10-06,,73,Layoff,https://www.vec.virginia.gov/warn-notices
"SimplyIOA, LLC",SIMPLYIOA,Olympia,,WA,2025-10-06,2025-12-02,1,Permanent,https://esd.wa.gov/about-employees/WARN
Stemilt Ag Services LLC,STEMILT AG,Wenatchee,,WA,2025-10-06,2025-11-21,1561,Permanent,https://esd.wa.gov/about-employees/WARN
Oregon - Remote Employees,OREGON - REMOTE EMPLOYEES,,,OR,2025-10-03,2025-12-02,1,Small Layoff  1 – 10 workers,https://data.oregon.gov/d/ijbz-jpx8
SimplyIOA LLC,SIMPLYIOA,Spotsylvania VA,,VA,2025-10-03,,1,Closure,https://www.vec.virginia.gov/warn-notices
Peraton,PERATON,Reston VA,,VA,2025-10-03,,92,Layoff,https://www.vec.virginia.gov/warn-notices
Sentara Health,SENTARA HEALTH,Virginia Beach VA,,VA,2025-10-03,,127,Layoff,https://www.vec.virginia.gov/warn-notices
Starbucks,STARBUCKS,Various locations in Washington,,WA,2025-10-03,2025-12-05,338,Permanent,https://esd.wa.gov/about-employees/WARN
Southwest Key Programs-Houston Headquarters,SOUTHWEST KEY PROGRAMS-HOUSTON HEADQUARTERS,Houston,Harris,TX,2025-10-02,2025-11-05,10,,https://data.texas.gov/d/8w53-c4f6
Southwest Key Programs-STX Regional Headquarters,SOUTHWEST KEY PROGRAMS-STX REGIONAL HEADQUARTERS,Brownsville,Cameron,TX,2025-10-02,2025-11-05,12,,https://data.texas.gov/d/8w53-c4f6
Southwest Key Programs-National Headquarters (Austin),SOUTHWEST KEY PROGRAMS-NATIONAL HEADQUARTERS (AUSTIN),Austin,Travis,TX,2025-10-02,2025-11-05,3,,https://data.texas.gov/d/8w53-c4f6
Southwest Key Programs-Casa Rio Grande,SOUTHWEST KEY PROGRAMS-CASA RIO GRANDE,San Benito,Cameron,TX,2025-10-02,2025-11-05,3,,https://data.texas.gov/d/8w53-c4f6
Southwest Key Programs-Casa Nueva Esperanza,SOUTHWEST KEY PROGRAMS-CASA NUEVA ESPERANZA,Brownsville,Cameron,TX,2025-10-02,2025-11-05,8,,https://data.texas.gov/d/8w53-c4f6
Southwest Key Programs-Casa Norma Linda,SOUTHWEST KEY PROGRAMS-CASA NORMA LINDA,Los Fresnos,Cameron,TX,2025-10-02,2025-11-05,3,,https://data.texas.gov/d/8w53-c4f6
Southwest Key Programs-Casa Montezuma,SOUTHWEST KEY PROGRAMS-CASA MONTEZUMA,Channelview,Harris,TX,2025-10-02,2025-11-05,1,,https://data.texas.gov/d/8w53-c4f6
Southwest Key Programs-Casa Houston Reliant,SOUTHWEST KEY PROGRAMS-CASA HOUSTON RELIANT,Houston,Harris,TX,2025-10-02,2025-11-05,1,,https://data.texas.gov/d/8w53-c4f6
Southwest Key Programs-Casita Del Valle,SOUTHWEST KEY PROGRAMS-CASITA DEL VALLE,Clint,El Paso,TX,2025-10-02,2025-11-05,5,,https://data.texas.gov/d/8w53-c4f6
Southwest Key Programs-Casa Canutillo,SOUTHWEST KEY PROGRAMS-CASA CANUTILLO,Canutillo,El Paso,TX,2025-10-02,2025-11-05,2,,https://data.texas.gov/d/8w53-c4f6
J & J Maintenance,J J MAINTENANCE,San Antonio,Bexar,TX,2025-10-02,2025-11-30,279,,https://data.texas.gov/d/8w53-c4f6
Yang Ming (America) Corporation,YANG MING (AMERICA),Houston,Harris,TX,2025-10-01,2025-10-01,118,,https://data.texas.gov/d/8w53-c4f6
Memorial Hermann Health System Senior Living Facility,MEMORIAL HERMANN HEALTH SYSTEM SENIOR LIVING FACILITY,Houston,Harris,TX,2025-10-01,2025-10-01,26,,https://data.texas.gov/d/8w53-c4f6
Farmers New World Life Insurance Company,FARMERS NEW WORLD LIFE INSURANCE,Bellevue,,WA,2025-10-01,2025-10-01,65,Permanent,https://esd.wa.gov/about-employees/WARN
"Oracle America, Inc.",ORACLE AMERICA,Seattle,,WA,2025-10-01,2025-11-03,4,Permanent,https://esd.wa.gov/about-employees/WARN
Manson Growers Orchard Services,MANSON GROWERS ORCHARD,Manson,,WA,2025-10-01,2025-11-30,257,Permanent,https://esd.wa.gov/about-employees/WARN
AgriNorthwest,AGRINORTHWEST,Kennewick,,WA,2025-10-01,2025-11-30,62,Permanent,https://esd.wa.gov/about-employees/WARN
Urban Alchemy (8th Street Shelter),URBAN ALCHEMY (8TH STREET SHELTER),Austin,Travis,TX,2025-09-30,2025-09-30,54,,https://data.texas.gov/d/8w53-c4f6
Holiday Inn Club Vacations Incorporated-The Villages Resort,HOLIDAY INN CLUB VACATIONS -THE VILLAGES RESORT,Flint,Smith,TX,2025-09-30,2025-11-28,82,,https://data.texas.gov/d/8w53-c4f6
Urban Alchemy (Arch Shelter),URBAN ALCHEMY (ARCH SHELTER),Austin,Travis,TX,2025-09-30,2025-09-30,55,,https://data.texas.gov/d/8w53-c4f6
"Seatrium AmFELS, Inc.",SEATRIUM AMFELS,Brownsville,Cameron,TX,2025-09-30,2025-11-28,91,,https://data.texas.gov/d/8w53-c4f6
"DTSV, Inc. (ITC Federal)",DTSV (ITC FEDERAL),Irving,Dallas,TX,2025-09-30,2025-11-30,169,,https://data.texas.gov/d/8w53-c4f6
Wells Fargo Center - Portland,WELLS FARGO CENTER - PORTLAND,Portland,,OR,2025-09-30,2025-11-28,50,Large Layoff - 10 or more workers,https://data.oregon.gov/d/ijbz-jpx8
At Home,AT HOME,"Princeton, Ledgewood, Middletown Township",,NJ,,2025-09-30,77,,https://www.nj.gov/labor/employer-services/warn/
BM Administrative Services,BM ADMINISTRATIVE,Various locations in Washington,,WA,2025-09-30,2025-11-30,268,Permanent,https://esd.wa.gov/about-employees/WARN
Texas Instruments  (DFAB),TEXAS INSTRUMENTS (DFAB),Dallas,Dallas,TX,2025-09-29,2025-12-12,163,,https://data.texas.gov/d/8w53-c4f6
Walmart,WALMART,Federal Way,,WA,2025-09-29,2025-10-31,253,Permanent,https://esd.wa.gov/about-employees/WARN
"Agrimacs, Inc.",AGRIMACS,Chelan,,WA,2025-09-29,2025-11-14,1368,Permanent,https://esd.wa.gov/about-employees/WARN
Mark Anthony Brewing,MARK ANTHONY BREWING,Hillside,,NJ,,2025-09-26,143,,https://www.nj.gov/labor/employer-services/warn/
Kershaw Farm Labor Management,KERSHAW FARM LABOR MANAGEMENT,Yakima,,WA,2025-09-26,2025-11-25,539,Permanent,https://esd.wa.gov/about-employees/WARN
Spirit Airlines (W PGL Warehouse),SPIRIT AIRLINES (W PGL WAREHOUSE),Irving,Dallas,TX,2025-09-25,2025-12-01,51,,https://data.texas.gov/d/8w53-c4f6
"Kira Aerospace, LLC. (NBOC)",KIRA AEROSPACE (NBOC),Palestine,Anderson,TX,2025-09-25,2025-09-30,6,,https://data.texas.gov/d/8w53-c4f6
Dillard Hardwood Plywood Facility,DILLARD HARDWOOD PLYWOOD FACILITY,Dillard,,OR,2025-09-25,2025-10-10,7,Permanent closure,https://data.oregon.gov/d/ijbz-jpx8
Dillard Hardwood Plywood Facility,DILLARD HARDWOOD PLYWOOD FACILITY,Dillard,,OR,2025-09-25,2025-09-25,100,Large Layoff - 10 or more workers,https://data.oregon.gov/d/ijbz-jpx8
Bristol Myers Squibb (BMS),BRISTOL MYERS SQUIBB (BMS),Lawrence Twp,,NJ,,2025-09-25,68,,https://www.nj.gov/labor/employer-services/warn/
Spirit Airlines (IAH),SPIRIT AIRLINES (IAH),Houston,Harris,TX,2025-09-24,2025-12-01,173,,https://data.texas.gov/d/8w53-c4f6
Cottonwood Creek Healthcare Community,COTTONWOOD CREEK HEALTHCARE COMMUNITY,Richardson,Dallas,TX,2025-09-24,2025-12-01,70,,https://data.texas.gov/d/8w53-c4f6
"Gilbert Orchards, Inc.",GILBERT ORCHARDS,Yakima,,WA,2025-09-23,2025-11-22,599,Permanent,https://esd.wa.gov/about-employees/WARN
"Darigold, Inc.",DARIGOLD,Chehalis,,WA,2025-09-23,2025-11-23,55,Permanent,https://esd.wa.gov/about-employees/WARN
Overlake Medical Center & Clinics,OVERLAKE MEDICAL CENTER CLINICS,Bellevue,,WA,2025-09-22,2025-11-23,55,Permanent,https://esd.wa.gov/about-employees/WARN
"Sundquist Fruit, LLC",SUNDQUIST FRUIT,Yakima and Franklin Counties,,WA,2025-09-19,2025-11-20,424,Permanent,https://esd.wa.gov/about-employees/WARN
"Monson Ranches Snake River Orchards, LLC DBA Goose Ridge Vineyards",MONSON RANCHES SNAKE RIVER ORCHARDS DBA GOOSE RIDGE VINEYARDS,Benton City,,WA,2025-09-19,2025-11-07,310,Permanent,https://esd.wa.gov/about-employees/WARN
Sunny Glen Children's Home,SUNNY GLEN CHILDREN'S HOME,Raymondville,Willacy,TX,2025-09-18,2025-11-17,424,,https://data.texas.gov/d/8w53-c4f6
BioReference Health,BIOREFERENCE HEALTH,Elmwood Park,,NJ,,2025-09-18,118,,https://www.nj.gov/labor/employer-services/warn/
ImmunityBio Inc.,IMMUNITYBIO,Halifax Co.  VA,,VA,2025-09-18,,1,Layoff,https://www.vec.virginia.gov/warn-notices
Accelore Group-Amazon Logistics (DDF2-Balch Springs),ACCELORE GROUP-AMAZON LOGISTICS (DDF2-BALCH SPRINGS),Mesquite,Dallas,TX,2025-09-17,2025-11-01,107,,https://data.texas.gov/d/8w53-c4f6
Accelore Group-Amazon Logistics (DDA9- Fort Worth),ACCELORE GROUP-AMAZON LOGISTICS (DDA9- FORT WORTH),Fort Worth,Tarrant,TX,2025-09-17,2025-11-01,107,,https://data.texas.gov/d/8w53-c4f6
Pacific Source,PACIFIC SOURCE,Springfield,,OR,2025-09-17,2025-12-31,56,Large Layoff - 10 or more workers,https://data.oregon.gov/d/ijbz-jpx8
Seattle Children's Hospital,SEATTLE CHILDREN'S HOSPITAL,"Seattle, Bellevue, Everett, Federal Way, Kennewick",,WA,2025-09-17,2025-11-15,154,Permanent,https://esd.wa.gov/about-employees/WARN
"AG Management Group, LLC",AG MANAGEMENT GROUP,Yakima,,WA,2025-09-17,2025-11-19,1276,Permanent,https://esd.wa.gov/about-employees/WARN
"Borton & Sons, Inc.",BORTON SONS,Various locations in Washington,,WA,2025-09-17,2025-11-09,1025,Permanent,https://esd.wa.gov/about-employees/WARN
Hillsboro Facility,HILLSBORO FACILITY,Hillsboro,,OR,2025-09-16,2025-11-15,128,Large Layoff - 10 or more workers,https://data.oregon.gov/d/ijbz-jpx8
Oregon - Remote Employees,OREGON - REMOTE EMPLOYEES,,,OR,2025-09-16,2025-11-15,1,Small Layoff  1 – 10 workers,https://data.oregon.gov/d/ijbz-jpx8
Nike World Headquarters,NIKE WORLD HEADQUARTERS,Beaverton,,OR,2025-09-15,2025-12-15,69,Large Layoff - 10 or more workers,https://data.oregon.gov/d/ijbz-jpx8
KRP Transport,KRP TRANSPORT,Burlington,,NJ,,2025-09-15,298,,https://www.nj.gov/labor/employer-services/warn/
"Cascade View Fruit & Cold Storage, LLC",CASCADE VIEW FRUIT COLD STORAGE,Selah,,WA,2025-09-15,2025-11-16,263,Permanent,https://esd.wa.gov/about-employees/WARN
Columbia Orchard Management,COLUMBIA ORCHARD MANAGEMENT,Wenatchee,,WA,2025-09-15,2025-11-14,898,Permanent,https://esd.wa.gov/about-employees/WARN
NWFM,NWFM,Various locations in Washington,,WA,2025-09-12,2025-11-15,283,Permanent,https://esd.wa.gov/about-employees/WARN
Washington Orchard Management,WASHINGTON ORCHARD MANAGEMENT,Various locations in Washington,,WA,2025-09-11,2025-11-07,336,Temporary,https://esd.wa.gov/about-employees/WARN
"Hill & Smith, Inc.",HILL SMITH,Garland,Dallas,TX,2025-09-10,2025-11-01,46,,https://data.texas.gov/d/8w53-c4f6
Iron hill Brewery,IRON HILL BREWERY,Maple Shade,,NJ,,2025-09-09,108,,https://www.nj.gov/labor/employer-services/warn/
Panera,PANERA,Fairfield,,NJ,,2025-09-08,201,,https://www.nj.gov/labor/employer-services/warn/
Microsoft,MICROSOFT,Redmond,,WA,2025-09-08,2025-11-07,42,Permanent,https://esd.wa.gov/about-employees/WARN
Virginia Mason Franciscan Health Virtual Health Services,VIRGINIA MASON FRANCISCAN HEALTH VIRTUAL HEALTH,Tacoma,,WA,2025-09-08,2025-11-10,24,Permanent,https://esd.wa.gov/about-employees/WARN
Virginia Mason Franciscan Health Insurance Verification,VIRGINIA MASON FRANCISCAN HEALTH INSURANCE VERIFICATION,Tacoma,,WA,2025-09-08,2025-11-07,6,Permanent,https://esd.wa.gov/about-employees/WARN
CyraCom International Inc.,CYRACOM INTERNATIONAL,Houston,Harris,TX,2025-09-04,2025-12-01,327,,https://data.texas.gov/d/8w53-c4f6
"Essendant Management Services, LLC",ESSENDANT MANAGEMENT,Houston,Harris,TX,2025-09-04,2025-11-07,92,,https://data.texas.gov/d/8w53-c4f6
"Condair Operations, LLC",CONDAIR OPERATIONS,Center,Shelby,TX,2025-09-03,2025-11-03,51,,https://data.texas.gov/d/8w53-c4f6
"Oracle America, Inc.",ORACLE AMERICA,Seattle,,WA,2025-09-02,2025-11-03,101,Permanent,https://esd.wa.gov/about-employees/WARN
"Salesforce, Inc.",SALESFORCE,"Seattle, Bellevue",,WA,2025-09-02,2025-11-03,93,Permanent,https://esd.wa.gov/about-employees/WARN
Accenture,ACCENTURE,Morristown,,NJ,,2025-08-29,71,,https://www.nj.gov/labor/employer-services/warn/
Paradies Lagardere,PARADIES LAGARDERE,Arlington VA,,VA,2025-08-28,,55,Closure,https://www.vec.virginia.gov/warn-notices
Providence Health & Services,PROVIDENCE HEALTH,Seattle,,WA,2025-08-28,2025-10-25,5,Permanent,https://esd.wa.gov/about-employees/WARN
MPW Services,MPW,Austin,Travis,TX,2025-08-27,2025-09-01,82,,https://data.texas.gov/d/8w53-c4f6
Parkdale,PARKDALE,Hillsville VA,,VA,2025-08-26,,68,Closure,https://www.vec.virginia.gov/warn-notices
Butler Human Services a Sauder Manufacturing Co. Brand,BUTLER HUMAN A SAUDER MANUFACTURING BRAND,Chase City  VA,,VA,2025-08-25,,51,Closure,https://www.vec.virginia.gov/warn-notices
"Rec Room, Inc.",REC ROOM,Seattle,,WA,2025-08-25,2025-10-26,141,Permanent,https://esd.wa.gov/about-employees/WARN
Pfizer,PFIZER,Bothell,,WA,2025-08-25,2025-08-25,100,Permanent,https://esd.wa.gov/about-employees/WARN
Walmart,WALMART,Hoboken,,NJ,,2025-08-22,187,,https://www.nj.gov/labor/employer-services/warn/
Fred Meyer,FRED MEYER,Kent,,WA,2025-08-22,2025-10-17,172,Permanent,https://esd.wa.gov/about-employees/WARN
Fred Meyer,FRED MEYER,Everett,,WA,2025-08-22,2025-10-17,189,Permanent,https://esd.wa.gov/about-employees/WARN
Fred Meyer,FRED MEYER,Redmond,,WA,2025-08-22,2025-10-18,194,Permanent,https://esd.wa.gov/about-employees/WARN
Fred Meyer,FRED MEYER,Seattle,,WA,2025-08-22,2025-10-18,201,Permanent,https://esd.wa.gov/about-employees/WARN
Nordstrom Credit Bank,NORDSTROM CREDIT BANK,Remote in Washington,,WA,2025-08-21,2025-11-15,1,Permanent,https://esd.wa.gov/about-employees/WARN
"Tech Werks, LLC (San Antonio)",TECH WERKS (SAN ANTONIO),San Antonio,Bexar,TX,2025-08-20,2025-09-15,87,,https://data.texas.gov/d/8w53-c4f6
Remote Workers - Oregon,REMOTE WORKERS - OREGON,,,OR,2025-08-20,2025-10-19,9,Permanent closure,https://data.oregon.gov/d/ijbz-jpx8
Remote Workers,REMOTE WORKERS,,,OR,2025-08-20,2025-10-19,16,Permanent closure,https://data.oregon.gov/d/ijbz-jpx8
"Car Toys, Inc.",CAR TOYS,Various locations in Washington,,WA,2025-08-19,2025-10-20,177,Permanent,https://esd.wa.gov/about-employees/WARN
"Promises Behavioral Health, LLC",PROMISES BEHAVIORAL HEALTH,Wimberley,Hays,TX,2025-08-18,2025-10-17,58,,https://data.texas.gov/d/8w53-c4f6
"Zeco Systems, Inc. dba Shell EV Chargin",ZECO SYSTEMS DBA SHELL EV CHARGIN,Los Angeles,,OR,2025-08-18,,0,Large Layoff - 10 or more workers,https://data.oregon.gov/d/ijbz-jpx8
"Zeco Systems, Inc.",ZECO SYSTEMS,Various locations in Washington,,WA,2025-08-18,2025-10-31,6,Permanent,https://esd.wa.gov/about-employees/WARN
TransAxle,TRANSAXLE,Cinnaminson,,NJ,,2025-08-15,129,,https://www.nj.gov/labor/employer-services/warn/
T-Mobile,T-MOBILE,King County,,WA,2025-08-15,2025-10-13,131,Permanent,https://esd.wa.gov/about-employees/WARN
"CarOffer, LLC",CAROFFER,Addison,Dallas,TX,2025-08-13,2025-10-06,101,,https://data.texas.gov/d/8w53-c4f6
Seviroli Foods,SEVIROLI FOODS,Bellmawr,,NJ,,2025-08-13,77,,https://www.nj.gov/labor/employer-services/warn/
"Oracle America, Inc.",ORACLE AMERICA,Seattle,,WA,2025-08-13,2025-10-13,161,Permanent,https://esd.wa.gov/about-employees/WARN
Oregon - Remote Employees,OREGON - REMOTE EMPLOYEES,,,OR,2025-08-12,2025-10-13,23,Large Layoff - 10 or more workers,https://data.oregon.gov/d/ijbz-jpx8
TEKsystems,TEKSYSTEMS,Secaucus,,NJ,,2025-08-12,58,,https://www.nj.gov/labor/employer-services/warn/
Ranstad US,RANSTAD,Secaucus,,NJ,,2025-08-12,236,,https://www.nj.gov/labor/employer-services/warn/
"F5, Inc.",F5,Seattle and Liberty Lake,,WA,2025-08-12,2025-10-15,106,Permanent,https://esd.wa.gov/about-employees/WARN
"Block, Inc.",BLOCK,Statewide,,WA,2025-08-12,2025-10-13,4,Permanent,https://esd.wa.gov/about-employees/WARN
Lutheran Social Services National Capital Area (LSSNA),LUTHERAN SOCIAL NATIONAL CAPITAL AREA (LSSNA),Fairfax &amp; Woodbridge VA,,VA,2025-08-11,,52,Layoff,https://www.vec.virginia.gov/warn-notices
Providence Health & Services,PROVIDENCE HEALTH,Various locations in Washington,,WA,2025-08-08,2025-10-07,126,Permanent,https://esd.wa.gov/about-employees/WARN
"Southwest Key Programs, Inc. (Casa Canutillo)",SOUTHWEST KEY PROGRAMS (CASA CANUTILLO),Canutillo,El Paso,TX,2025-08-06,2025-10-05,3,,https://data.texas.gov/d/8w53-c4f6
"Southwest Key Programs, Inc. (Casa Rio Grande)",SOUTHWEST KEY PROGRAMS (CASA RIO GRANDE),San Benito,Cameron,TX,2025-08-06,2025-10-05,3,,https://data.texas.gov/d/8w53-c4f6
"Southwest Key Programs, Inc. (Casa Norma Linda)",SOUTHWEST KEY PROGRAMS (CASA NORMA LINDA),Los Fresnos,Cameron,TX,2025-08-06,2025-10-05,3,,https://data.texas.gov/d/8w53-c4f6
"Southwest Key Programs, Inc. (Casa Franklin)",SOUTHWEST KEY PROGRAMS (CASA FRANKLIN),El Paso,El Paso,TX,2025-08-06,2025-10-05,1,,https://data.texas.gov/d/8w53-c4f6
"Southwest Key Programs, Inc.(South Texas HQ)",SOUTHWEST KEY PROGRAMS (SOUTH TEXAS HQ),Brownsville,Cameron,TX,2025-08-06,2025-10-05,13,,https://data.texas.gov/d/8w53-c4f6
"Southwest Key Programs, Inc.(Casa Nueva Esperanza)",SOUTHWEST KEY PROGRAMS (CASA NUEVA ESPERANZA),Brownsville,Cameron,TX,2025-08-06,2025-10-05,9,,https://data.texas.gov/d/8w53-c4f6
"Southwest Key Programs, Inc. La Esperanza)",SOUTHWEST KEY PROGRAMS LA ESPERANZA),Brownsville,Cameron,TX,2025-08-06,2025-10-05,4,,https://data.texas.gov/d/8w53-c4f6
"Southwest Key Programs, Inc. (SWK National Headquarters)",SOUTHWEST KEY PROGRAMS (SWK NATIONAL HEADQUARTERS),Austin,Travis,TX,2025-08-06,2025-10-06,45,,https://data.texas.gov/d/8w53-c4f6
"Solarcycle, Inc.",SOLARCYCLE,Odessa,Ector,TX,2025-08-06,2025-10-06,70,,https://data.texas.gov/d/8w53-c4f6
UPS (Dallas Facility),UPS (DALLAS FACILITY),Dallas,Dallas,TX,2025-08-06,2025-08-05,62,,https://data.texas.gov/d/8w53-c4f6
JP Morgan Chase,JP MORGAN CHASE,Jersey City,,NJ,,2025-08-04,63,,https://www.nj.gov/labor/employer-services/warn/
Wellmore Energy Company LLC,WELLMORE ENERGY,Big Rock VA,,VA,2025-08-04,,17,Layoff,https://www.vec.virginia.gov/warn-notices
Microsoft,MICROSOFT,Redmond,,WA,2025-08-04,2025-10-03,40,Permanent,https://esd.wa.gov/about-employees/WARN
Jack in the Box,JACK IN THE BOX,Seattle,,WA,2025-08-04,2025-10-03,13,Permanent,https://esd.wa.gov/about-employees/WARN
"Equus Workforce Solutions Houston Opertions- Westheimer Rd. (Arbor E&T, LLC)",EQUUS WORKFORCE HOUSTON OPERTIONS- WESTHEIMER RD (ARBOR E T ),Houston,Harris,TX,2025-08-01,2025-09-30,28,,https://data.texas.gov/d/8w53-c4f6
"Equus Workforce Solutions Houston Opertions- Pearland (Arbor E&T, LLC)",EQUUS WORKFORCE HOUSTON OPERTIONS- PEARLAND (ARBOR E T ),Pearland,Brazoria,TX,2025-08-01,2025-09-30,13,,https://data.texas.gov/d/8w53-c4f6
"Equus Workforce Solutions Houston Opertions- Acres Home (Arbor E&T, LLC)",EQUUS WORKFORCE HOUSTON OPERTIONS- ACRES HOME (ARBOR E T ),Houston,Harris,TX,2025-08-01,2025-09-30,12,,https://data.texas.gov/d/8w53-c4f6
Ashland Inc.,ASHLAND,Sayreville,,NJ,,2025-08-01,55,,https://www.nj.gov/labor/employer-services/warn/
"LevelTen Energy, Inc.",LEVELTEN ENERGY,Seattle,,WA,2025-08-01,2025-08-15,60,Permanent,https://esd.wa.gov/about-employees/WARN
"Southwest Key Programs, Inc. (Casa Montezuma)",SOUTHWEST KEY PROGRAMS (CASA MONTEZUMA),Channelview,Harris,TX,2025-07-31,2025-10-05,238,,https://data.texas.gov/d/8w53-c4f6
"Southwest Key Programs, Inc. (Casa Sueno)",SOUTHWEST KEY PROGRAMS (CASA SUENO),Weslaco,Hidalgo,TX,2025-07-31,2025-10-05,93,,https://data.texas.gov/d/8w53-c4f6
"Southwest Key Programs, Inc. (Casa Oasis)",SOUTHWEST KEY PROGRAMS (CASA OASIS),McAllen,Hidalgo,TX,2025-07-31,2025-10-05,128,,https://data.texas.gov/d/8w53-c4f6
"Southwest Key Programs, Inc. (Casa Sunzal)",SOUTHWEST KEY PROGRAMS (CASA SUNZAL),Houston,Harris,TX,2025-07-31,2025-10-05,223,,https://data.texas.gov/d/8w53-c4f6
"Southwest Key Programs, Inc. (Casa Quetzal)",SOUTHWEST KEY PROGRAMS (CASA QUETZAL),Houston,Harris,TX,2025-07-31,2025-10-05,309,,https://data.texas.gov/d/8w53-c4f6
"Southwest Key Programs, Inc. (Houston HQ)",SOUTHWEST KEY PROGRAMS (HOUSTON HQ),Houston,Harris,TX,2025-07-31,2025-10-05,11,,https://data.texas.gov/d/8w53-c4f6
"Southwest Key Programs, Inc. (Casa Houston Reliant)",SOUTHWEST KEY PROGRAMS (CASA HOUSTON RELIANT),Houston,Harris,TX,2025-07-31,2025-10-05,211,,https://data.texas.gov/d/8w53-c4f6
Planned Parenthood Gulf Coast (Prevention Park Facility),PLANNED PARENTHOOD GULF COAST (PREVENTION PARK FACILITY),Houston,Harris,TX,2025-07-31,2025-09-30,114,,https://data.texas.gov/d/8w53-c4f6
"Turner Industries (Paris, Texas September 2025)",TURNER INDUSTRIES (PARIS TEXAS SEPTEMBER 2025),Paris,Lamar,TX,2025-07-31,2025-09-30,211,,https://data.texas.gov/d/8w53-c4f6
"Equus Workforce Solutions-Buckner Blvd.(Arbor E&T, LLC)",EQUUS WORKFORCE -BUCKNER BLVD (ARBOR E T ),Dallas,Dallas,TX,2025-07-31,2025-09-30,16,,https://data.texas.gov/d/8w53-c4f6
"Equus Workforce Solutions-Malcolm X Blvd.(Arbor E&T, LLC)",EQUUS WORKFORCE -MALCOLM X BLVD (ARBOR E T ),Dallas,Dallas,TX,2025-07-31,2025-09-30,16,,https://data.texas.gov/d/8w53-c4f6
"Equus Workforce Solutions-Alpha Rd.(Arbor E&T, LLC)",EQUUS WORKFORCE -ALPHA RD (ARBOR E T ),Dallas,Dallas,TX,2025-07-31,2025-09-30,17,,https://data.texas.gov/d/8w53-c4f6
"Equus Workforce Solutions-Irving Blvd. (Arbor E&T, LLC)",EQUUS WORKFORCE -IRVING BLVD (ARBOR E T ),Irving,Dallas,TX,2025-07-31,2025-09-30,13,,https://data.texas.gov/d/8w53-c4f6
"Equus Workforce Solutions-Greenville Ave. (Arbor E&T, LLC)",EQUUS WORKFORCE -GREENVILLE AVE (ARBOR E T ),Dallas,Dallas,TX,2025-07-31,2025-09-30,10,,https://data.texas.gov/d/8w53-c4f6
"Equus Workforce Solutions-Highway 161. (Arbor E&T, LLC)",EQUUS WORKFORCE -HIGHWAY 161 (ARBOR E T ),Grand Prairie,Dallas,TX,2025-07-31,2025-09-30,71,,https://data.texas.gov/d/8w53-c4f6
"Equus Workforce Solutions-N.Tenth St. (Arbor E&T, LLC)",EQUUS WORKFORCE -N TENTH ST (ARBOR E T ),Garland,Dallas,TX,2025-07-31,2025-09-30,10,,https://data.texas.gov/d/8w53-c4f6
"Equus Workforce Solutions-Camp Wisdom (Arbor E&T, LLC)",EQUUS WORKFORCE -CAMP WISDOM (ARBOR E T ),Dallas,Dallas,TX,2025-07-31,2025-09-30,1,,https://data.texas.gov/d/8w53-c4f6
GEODIS Logistics,GEODIS LOGISTICS,Monroe Township,,NJ,,2025-07-31,334,,https://www.nj.gov/labor/employer-services/warn/
Prudential,PRUDENTIAL,Newark,,NJ,,2025-07-31,57,,https://www.nj.gov/labor/employer-services/warn/
"Equus Workforce Solutions Weatherford (Arbor E&T, LLC)",EQUUS WORKFORCE WEATHERFORD (ARBOR E T ),Weatherford,Parker,TX,2025-07-30,2025-09-30,16,,https://data.texas.gov/d/8w53-c4f6
"Equus Workforce Solutions Terrell  (Arbor E&T, LLC)",EQUUS WORKFORCE TERRELL (ARBOR E T ),Terrell,Kaufman,TX,2025-07-30,2025-09-30,8,,https://data.texas.gov/d/8w53-c4f6
"Equus Workforce Solutions Stephenville (Arbor E&T, LLC)",EQUUS WORKFORCE STEPHENVILLE (ARBOR E T ),Stephenville,Erath,TX,2025-07-30,2025-09-30,2,,https://data.texas.gov/d/8w53-c4f6
"Equus Workforce Solutions McKinney (Arbor E&T, LLC)",EQUUS WORKFORCE MCKINNEY (ARBOR E T ),McKinney,Collin,TX,2025-07-30,2025-09-30,15,,https://data.texas.gov/d/8w53-c4f6
"Equus Workforce Solutions Greenville (Arbor E&T, LLC)",EQUUS WORKFORCE GREENVILLE (ARBOR E T ),Greenville,Hunt,TX,2025-07-30,2025-09-30,9,,https://data.texas.gov/d/8w53-c4f6
"Equus Workforce Solutions Denton (Arbor E&T, LLC)",EQUUS WORKFORCE DENTON (ARBOR E T ),Denton,Denton,TX,2025-07-30,2025-09-30,27,,https://data.texas.gov/d/8w53-c4f6
"Equus Workforce Solutions Arlington (Arbor E&T, LLC)",EQUUS WORKFORCE ARLINGTON (ARBOR E T ),Arlington,Tarrant,TX,2025-07-30,2025-09-30,4,,https://data.texas.gov/d/8w53-c4f6
Trinity Rail-Trinity Tank Car-Jordan Valley,TRINITY RAIL-TRINITY TANK CAR-JORDAN VALLEY,Longview,Gregg,TX,2025-07-30,2025-09-30,170,,https://data.texas.gov/d/8w53-c4f6
Summit BHC New Jersey,SUMMIT BHC NEW JERSEY,Bridgeton,,NJ,,2025-07-30,96,,https://www.nj.gov/labor/employer-services/warn/
Atlantic Dominion Distributors,ATLANTIC DOMINION DISTRIBUTORS,"Williamsburg &amp; Virginia Beach, VA 23462 VA",,VA,2025-07-30,,104,Closure,https://www.vec.virginia.gov/warn-notices
Portland - Production Facility,PORTLAND - PRODUCTION FACILITY,Portland,,OR,2025-07-29,2025-08-05,90,Large Layoff - 10 or more workers,https://data.oregon.gov/d/ijbz-jpx8
Fred Meyer,FRED MEYER,Tacoma,,WA,2025-07-29,2025-09-27,226,Permanent,https://esd.wa.gov/about-employees/WARN
RV Country Washington LLC,RV COUNTRY WASHINGTON,Kelso,,WA,2025-07-25,2025-09-30,17,Permanent,https://esd.wa.gov/about-employees/WARN
Peraton Balloon Operations (NASA),PERATON BALLOON OPERATIONS (NASA),Palestine,Anderson,TX,2025-07-23,2025-09-30,81,,https://data.texas.gov/d/8w53-c4f6
Rochambeau Logistics Inc.,ROCHAMBEAU LOGISTICS,Hampton VA,,VA,2025-07-22,,63,Closure,https://www.vec.virginia.gov/warn-notices
Chevron Corporation (HESS Corporation),CHEVRON (HESS ),Houston,Harris,TX,2025-07-21,2025-09-26,575,,https://data.texas.gov/d/8w53-c4f6
SM Cargo,SM CARGO,Houston,Harris,TX,2025-07-21,2025-09-21,194,,https://data.texas.gov/d/8w53-c4f6
"Quality Food Centers, Inc",QUALITY FOOD CENTERS,Mill Creek,,WA,2025-07-21,2025-09-03,76,Permanent,https://esd.wa.gov/about-employees/WARN
"KIRA Services, LLC",KIRA,Pacific Beach,,WA,2025-07-18,2025-08-11,7,Permanent,https://esd.wa.gov/about-employees/WARN
"AMERICA, INC., d/b/a LIXIL",AMERICA D/B/A LIXIL,Grand Prairie,Tarrant,TX,2025-07-16,2025-09-08,65,,https://data.texas.gov/d/8w53-c4f6
Store #128,STORE #128,Portland,,OR,2025-07-16,2025-09-20,249,Permanent closure,https://data.oregon.gov/d/ijbz-jpx8
KIRA Services and KIRA Training Services (TLINGIT HAIDA Tribal Business Corporation),KIRA AND KIRA TRAINING (TLINGIT HAIDA TRIBAL BUSINESS ),Virginia Beach VA,,VA,2025-07-15,,46,Layoff,https://www.vec.virginia.gov/warn-notices
BioReference Health,BIOREFERENCE HEALTH,Elmwood Park,,NJ,,2025-07-14,68,,https://www.nj.gov/labor/employer-services/warn/
Omniplex World Services  Corp.,OMNIPLEX WORLD,Chantilly VA,,VA,2025-07-14,,199,Closure,https://www.vec.virginia.gov/warn-notices
Jack in the Box,JACK IN THE BOX,Seattle,,WA,2025-07-14,2025-09-10,12,Permanent,https://esd.wa.gov/about-employees/WARN
Jack in the Box,JACK IN THE BOX,Tukwila,,WA,2025-07-14,2025-09-10,14,Permanent,https://esd.wa.gov/about-employees/WARN
Oregon Mutual,OREGON MUTUAL,McMinnville,,OR,2025-07-11,2025-09-12,10,Reduction,https://data.oregon.gov/d/ijbz-jpx8
Oregon - Remote Employees,OREGON - REMOTE EMPLOYEES,,,OR,2025-07-11,2025-09-12,32,Reduction,https://data.oregon.gov/d/ijbz-jpx8
FIS,FIS,Bellevue,,WA,2025-07-11,2025-09-15,138,Permanent,https://esd.wa.gov/about-employees/WARN
International Paper Company(N. 26th),INTERNATIONAL PAPER (N 26TH),Edinburg,Hidalgo,TX,2025-07-10,2025-09-01,5,,https://data.texas.gov/d/8w53-c4f6
International Paper Company(W. Chaplin),INTERNATIONAL PAPER (W CHAPLIN),Edinburg,Hidalgo,TX,2025-07-10,2025-09-01,66,,https://data.texas.gov/d/8w53-c4f6
International Paper Company(N. Closner Blvd.),INTERNATIONAL PAPER (N CLOSNER BLVD ),Edinburg,Hidalgo,TX,2025-07-10,2025-09-01,66,,https://data.texas.gov/d/8w53-c4f6
"Sodexo, Inc.and Affiliates (Texas Southern University)",SODEXO AND AFFILIATES (TEXAS SOUTHERN UNIVERSITY),Houston,Harris,TX,2025-07-10,2025-07-31,81,,https://data.texas.gov/d/8w53-c4f6
"GSC Transport, Inc.",GSC TRANSPORT,Tacoma,,WA,2025-07-10,2025-07-10,10,Permanent,https://esd.wa.gov/about-employees/WARN
"GSC Solutions, Inc.",GSC,Tacoma,,WA,2025-07-10,2025-07-10,7,Permanent,https://esd.wa.gov/about-employees/WARN
"MacMillan-Piper, LLC.",MACMILLAN-PIPER,"Seattle, Tacoma",,WA,2025-07-10,2025-07-10,92,Permanent,https://esd.wa.gov/about-employees/WARN
"Indeed, Inc.",INDEED,Seattle,,WA,2025-07-10,2025-09-09,92,Permanent,https://esd.wa.gov/about-employees/WARN
Management & Training Corporation (Travis County State Jail),MANAGEMENT TRAINING (TRAVIS COUNTY STATE JAIL),Austin,Travis,TX,2025-07-09,2025-08-31,4,,https://data.texas.gov/d/8w53-c4f6
Management & Training Corporation (Plane State Jail),MANAGEMENT TRAINING (PLANE STATE JAIL),Dayton,Liberty,TX,2025-07-09,2025-08-31,8,,https://data.texas.gov/d/8w53-c4f6
Management & Training Corporation (Lychner State Jail),MANAGEMENT TRAINING (LYCHNER STATE JAIL),Humble,Harris,TX,2025-07-09,2025-08-31,17,,https://data.texas.gov/d/8w53-c4f6
Management & Training Corporation (Hutchins State Jail),MANAGEMENT TRAINING (HUTCHINS STATE JAIL),Dallas,Dallas,TX,2025-07-09,2025-08-31,8,,https://data.texas.gov/d/8w53-c4f6
Management & Training Corporation (Gist State Jail),MANAGEMENT TRAINING (GIST STATE JAIL),Beaumont,Jefferson,TX,2025-07-09,2025-08-31,6,,https://data.texas.gov/d/8w53-c4f6
Management & Training Corporation (Dominguez State Jail),MANAGEMENT TRAINING (DOMINGUEZ STATE JAIL),San Antonio,Bexar,TX,2025-07-09,2025-08-31,8,,https://data.texas.gov/d/8w53-c4f6
Intel Corporation,INTEL,Austin,Travis,TX,2025-07-09,2025-07-15,110,,https://data.texas.gov/d/8w53-c4f6
"GI Alliance Management, LLC",GI ALLIANCE MANAGEMENT,Southlake,Denton,TX,2025-07-09,2025-09-01,25,,https://data.texas.gov/d/8w53-c4f6
Dufry by Avolta,DUFRY BY AVOLTA,East Rutherford,,NJ,,2025-07-09,80,,https://www.nj.gov/labor/employer-services/warn/
Western Forest Products Inc.,WESTERN FOREST PRODUCTS,Vancouver,,WA,2025-07-09,2025-07-08,112,Temporary,https://esd.wa.gov/about-employees/WARN
"Movate, Inc. (AT&T Project)",MOVATE (AT T PROJECT),Temple,Bell,TX,2025-07-08,2025-07-01,71,,https://data.texas.gov/d/8w53-c4f6
"Outside Van, LLC",OUTSIDE VAN,Portland,,OR,2025-07-08,2025-09-12,56,Permanent closure,https://data.oregon.gov/d/ijbz-jpx8
"Elam Young Pkwy., Hillsboro",ELAM YOUNG PKWY HILLSBORO,Hillsboro,,OR,2025-07-07,2025-07-15,174,Reduction,https://data.oregon.gov/d/ijbz-jpx8
Aloha Facility,ALOHA FACILITY,Aloha,,OR,2025-07-07,2025-07-15,194,Reduction,https://data.oregon.gov/d/ijbz-jpx8
"Century Blvd., Hillsboro",CENTURY BLVD HILLSBORO,Hillsboro,,OR,2025-07-07,2025-07-15,1544,Reduction,https://data.oregon.gov/d/ijbz-jpx8
"25th Ave., Hillsboro",25TH AVE HILLSBORO,Hillsboro,,OR,2025-07-07,2025-07-15,597,Reduction,https://data.oregon.gov/d/ijbz-jpx8
Wellmore Energy Company LLC,WELLMORE ENERGY,Hurley VA,,VA,2025-07-07,,27,Layoff,https://www.vec.virginia.gov/warn-notices
Wellmore Energy Company LLC,WELLMORE ENERGY,Grundy VA,,VA,2025-07-07,,28,Layoff,https://www.vec.virginia.gov/warn-notices
"ByteDance, Inc.",BYTEDANCE,Bellevue,,WA,2025-07-07,2025-07-28,27,Permanent,https://esd.wa.gov/about-employees/WARN
"TikTok, Inc.",TIKTOK,Bellevue,,WA,2025-07-07,2025-07-28,38,Permanent,https://esd.wa.gov/about-employees/WARN
"Quality Built, LLC",QUALITY BUILT,Not Provided,,WA,2025-07-07,2025-07-03,1,Permanent,https://esd.wa.gov/about-employees/WARN
TT Electronics Facility IRC (Plano),TT ELECTRONICS FACILITY IRC (PLANO),Plano,Collin,TX,2025-07-02,2025-08-31,75,,https://data.texas.gov/d/8w53-c4f6
Memorial Herman Health System Skilled Nursing Facility,MEMORIAL HERMAN HEALTH SYSTEM SKILLED NURSING FACILITY,Houston,Harris,TX,2025-07-02,2025-09-01,83,,https://data.texas.gov/d/8w53-c4f6
FedEx Corporation (Plano),FEDEX (PLANO),Plano,Collin,TX,2025-07-02,2025-09-01,50,,https://data.texas.gov/d/8w53-c4f6
Santa Maria Hostel,SANTA MARIA HOSTEL,Houston,Harris,TX,2025-07-02,2025-08-31,41,,https://data.texas.gov/d/8w53-c4f6
Fed Ex Corporation (Garland),FED EX (GARLAND),Garland,Dallas,TX,2025-07-02,2025-09-01,81,,https://data.texas.gov/d/8w53-c4f6
International Business Machines-Coppell,INTERNATIONAL BUSINESS MACHINES-COPPELL,Coppell,Dallas,TX,2025-07-02,2025-08-29,59,,https://data.texas.gov/d/8w53-c4f6
Amentum Operations and Maintenance Services,AMENTUM OPERATIONS AND MAINTENANCE,Richmond VA,,VA,2025-07-02,,56,Layoff,https://www.vec.virginia.gov/warn-notices
Microsoft,MICROSOFT,Redmond and Bellevue,,WA,2025-07-02,2025-08-31,830,Permanent,https://esd.wa.gov/about-employees/WARN
Pilot Rock Sawmill,PILOT ROCK SAWMILL,Pilot Rock,,OR,2025-07-01,2025-09-01,62,Permanent closure,https://data.oregon.gov/d/ijbz-jpx8
"Barrette Outdoor Living, Inc",BARRETTE OUTDOOR LIVING,Egg Harbor City,,NJ,,2025-07-01,120,,https://www.nj.gov/labor/employer-services/warn/
"Northwest Offset Printing, Inc.",NORTHWEST OFFSET PRINTING,Spokane Valley,,WA,2025-07-01,2025-08-31,68,Permanent,https://esd.wa.gov/about-employees/WARN
Boehringer Ingelheim Animal Health,BOEHRINGER INGELHEIM ANIMAL HEALTH,New Brunswick,,NJ,,2025-06-30,90,,https://www.nj.gov/labor/employer-services/warn/
Brinks Home,BRINKS HOME,"Company Location: Lancaster, PA
Affected Employees: Monmouth County, NJ",,NJ,,2025-06-30,61,,https://www.nj.gov/labor/employer-services/warn/
PVH Corp.,PVH,Bridgewater,,NJ,,2025-06-27,51,,https://www.nj.gov/labor/employer-services/warn/
USA DBA Charwells,DBA CHARWELLS,Orange,,NJ,,2025-06-27,73,,https://www.nj.gov/labor/employer-services/warn/
Emerson Automation Solutions (Intelligent Platforms LLC),EMERSON AUTOMATION (INTELLIGENT PLATFORMS ),Charlottesville VA,,VA,2025-06-26,,87,Layoff,https://www.vec.virginia.gov/warn-notices
Management & Training Corporation (Bridgeport Correctional Facility),MANAGEMENT TRAINING (BRIDGEPORT CORRECTIONAL FACILITY),Bridgeport,Wise,TX,2025-06-24,2025-08-31,103,,https://data.texas.gov/d/8w53-c4f6
Management & Training Corporation (Gregory S. Coleman Unit),MANAGEMENT TRAINING (GREGORY S COLEMAN UNIT),Lockhart,Caldwell,TX,2025-06-24,2025-08-31,135,,https://data.texas.gov/d/8w53-c4f6
Management & Training Corporation (Kyle Correctional Center),MANAGEMENT TRAINING (KYLE CORRECTIONAL CENTER),Kyle,Hays,TX,2025-06-24,2025-08-31,98,,https://data.texas.gov/d/8w53-c4f6
Management & Training Corporation (Lindsey State Jail),MANAGEMENT TRAINING (LINDSEY STATE JAIL),Jacksboro,Jack,TX,2025-06-24,2025-08-31,117,,https://data.texas.gov/d/8w53-c4f6
Management & Training Corporation (Willacy County State Jail),MANAGEMENT TRAINING (WILLACY COUNTY STATE JAIL),Raymondville,Willacy,TX,2025-06-24,2025-08-31,166,,https://data.texas.gov/d/8w53-c4f6
"Compass Group, Inc.d.b.a.Chartwells (Lancaster ISD)",COMPASS GROUP D B A CHARTWELLS (LANCASTER ISD),Lancaster,Dallas,TX,2025-06-24,2025-06-30,83,,https://data.texas.gov/d/8w53-c4f6
Prineville Facility,PRINEVILLE FACILITY,Prineville,,OR,2025-06-24,2025-11-21,52,Permanent closure,https://data.oregon.gov/d/ijbz-jpx8
Prineville Facility,PRINEVILLE FACILITY,Prineville,,OR,2025-06-24,2025-11-07,51,Permanent closure,https://data.oregon.gov/d/ijbz-jpx8
Prineville Facility,PRINEVILLE FACILITY,Prineville,,OR,2025-06-24,2025-08-25,81,Permanent closure,https://data.oregon.gov/d/ijbz-jpx8
Rogue Valley Transportation District,ROGUE VALLEY TRANSPORTATION DISTRICT,Medford,,OR,2025-06-23,2025-08-30,82,Large Layoff - 10 or more workers,https://data.oregon.gov/d/ijbz-jpx8
Barclays Services Corporation,BARCLAYS,Whippany,,NJ,,2025-06-23,78,,https://www.nj.gov/labor/employer-services/warn/
JP Morgan Chase Bank,JP MORGAN CHASE BANK,Jersey City,,NJ,,2025-06-23,145,,https://www.nj.gov/labor/employer-services/warn/
Management & Training Corp. (Bradshaw State Jail),MANAGEMENT TRAINING (BRADSHAW STATE JAIL),Henderson,Rusk,TX,2025-06-20,2025-08-31,172,,https://data.texas.gov/d/8w53-c4f6
Management & Training Corp. (Billy Moore Correctional Center),MANAGEMENT TRAINING (BILLY MOORE CORRECTIONAL CENTER),Overton,Rusk,TX,2025-06-20,2025-08-31,109,,https://data.texas.gov/d/8w53-c4f6
Kroger,KROGER,Charlottesville VA,,VA,2025-06-20,,81,Closure,https://www.vec.virginia.gov/warn-notices
Amazon Fresh,AMAZON FRESH,Federal Way,,WA,2025-06-20,2025-08-19,125,Permanent,https://esd.wa.gov/about-employees/WARN
"Khoros, LLC.",KHOROS,Austin,Travis,TX,2025-06-18,2025-08-19,116,,https://data.texas.gov/d/8w53-c4f6
Tyson Foods (Fort Worth Distribution Center),TYSON FOODS (FORT WORTH DISTRIBUTION CENTER),Fort Worth,Tarrant,TX,2025-06-18,2025-08-15,275,,https://data.texas.gov/d/8w53-c4f6
"Encino Energy, LLC",ENCINO ENERGY,Houston,Harris,TX,2025-06-18,2025-08-17,121,,https://data.texas.gov/d/8w53-c4f6
Lockheed Martin Corp. -Fort Bliss ATMP,LOCKHEED MARTIN -FORT BLISS ATMP,Fort Bliss,El Paso,TX,2025-06-17,2025-06-30,17,,https://data.texas.gov/d/8w53-c4f6
Walmart,WALMART,Hoboken,,NJ,,2025-06-13,481,,https://www.nj.gov/labor/employer-services/warn/
Novartis,NOVARTIS,East Hanover,,NJ,,2025-06-13,427,,https://www.nj.gov/labor/employer-services/warn/
Kinkisharyo International,KINKISHARYO INTERNATIONAL,Jersey City,,NJ,,2025-06-13,72,,https://www.nj.gov/labor/employer-services/warn/
Valley National Bank,VALLEY NATIONAL BANK,Morristown,,NJ,,2025-06-13,59,,https://www.nj.gov/labor/employer-services/warn/
Leidos QTC,LEIDOS QTC,Reston VA,,VA,2025-06-13,,77,Layoff,https://www.vec.virginia.gov/warn-notices
Movate Inc. (The Genesis Project),MOVATE (THE GENESIS PROJECT),Temple,Bell,TX,2025-06-11,2025-08-08,26,,https://data.texas.gov/d/8w53-c4f6
Randalls Store #1041,RANDALLS STORE #1041,Houston,Harris,TX,2025-06-11,2025-08-16,102,,https://data.texas.gov/d/8w53-c4f6
Tom Thumb Store #3645 Plano,TOM THUMB STORE #3645 PLANO,Plano,Collin,TX,2025-06-11,2025-07-26,75,,https://data.texas.gov/d/8w53-c4f6
Forever 21,FOREVER 21,"Company Location: Los Angeles, CA
Affected Employees: Multiple NJ cities",,NJ,,2025-06-11,59,,https://www.nj.gov/labor/employer-services/warn/
PIVOT Job Corps Center Facility,PIVOT JOB CORPS CENTER FACILITY,Portland,,OR,2025-06-09,2025-06-30,12,Permanent closure,https://data.oregon.gov/d/ijbz-jpx8
Springdale Job Corps Center,SPRINGDALE JOB CORPS CENTER,Troutdale,,OR,2025-06-09,2025-06-30,77,Permanent closure,https://data.oregon.gov/d/ijbz-jpx8
CarParts.com,CARPARTS COM,Chesapeake VA,,VA,2025-06-09,,104,Closure,https://www.vec.virginia.gov/warn-notices
Nakupuna,NAKUPUNA,Arlington VA,,VA,2025-06-09,,103,Layoff,https://www.vec.virginia.gov/warn-notices
Edison Job Corps - ON HOLD,EDISON JOB CORPS - ON HOLD,Edison,,NJ,,2025-06-06,176,,https://www.nj.gov/labor/employer-services/warn/
"Del Monte Foods, Inc.",DEL MONTE FOODS,"Yakima, Wapato",,WA,2025-06-06,2025-08-08,51,Permanent,https://esd.wa.gov/about-employees/WARN
Virginia Mason Franciscan Health Virtual Health Services,VIRGINIA MASON FRANCISCAN HEALTH VIRTUAL HEALTH,Tacoma,,WA,2025-06-05,2025-07-28,116,Permanent,https://esd.wa.gov/about-employees/WARN
Eckerd Connects (David Carrasco Job Corps),ECKERD CONNECTS (DAVID CARRASCO JOB CORPS),El Paso,El Paso,TX,2025-06-04,2025-06-13,77,,https://data.texas.gov/d/8w53-c4f6
XiFin,XIFIN,Austin,Travis,TX,2025-06-04,2025-05-29,87,,https://data.texas.gov/d/8w53-c4f6
Tongue Point Job Corps Center,TONGUE POINT JOB CORPS CENTER,Astoria,,OR,2025-06-04,2025-06-06,168,Large Layoff - 10 or more workers,https://data.oregon.gov/d/ijbz-jpx8
Rite Aid,RITE AID,"Company Location: Philadelphia, PA
Affected Employees: Throughout NJ",,NJ,,2025-06-04,1122,,https://www.nj.gov/labor/employer-services/warn/
JC Penney (Allaince Supply Chain),JC PENNEY (ALLAINCE SUPPLY CHAIN),Haslet,Tarrant,TX,2025-06-03,2025-08-01,296,,https://data.texas.gov/d/8w53-c4f6
Sunnova Energy Corporation,SUNNOVA ENERGY,Houston,Harris,TX,2025-06-03,2025-05-30,0,,https://data.texas.gov/d/8w53-c4f6
Old Dominion Job Corps Center,OLD DOMINION JOB CORPS CENTER,Monroe VA,,VA,2025-06-03,,130,Closure,https://www.vec.virginia.gov/warn-notices
Hood Packaging Corporation,HOOD PACKAGING,Vancouver,,WA,2025-06-03,2025-08-01,94,Permanent,https://esd.wa.gov/about-employees/WARN
Microsoft,MICROSOFT,Redmond,,WA,2025-06-02,2025-08-01,305,Permanent,https://esd.wa.gov/about-employees/WARN
LifeSkills Connection Inc.,LIFESKILLS CONNECTION,Sedro Woolley,,WA,2025-05-30,2025-06-30,119,Permanent,https://esd.wa.gov/about-employees/WARN
Powin LLC,POWIN,Tualatin,,OR,2025-05-29,2025-07-28,96,Large Layoff - 10 or more workers,https://data.oregon.gov/d/ijbz-jpx8
Remote Workers,REMOTE WORKERS,,,OR,2025-05-29,2025-07-28,149,Large Layoff - 10 or more workers,https://data.oregon.gov/d/ijbz-jpx8
JoAnn Stores Support Center,JOANN STORES SUPPORT CENTER,"Company Location: Hudson, OH
Affected Employees: Atlantic, Bergen, Burlington, Camden, Gloucester, Mercer, Middlesex, Monmouth, Morris, and Ocean Counties",,NJ,,2025-05-29,262,,https://www.nj.gov/labor/employer-services/warn/
Texana Center Maude Group Home,TEXANA CENTER MAUDE GROUP HOME,Wharton,Wharton,TX,2025-05-28,2025-05-21,4,,https://data.texas.gov/d/8w53-c4f6
Texana Center University Group Home,TEXANA CENTER UNIVERSITY GROUP HOME,Wharton,Wharton,TX,2025-05-28,2025-05-21,5,,https://data.texas.gov/d/8w53-c4f6
Texana Center Willowbend Group Home,TEXANA CENTER WILLOWBEND GROUP HOME,Wharton,Wharton,TX,2025-05-28,2025-05-21,6,,https://data.texas.gov/d/8w53-c4f6
Texana Center Sunset Group Home,TEXANA CENTER SUNSET GROUP HOME,Wharton,Wharton,TX,2025-05-28,2025-05-21,8,,https://data.texas.gov/d/8w53-c4f6
Texana Center Camden Landing Group Home,TEXANA CENTER CAMDEN LANDING GROUP HOME,Rosenberg,Fort Bend,TX,2025-05-28,2025-05-21,5,,https://data.texas.gov/d/8w53-c4f6
Texana Center Dovecoft Group Home,TEXANA CENTER DOVECOFT GROUP HOME,Rosenberg,Fort Bend,TX,2025-05-28,2025-05-21,6,,https://data.texas.gov/d/8w53-c4f6
Texana Center Russeff Filed  Home,TEXANA CENTER RUSSEFF FILED HOME,Rosenberg,Fort Bend,TX,2025-05-28,2025-05-21,5,,https://data.texas.gov/d/8w53-c4f6
Texana Center Aqua Vista Group,TEXANA CENTER AQUA VISTA GROUP,Rosenberg,Fort Bend,TX,2025-05-28,2025-05-21,4,,https://data.texas.gov/d/8w53-c4f6
Texana Center North Street Group Home,TEXANA CENTER NORTH STREET GROUP HOME,Rosenberg,Fort Bend,TX,2025-05-28,2025-05-21,7,,https://data.texas.gov/d/8w53-c4f6
Texana Center Glenn Lakes Group Home,TEXANA CENTER GLENN LAKES GROUP HOME,Missouri City,Fort Bend,TX,2025-05-28,2025-05-21,7,,https://data.texas.gov/d/8w53-c4f6
Texana Center El Campo Learning Center,TEXANA CENTER EL CAMPO LEARNING CENTER,El Campo,Wharton,TX,2025-05-28,2025-05-21,9,,https://data.texas.gov/d/8w53-c4f6
Texana Center (Building B) Airport Service Center,TEXANA CENTER (BUILDING B) AIRPORT SERVICE CENTER,Rosenberg,Fort Bend,TX,2025-05-28,2025-05-21,25,,https://data.texas.gov/d/8w53-c4f6
Texana Center (Building A) Airport Service Center,TEXANA CENTER (BUILDING A) AIRPORT SERVICE CENTER,Rosenberg,Fort Bend,TX,2025-05-28,2025-05-21,27,,https://data.texas.gov/d/8w53-c4f6
LACROIX,LACROIX,El Paso,El Paso,TX,2025-05-27,2025-07-01,7,,https://data.texas.gov/d/8w53-c4f6
"ESS Tech, Inc.",ESS TECH,Wilsonville,,OR,2025-05-27,2025-05-30,195,Permanent closure,https://data.oregon.gov/d/ijbz-jpx8
BetMGM,BETMGM,Jersey City,,NJ,,2025-05-27,83,,https://www.nj.gov/labor/employer-services/warn/
Emerald Transport Inc.,EMERALD TRANSPORT,Quincy,,WA,2025-05-27,2025-05-27,1,Permanent,https://esd.wa.gov/about-employees/WARN
Bristol Myers Squibb (BMS),BRISTOL MYERS SQUIBB (BMS),Lawrence Twp,,NJ,,2025-05-22,223,,https://www.nj.gov/labor/employer-services/warn/
Enterprise for Progress in the Community (EPIC),ENTERPRISE FOR PROGRESS IN THE COMMUNITY (EPIC),Yakima,,WA,2025-05-22,2025-06-30,198,Permanent,https://esd.wa.gov/about-employees/WARN
Incyte Diagnostics,INCYTE DIAGNOSTICS,Spokane Valley,,WA,2025-05-22,2025-08-04,310,Permanent,https://esd.wa.gov/about-employees/WARN
F&S Produce West LLC,F S PRODUCE WEST,Houston,Harris,TX,2025-05-21,2025-07-20,225,,https://data.texas.gov/d/8w53-c4f6
Sodexo (International Leadership TX),SODEXO (INTERNATIONAL LEADERSHIP TX),Irving,Dallas,TX,2025-05-21,2025-06-30,165,,https://data.texas.gov/d/8w53-c4f6
Child Care Associates (Everman),CHILD CARE ASSOCIATES (EVERMAN),Fort Worth,Tarrant,TX,2025-05-21,2025-06-30,9,,https://data.texas.gov/d/8w53-c4f6
Child Care Associates (JA Hargrave),CHILD CARE ASSOCIATES (JA HARGRAVE),Fort Worth,Tarrant,TX,2025-05-21,2025-06-30,19,,https://data.texas.gov/d/8w53-c4f6
Child Care Associates (Arlington 2),CHILD CARE ASSOCIATES (ARLINGTON 2),Arlington,Tarrant,TX,2025-05-21,2025-06-30,22,,https://data.texas.gov/d/8w53-c4f6
Child Care Associates (Blanche),CHILD CARE ASSOCIATES (BLANCHE),Fort Worth,Tarrant,TX,2025-05-21,2025-06-30,17,,https://data.texas.gov/d/8w53-c4f6
Child Care Associates(North Fort Worth),CHILD CARE ASSOCIATES(NORTH FORT WORTH),Fort Worth,Tarrant,TX,2025-05-21,2025-06-30,16,,https://data.texas.gov/d/8w53-c4f6
Child Care Associates (Morris Foundation),CHILD CARE ASSOCIATES (MORRIS FOUNDATION),Fort Worth,Tarrant,TX,2025-05-21,2025-06-30,17,,https://data.texas.gov/d/8w53-c4f6
Child Care Associates (Diamond Road),CHILD CARE ASSOCIATES (DIAMOND ROAD),Fort Worth,Tarrant,TX,2025-05-21,2025-06-30,13,,https://data.texas.gov/d/8w53-c4f6
Child Care Associates (Rosedale V),CHILD CARE ASSOCIATES (ROSEDALE V),Fort Worth,Tarrant,TX,2025-05-21,2025-06-30,16,,https://data.texas.gov/d/8w53-c4f6
Child Care Associates (Reagan),CHILD CARE ASSOCIATES (REAGAN),Fort Worth,Tarrant,TX,2025-05-21,2025-06-30,14,,https://data.texas.gov/d/8w53-c4f6
Child Care Associates (Meachum),CHILD CARE ASSOCIATES (MEACHUM),Fort Worth,Tarrant,TX,2025-05-21,2025-06-30,15,,https://data.texas.gov/d/8w53-c4f6
Child Care Associates (Carson),CHILD CARE ASSOCIATES (CARSON),Fort Worth,Tarrant,TX,2025-05-21,2025-05-21,14,,https://data.texas.gov/d/8w53-c4f6
Child Care Associates (Mansfield),CHILD CARE ASSOCIATES (MANSFIELD),Mansfield,Tarrant,TX,2025-05-21,2025-06-30,15,,https://data.texas.gov/d/8w53-c4f6
Child Care Associates (Linda Kay),CHILD CARE ASSOCIATES (LINDA KAY),Hurst,Tarrant,TX,2025-05-21,2025-06-30,15,,https://data.texas.gov/d/8w53-c4f6
Child Care Associates (Tucker),CHILD CARE ASSOCIATES (TUCKER),Arlington,Tarrant,TX,2025-05-21,2025-06-30,7,,https://data.texas.gov/d/8w53-c4f6
Child Care Associates,CHILD CARE ASSOCIATES,Ft. Worth,Tarrant,TX,2025-05-21,2025-06-30,93,,https://data.texas.gov/d/8w53-c4f6
FedEx Supply Chain Logistics & Electronics (Ft. Worth),FEDEX SUPPLY CHAIN LOGISTICS ELECTRONICS (FT WORTH),Fort Worth,Tarrant,TX,2025-05-20,2025-07-06,305,,https://data.texas.gov/d/8w53-c4f6
Chevron (N. FM 1788),CHEVRON (N FM 1788),Midland,Midland,TX,2025-05-16,2025-07-15,14,,https://data.texas.gov/d/8w53-c4f6
Chevron (S. County Rd.),CHEVRON (S COUNTY RD ),Midland,Midland,TX,2025-05-16,2025-07-15,1,,https://data.texas.gov/d/8w53-c4f6
Chevron (Deauville Blvd),CHEVRON (DEAUVILLE BLVD),Midland,Midland,TX,2025-05-16,2025-07-15,185,,https://data.texas.gov/d/8w53-c4f6
TransAxle LLC,TRANSAXLE,Richmond and Springfield VA,,VA,2025-05-16,,10,Layoff,https://www.vec.virginia.gov/warn-notices
GMRI Inc. T/A Bahama Breeze,GMRI T/A BAHAMA BREEZE,"Company Location: Orlando, FL
Affected Employees: Woodbridge, Toms River, Wayne, Paramus",,NJ,,2025-05-15,327,,https://www.nj.gov/labor/employer-services/warn/
Atria Wealth Solutions,ATRIA WEALTH,Houston,Fort Bend,TX,2025-05-14,2025-07-04,55,,https://data.texas.gov/d/8w53-c4f6
International Paper Company (McAllen),INTERNATIONAL PAPER (MCALLEN),McAllen,Hidalgo,TX,2025-05-14,2025-05-09,5,,https://data.texas.gov/d/8w53-c4f6
International Paper Company (Edinburg W. Chapin),INTERNATIONAL PAPER (EDINBURG W CHAPIN),Edinburg,Hidalgo,TX,2025-05-14,2025-05-09,64,,https://data.texas.gov/d/8w53-c4f6
International Paper Company(Edinburg),INTERNATIONAL PAPER (EDINBURG),Edinburg,Hidalgo,TX,2025-05-14,2025-05-09,63,,https://data.texas.gov/d/8w53-c4f6
Molina Healthcare of Virginia Inc.,MOLINA HEALTHCARE OF VIRGINIA,Richmond VA,,VA,2025-05-13,,268,Closure,https://www.vec.virginia.gov/warn-notices
The Kenific Group LLC dba Pantheon Data,THE KENIFIC GROUP DBA PANTHEON DATA,Arlington VA,,VA,2025-05-13,,155,Closure,https://www.vec.virginia.gov/warn-notices
Microsoft,MICROSOFT,Redmond,,WA,2025-05-13,2025-07-12,1985,Permanent,https://esd.wa.gov/about-employees/WARN
College Success Foundation,COLLEGE SUCCESS FOUNDATION,Bellevue,,WA,2025-05-12,2025-07-09,100,Permanent,https://esd.wa.gov/about-employees/WARN
Bristol Myers Squibb (BMS),BRISTOL MYERS SQUIBB (BMS),Lawrence Twp,,NJ,,2025-05-09,516,,https://www.nj.gov/labor/employer-services/warn/
Saddle Creek Logistics Services,SADDLE CREEK LOGISTICS,Richmond VA,,VA,2025-05-09,,54,Layoff,https://www.vec.virginia.gov/warn-notices
WSS (Foot Locker),WSS (FOOT LOCKER),Houston,Harris,TX,2025-05-08,2025-07-07,57,,https://data.texas.gov/d/8w53-c4f6
Museum of Ice Cream,MUSEUM OF ICE CREAM,Austin,Travis,TX,2025-05-08,2025-07-10,38,,https://data.texas.gov/d/8w53-c4f6
TRIGO (Tesla),TRIGO (TESLA),Austin,Travis,TX,2025-05-07,2025-04-28,50,,https://data.texas.gov/d/8w53-c4f6
The Bartell Drug Company (Rite Aid),THE BARTELL DRUG (RITE AID),Des Moines,,WA,2025-05-07,2025-06-04,131,Permanent,https://esd.wa.gov/about-employees/WARN
Tom Thumb Store #3579,TOM THUMB STORE #3579,Allen,Collin,TX,2025-05-06,,75,,https://data.texas.gov/d/8w53-c4f6
Smurfikt Westrock Facility (ForneyTexas),SMURFIKT WESTROCK FACILITY (FORNEYTEXAS),Forney,Kaufman,TX,2025-05-06,2025-06-30,200,,https://data.texas.gov/d/8w53-c4f6
JP Morgan Chase Bank,JP MORGAN CHASE BANK,Jersey City,,NJ,,2025-05-05,121,,https://www.nj.gov/labor/employer-services/warn/
Starbucks,STARBUCKS,Seattle,,WA,2025-05-05,2025-07-04,8,Permanent,https://esd.wa.gov/about-employees/WARN
Georgia-Pacific LLC,GEORGIA-PACIFIC,Emporia VA,,VA,2025-05-02,,554,Closure,https://www.vec.virginia.gov/warn-notices
Chick-Fil-A (N. Collins St. Plant),CHICK-FIL-A (N COLLINS ST PLANT),Arlington,Tarrant,TX,2025-05-01,2025-06-07,10,,https://data.texas.gov/d/8w53-c4f6
Chiloquin Facility,CHILOQUIN FACILITY,Chiloquin,,OR,2025-05-01,2025-06-30,128,Permanent closure,https://data.oregon.gov/d/ijbz-jpx8
PHV Corp,PHV,Bridgewater,,NJ,,2025-05-01,59,,https://www.nj.gov/labor/employer-services/warn/
SDS Lumber LLC,SDS LUMBER,Bingen,,WA,2025-05-01,2025-06-02,81,Permanent,https://esd.wa.gov/about-employees/WARN
Texas Central School Bus (Cougar Alley),TEXAS CENTRAL SCHOOL BUS (COUGAR ALLEY),The Colony,Denton,TX,2025-04-30,2025-07-15,155,,https://data.texas.gov/d/8w53-c4f6
Texas Central School Bus (Mill),TEXAS CENTRAL SCHOOL BUS (MILL),Lewisville,Denton,TX,2025-04-30,2025-07-15,131,,https://data.texas.gov/d/8w53-c4f6
Texas Central School Bus (Purnell),TEXAS CENTRAL SCHOOL BUS (PURNELL),Lewisville,Denton,TX,2025-04-30,2025-07-17,174,,https://data.texas.gov/d/8w53-c4f6
PULAU Corporation,PULAU,Killeen,Bell,TX,2025-04-30,2025-06-30,64,,https://data.texas.gov/d/8w53-c4f6
Store 0505 - Portland,STORE 0505 - PORTLAND,Portland,,OR,2025-04-30,2025-07-01,87,Permanent closure,https://data.oregon.gov/d/ijbz-jpx8
Organon,ORGANON,Jersey City,,NJ,,2025-04-30,93,,https://www.nj.gov/labor/employer-services/warn/
"Accelerate360 Distribution, LLC - Dakota Merchandising Work Unit",ACCELERATE360 DISTRIBUTION - DAKOTA MERCHANDISING WORK UNIT,Various locations in Washington,,WA,2025-04-28,2025-06-28,31,Permanent,https://esd.wa.gov/about-employees/WARN
Portland Facility,PORTLAND FACILITY,Portland,,OR,2025-04-27,2025-06-26,47,Large Layoff - 10 or more workers,https://data.oregon.gov/d/ijbz-jpx8
"TEKsystems, Inc.",TEKSYSTEMS,Redmond,,WA,2025-04-25,2025-06-13,67,Permanent,https://esd.wa.gov/about-employees/WARN
Bristol Myers Squibb (BMS),BRISTOL MYERS SQUIBB (BMS),Lawrence Twp,,NJ,,2025-04-24,67,,https://www.nj.gov/labor/employer-services/warn/
Goldschmitt and Associates LLC,GOLDSCHMITT AND ASSOCIATES,Sterling VA,,VA,2025-04-24,,217,Layoff,https://www.vec.virginia.gov/warn-notices
"MV Transportation, Inc",MV TRANSPORTATION,Redmond,,WA,2025-04-24,2025-06-30,287,Permanent,https://esd.wa.gov/about-employees/WARN
"AMT Medical, Inc. dba Velocity medtech",AMT MEDICAL DBA VELOCITY MEDTECH,Monroe,,WA,2025-04-24,2025-06-23,70,Permanent,https://esd.wa.gov/about-employees/WARN
"Graphic Solutions, Inc. (Spring Valley)",GRAPHIC (SPRING VALLEY),Dallas,Dallas,TX,2025-04-23,2025-06-13,64,,https://data.texas.gov/d/8w53-c4f6
"Graphic Solutions, Inc (Welch Rd)",GRAPHIC (WELCH RD),Dallas,Dallas,TX,2025-04-23,2025-06-13,2,,https://data.texas.gov/d/8w53-c4f6
Graphic Solutuions Inc. (Farmers Branch),GRAPHIC SOLUTUIONS (FARMERS BRANCH),Farmers Branch,Dallas,TX,2025-04-23,2025-06-13,5,,https://data.texas.gov/d/8w53-c4f6
Oregon - Remote Employees,OREGON - REMOTE EMPLOYEES,Portand,,OR,2025-04-22,2025-04-22,16,Large Layoff - 10 or more workers,https://data.oregon.gov/d/ijbz-jpx8
SambaNova Systems,SAMBANOVA SYSTEMS,Various locations in Washington,,WA,2025-04-22,2025-04-22,8,Permanent,https://esd.wa.gov/about-employees/WARN
"Lignetics, Inc. - Cascade Locks Facilit",LIGNETICS - CASCADE LOCKS FACILIT,Cascade Locks,,OR,2025-04-21,2025-06-30,11,Temporary Layoff,https://data.oregon.gov/d/ijbz-jpx8
Whitsons Food Service,WHITSONS FOOD SERVICE,Edison,,NJ,,2025-04-18,66,,https://www.nj.gov/labor/employer-services/warn/
MedStar Mobile Healthcare,MEDSTAR MOBILE HEALTHCARE,Fort Worth,Tarrant,TX,2025-04-16,2025-07-01,589,,https://data.texas.gov/d/8w53-c4f6
Virtex Enterprises LP,VIRTEX ENTERPRISES,Austin,Travis,TX,2025-04-16,2025-06-14,84,,https://data.texas.gov/d/8w53-c4f6
"Navajo Incorprated, Portland Facility",NAVAJO INCORPRATED PORTLAND FACILITY,Portland,,OR,2025-04-16,2025-06-30,11,Large Layoff - 10 or more workers,https://data.oregon.gov/d/ijbz-jpx8
Prudential,PRUDENTIAL,Newark,,NJ,,2025-04-16,238,,https://www.nj.gov/labor/employer-services/warn/
Catholic Charities Archdiocese Of Galveston-Houston (Cabrini CFLA)San Felipe,CATHOLIC CHARITIES ARCHDIOCESE OF GALVESTON-HOUSTON (CABRINI CFLA)SAN FELIPE,Houston,Harris,TX,2025-04-08,2025-03-31,36,,https://data.texas.gov/d/8w53-c4f6
Catholic Charities Archdiocese Of Galveston-Houston (Cabrini CFLA)Louisiana Street,CATHOLIC CHARITIES ARCHDIOCESE OF GALVESTON-HOUSTON (CABRINI CFLA)LOUISIANA STREET,Houston,Harris,TX,2025-04-08,,6,,https://data.texas.gov/d/8w53-c4f6
Catholic Charities Archdiocese Of Galveston-Houston (Cabrini CFLA)Collins Road,CATHOLIC CHARITIES ARCHDIOCESE OF GALVESTON-HOUSTON (CABRINI CFLA)COLLINS ROAD,Richmond,Fort Bend,TX,2025-04-08,2025-03-31,2,,https://data.texas.gov/d/8w53-c4f6
Catholic Charities Archdiocese Of Galveston-Houston (Cabrini CFLA)South Loop West,CATHOLIC CHARITIES ARCHDIOCESE OF GALVESTON-HOUSTON (CABRINI CFLA)SOUTH LOOP WEST,Houston,Harris,TX,2025-04-08,2025-03-31,1,,https://data.texas.gov/d/8w53-c4f6
US Cellular Corporation,CELLULAR,Wichita Falls,Archer,TX,2025-04-08,2025-06-02,1,,https://data.texas.gov/d/8w53-c4f6
"Movate, Inc.",MOVATE,Temple,Bell,TX,2025-04-08,2025-05-31,51,,https://data.texas.gov/d/8w53-c4f6
Raices (April 2025),RAICES (APRIL 2025),San Antonio,Bexar,TX,2025-04-08,2025-04-02,159,,https://data.texas.gov/d/8w53-c4f6
"Portland, Oregon Facility",PORTLAND OREGON FACILITY,Portland,,OR,2025-04-08,2025-05-31,72,Permanent closure,https://data.oregon.gov/d/ijbz-jpx8
United States Cellular Corporation,UNITED STATES CELLULAR,Various locations in Washington,,WA,2025-04-07,2025-06-02,86,Permanent,https://esd.wa.gov/about-employees/WARN
Bihler of America,BIHLER OF AMERICA,Phillipsburg,,NJ,,2025-04-04,75,,https://www.nj.gov/labor/employer-services/warn/
Southeast Service Corporation Services for Education (Georgetown ISD),SOUTHEAST SERVICE FOR EDUCATION (GEORGETOWN ISD),Georgetown,Williamson,TX,2025-04-02,2025-05-31,60,,https://data.texas.gov/d/8w53-c4f6
Envision Physician Services LLC,ENVISION PHYSICIAN,San Antonio,Bexar,TX,2025-04-02,2025-05-31,120,,https://data.texas.gov/d/8w53-c4f6
Denali,DENALI,Plano,Collin,TX,2025-04-02,2025-06-02,28,,https://data.texas.gov/d/8w53-c4f6
American Institutes of Research (AIR),AMERICAN INSTITUTES OF RESEARCH (AIR),Arlington VA,,VA,2025-04-02,,84,Layoff,https://www.vec.virginia.gov/warn-notices
MITRE Corporation,MITRE,McLean VA,,VA,2025-04-02,,442,Layoff,https://www.vec.virginia.gov/warn-notices
Eisai,EISAI,Nutley,,NJ,,2025-03-31,57,,https://www.nj.gov/labor/employer-services/warn/
TD Bank N.A.,TD BANK N A,Cherry Hill,,NJ,,2025-03-31,52,,https://www.nj.gov/labor/employer-services/warn/
Novelis Inc.,NOVELIS,Richmond VA,,VA,2025-03-31,,72,Closure,https://www.vec.virginia.gov/warn-notices
King Abdullah,KING ABDULLAH,Herndon VA,,VA,2025-03-31,,162,Closure,https://www.vec.virginia.gov/warn-notices
Leidos,LEIDOS,Alexandria VA,,VA,2025-03-31,,29,Layoff,https://www.vec.virginia.gov/warn-notices
Recreational Equipment Inc.,RECREATIONAL EQUIPMENT,Issaquah,,WA,2025-03-31,2025-03-31,4,Permanent,https://esd.wa.gov/about-employees/WARN
UPS,UPS,Atlanta,,OR,2025-03-28,2025-06-30,244,Temporary Layoff,https://data.oregon.gov/d/ijbz-jpx8
"MSRE Management, L.L.C., dba Martin Selig Real Estate",MSRE MANAGEMENT DBA MARTIN SELIG REAL ESTATE,Seattle,,WA,2025-03-28,2025-04-01,86,Permanent,https://esd.wa.gov/about-employees/WARN
Cornish College of the Arts,CORNISH COLLEGE OF THE ARTS,Seattle,,WA,2025-03-27,2025-05-31,354,Permanent,https://esd.wa.gov/about-employees/WARN
VF's Dickies Headquarters,VF'S DICKIES HEADQUARTERS,Fort Worth,Tarrant,TX,2025-03-26,2025-05-30,125,,https://data.texas.gov/d/8w53-c4f6
American Bar Association (ProBAR),AMERICAN BAR ASSOCIATION (PROBAR),Harlingen,Cameron,TX,2025-03-26,2025-05-19,191,,https://data.texas.gov/d/8w53-c4f6
Waco Family Medicine (Meyer Center),WACO FAMILY MEDICINE (MEYER CENTER),Waco,McLennan,TX,2025-03-26,2025-03-21,52,,https://data.texas.gov/d/8w53-c4f6
SouthState Bank,SOUTHSTATE BANK,McKinney,Collin,TX,2025-03-26,2025-05-31,141,,https://data.texas.gov/d/8w53-c4f6
Durhan School Services-Wichita Falls,DURHAN SCHOOL -WICHITA FALLS,Wichita Falls,Archer,TX,2025-03-26,2025-06-30,1,,https://data.texas.gov/d/8w53-c4f6
Waco Family Medicine (Bell's Hill),WACO FAMILY MEDICINE (BELL'S HILL),Waco,McLennan,TX,2025-03-26,2025-03-21,52,,https://data.texas.gov/d/8w53-c4f6
Waco Familly Medicine (MCC),WACO FAMILLY MEDICINE (MCC),Waco,McLennan,TX,2025-03-26,2025-03-21,52,,https://data.texas.gov/d/8w53-c4f6
Safeway Store 4381,SAFEWAY STORE 4381,Baker City,,OR,2025-03-26,2025-05-25,82,Permanent closure,https://data.oregon.gov/d/ijbz-jpx8
Oregon - Statewide,OREGON - STATEWIDE,,,OR,2025-03-26,2025-06-02,105,Large Layoff - 10 or more workers,https://data.oregon.gov/d/ijbz-jpx8
United States Cellular (USCC),UNITED STATES CELLULAR (USCC),Various VA,,VA,2025-03-26,,95,Layoff,https://www.vec.virginia.gov/warn-notices
UBS,UBS,Weehawken,,NJ,,2025-03-25,50,,https://www.nj.gov/labor/employer-services/warn/
Columbia River Mental Health Services,COLUMBIA RIVER MENTAL HEALTH,Vancouver,,WA,2025-03-24,2024-11-04,112,Temporary,https://esd.wa.gov/about-employees/WARN
"American Medical Response Ambulance Service, Inc.",AMERICAN MEDICAL RESPONSE AMBULANCE SERVICE,"Centralia, Chehalis",,WA,2025-03-24,2025-05-31,35,Permanent,https://esd.wa.gov/about-employees/WARN
"BH Security, LLC DBA Brinks Home",BH SECURITY DBA BRINKS HOME,Dallas,Dallas,TX,2025-03-19,2025-06-30,61,,https://data.texas.gov/d/8w53-c4f6
"Church World Service, Inc.",CHURCH WORLD SERVICE,Houston,Harris,TX,2025-03-18,2025-02-03,63,,https://data.texas.gov/d/8w53-c4f6
"C&S Family of Companies (GSC Wholesale, LLC)",C S FAMILY OF COMPANIES (GSC WHOLESALE ),Houston,Harris,TX,2025-03-17,2025-03-14,21,,https://data.texas.gov/d/8w53-c4f6
"Cigna Evernorth Services, Inc.",CIGNA EVERNORTH,Morris Plains,,NJ,,2025-03-15,62,,https://www.nj.gov/labor/employer-services/warn/
Henry Bayonne LLC,HENRY BAYONNE,Bayonne,,NJ,,2025-03-13,84,,https://www.nj.gov/labor/employer-services/warn/
Henry RAC Holding Corp,HENRY RAC HOLDING,Bayonne,,NJ,,2025-03-13,62,,https://www.nj.gov/labor/employer-services/warn/
Grocery Delivery E Services USA DBA Hello Fresh (Tarrant),GROCERY DELIVERY E DBA HELLO FRESH (TARRANT),Grand Prairie,Tarrant,TX,2025-03-12,2025-05-13,273,,https://data.texas.gov/d/8w53-c4f6
Constellis LLC (Laredo Border Station),CONSTELLIS (LAREDO BORDER STATION),Laredo,Webb,TX,2025-03-12,2025-03-07,121,,https://data.texas.gov/d/8w53-c4f6
Constellis LLC (Laredo #2),CONSTELLIS (LAREDO #2),Laredo,Webb,TX,2025-03-12,2025-03-07,30,,https://data.texas.gov/d/8w53-c4f6
Chewy Inc. Fullfillment Center,CHEWY FULLFILLMENT CENTER,Dallas,Dallas,TX,2025-03-12,2025-05-10,674,,https://data.texas.gov/d/8w53-c4f6
"De La Paz Cleaning and Rental Services, LLC (Laredo)",DE LA PAZ CLEANING AND RENTAL (LAREDO),Laredo,Webb,TX,2025-03-12,2025-03-07,142,,https://data.texas.gov/d/8w53-c4f6
Country Pure Foods,COUNTRY PURE FOODS,Houston,Harris,TX,2025-03-12,2025-05-09,60,,https://data.texas.gov/d/8w53-c4f6
Amazon MAK7 Facility,AMAZON MAK7 FACILITY,Manassas VA,,VA,2025-03-12,,88,Closure,https://www.vec.virginia.gov/warn-notices
Interfaith Ministries Of Greater Houston (Refugee Services Program),INTERFAITH MINISTRIES OF GREATER HOUSTON (REFUGEE PROGRAM),Houston,Harris,TX,2025-03-11,2025-03-14,101,,https://data.texas.gov/d/8w53-c4f6
"De La Paz Cleaning and Rental Services, LLC (North Eagle Pass)",DE LA PAZ CLEANING AND RENTAL (NORTH EAGLE PASS),Eagle Pass,Maverick,TX,2025-03-11,2025-03-03,60,,https://data.texas.gov/d/8w53-c4f6
"De La Paz Cleaning and Rental Services, LLC (Donna)",DE LA PAZ CLEANING AND RENTAL (DONNA),Donna,Hidalgo,TX,2025-03-11,2025-03-07,125,,https://data.texas.gov/d/8w53-c4f6
"Centerra (Constellis, LLC)",CENTERRA (CONSTELLIS ),McAllen,Hidalgo,TX,2025-03-11,2025-03-07,23,,https://data.texas.gov/d/8w53-c4f6
International Foundation for Electoral Systems,INTERNATIONAL FOUNDATION FOR ELECTORAL SYSTEMS,Arlington VA,,VA,2025-03-11,,48,Layoff,https://www.vec.virginia.gov/warn-notices
American Institutes of Research (AIR),AMERICAN INSTITUTES OF RESEARCH (AIR),Arlington VA,,VA,2025-03-11,,149,Layoff,https://www.vec.virginia.gov/warn-notices
"Catholic Charities, Diocese of Fort Worth, INC",CATHOLIC CHARITIES DIOCESE OF FORT WORTH,Fort Worth,Tarrant,TX,2025-03-10,2025-03-14,169,,https://data.texas.gov/d/8w53-c4f6
Cow Palace LLC,COW PALACE,Granger,,WA,2025-03-10,2025-05-09,100,Permanent,https://esd.wa.gov/about-employees/WARN
Walmart,WALMART,Swedesboro,,NJ,,2025-03-07,113,,https://www.nj.gov/labor/employer-services/warn/
Ryder -Hutchins,RYDER -HUTCHINS,Hutchins,Dallas,TX,2025-03-06,2025-05-10,110,,https://data.texas.gov/d/8w53-c4f6
"Hatco, Inc",HATCO,Longview,Gregg,TX,2025-03-06,2025-02-27,68,,https://data.texas.gov/d/8w53-c4f6
The Cheesecake Factory,THE CHEESECAKE FACTORY,Seattle,,WA,2025-03-06,2025-05-04,119,Permanent,https://esd.wa.gov/about-employees/WARN
Pure Safety Group Inc. DBA Guardian Fall,PURE SAFETY GROUP DBA GUARDIAN FALL,Houston,Harris,TX,2025-03-05,2025-03-20,59,,https://data.texas.gov/d/8w53-c4f6
"LUKE Holdings, Inc. (Del Rio)",LUKE HOLDINGS (DEL RIO),Del Rio,Val Verde,TX,2025-03-05,2025-02-28,36,,https://data.texas.gov/d/8w53-c4f6
"LUKE Holdings, Inc. (Donna)",LUKE HOLDINGS (DONNA),Donna,Hidalgo,TX,2025-03-05,2025-02-28,201,,https://data.texas.gov/d/8w53-c4f6
"LUKE Holdings, Inc (Eagle Pass)",LUKE HOLDINGS (EAGLE PASS),Eagle Pass,Maverick,TX,2025-03-05,2025-02-28,129,,https://data.texas.gov/d/8w53-c4f6
JELD -WEN -Coppell,JELD -WEN -COPPELL,Coppell,Dallas,TX,2025-03-03,2025-04-28,56,,https://data.texas.gov/d/8w53-c4f6
"LUKE Holdings, Inc.(Laredo)",LUKE HOLDINGS (LAREDO),Laredo,Webb,TX,2025-03-03,2025-02-28,73,,https://data.texas.gov/d/8w53-c4f6
"LUKE Holdings, Inc. (El Paso)",LUKE HOLDINGS (EL PASO),El Paso,El Paso,TX,2025-03-03,2025-02-28,227,,https://data.texas.gov/d/8w53-c4f6
Big Lots,BIG LOTS,"Somers Point, Edgewater Park, North Cape May, Toms River, Clifton, Brickton, South Plainfield, West Deptford, Sicklerville, Middletown, Dover, Barnegat, Cape May Court House, Lumberton, Millville, Hamilton",,NJ,,2025-02-28,385,,https://www.nj.gov/labor/employer-services/warn/
Speyside Bourbon Cooperage INC.,SPEYSIDE BOURBON COOPERAGE,Atkins VA,,VA,2025-02-28,,75,Layoff,https://www.vec.virginia.gov/warn-notices
MVM,MVM,El Paso,El Paso,TX,2025-02-26,2025-03-18,247,,https://data.texas.gov/d/8w53-c4f6
"MVM, Inc. (McAllen)",MVM (MCALLEN),McAllen,Hidalgo,TX,2025-02-26,2025-03-18,132,,https://data.texas.gov/d/8w53-c4f6
Starbucks,STARBUCKS,Seattle,,WA,2025-02-26,2025-05-02,612,Permanent,https://esd.wa.gov/about-employees/WARN
Houston Refining LP (2025),HOUSTON REFINING (2025),Houston,Harris,TX,2025-02-25,2025-04-17,345,,https://data.texas.gov/d/8w53-c4f6
"Warner Bros. Discovery, Inc.",WARNER BROS DISCOVERY,Kirkland,,WA,2025-02-25,2025-04-26,131,Permanent,https://esd.wa.gov/about-employees/WARN
Christus Health Santa Rosa Medical Center,CHRISTUS HEALTH SANTA ROSA MEDICAL CENTER,San Antonio,Bexar,TX,2025-02-24,2025-04-25,479,,https://data.texas.gov/d/8w53-c4f6
L3Harris Technologies (JAVA MAN Program),L3HARRIS (JAVA MAN PROGRAM),Rockwall,Rockwall,TX,2025-02-24,2025-04-22,179,,https://data.texas.gov/d/8w53-c4f6
Novartis Group,NOVARTIS GROUP,East Hanover,,NJ,,2025-02-21,53,,https://www.nj.gov/labor/employer-services/warn/
AT&T,AT T,Bedminster,,NJ,,2025-02-20,51,,https://www.nj.gov/labor/employer-services/warn/
Southwest - Dallas Lovefield Airport,SOUTHWEST - DALLAS LOVEFIELD AIRPORT,Dallas,Dallas,TX,2025-02-19,2025-04-22,626,,https://data.texas.gov/d/8w53-c4f6
Neiman Marcus-One Marcus Square,NEIMAN MARCUS-ONE MARCUS SQUARE,Dallas,Dallas,TX,2025-02-19,2025-03-31,1,,https://data.texas.gov/d/8w53-c4f6
Raices,RAICES,San Antonio,Bexar,TX,2025-02-18,2025-02-12,61,,https://data.texas.gov/d/8w53-c4f6
Portland - Site,PORTLAND - SITE,Portland,,OR,2025-02-18,2025-02-18,96,Permanent closure,https://data.oregon.gov/d/ijbz-jpx8
ICIMS,ICIMS,Holmdel,,NJ,,2025-02-15,54,,https://www.nj.gov/labor/employer-services/warn/
Bristol Myers Squibb,BRISTOL MYERS SQUIBB,Lawrenceville,,NJ,,2025-02-13,195,,https://www.nj.gov/labor/employer-services/warn/
Animal Supply Co. LLC,ANIMAL SUPPLY,Grand Prairie,Tarrant,TX,2025-02-11,2025-02-21,145,,https://data.texas.gov/d/8w53-c4f6
Catholic Charities of Dallas (Refuge Resettlement Program),CATHOLIC CHARITIES OF DALLAS (REFUGE RESETTLEMENT PROGRAM),Dallas,Dallas,TX,2025-02-11,2025-02-11,63,,https://data.texas.gov/d/8w53-c4f6
Propio Language Services,PROPIO LANGUAGE,San Antonio,Bexar,TX,2025-02-11,2025-02-11,40,,https://data.texas.gov/d/8w53-c4f6
Planitroi,PLANITROI,Denville,,NJ,,2025-02-11,100,,https://www.nj.gov/labor/employer-services/warn/
Catholic Charities Archdiocese Of Galveston-Houston (Louisiana Street),CATHOLIC CHARITIES ARCHDIOCESE OF GALVESTON-HOUSTON (LOUISIANA STREET),Houston,Harris,TX,2025-02-10,2025-02-07,11,,https://data.texas.gov/d/8w53-c4f6
Catholic Charities Archdiocese Of Galveston-Houston (Smith Street),CATHOLIC CHARITIES ARCHDIOCESE OF GALVESTON-HOUSTON (SMITH STREET),Houston,Harris,TX,2025-02-10,2025-02-07,43,,https://data.texas.gov/d/8w53-c4f6
Catholic Charities Archdiocese Of Galveston-Houston (Bering Drive),CATHOLIC CHARITIES ARCHDIOCESE OF GALVESTON-HOUSTON (BERING DRIVE),Houston,Harris,TX,2025-02-10,2025-02-07,58,,https://data.texas.gov/d/8w53-c4f6
Catholic Charities Archdiocese Of Galveston-Houston (San Felipe),CATHOLIC CHARITIES ARCHDIOCESE OF GALVESTON-HOUSTON (SAN FELIPE),Houston,Harris,TX,2025-02-10,2025-02-07,8,,https://data.texas.gov/d/8w53-c4f6
RCHP (Reformed Church of Highland Park Affordable Housing Corporation),RCHP (REFORMED CHURCH OF HIGHLAND PARK AFFORDABLE HOUSING ),Highland Park,,NJ,,2025-02-10,195,,https://www.nj.gov/labor/employer-services/warn/
Novartis Group,NOVARTIS GROUP,East Hanover,,NJ,,2025-02-07,86,,https://www.nj.gov/labor/employer-services/warn/
Management Science for Health (MSH),MANAGEMENT SCIENCE FOR HEALTH (MSH),Arlington VA,,VA,2025-02-07,,182,,https://www.vec.virginia.gov/warn-notices
Syzygy Plasmonics,SYZYGY PLASMONICS,Houston,Harris,TX,2025-02-05,2025-03-31,58,,https://data.texas.gov/d/8w53-c4f6
Syzygy Plasmonics (Kirby),SYZYGY PLASMONICS (KIRBY),Houston,Harris,TX,2025-02-05,2025-03-31,10,,https://data.texas.gov/d/8w53-c4f6
"LX Pantos America, Inc.",LX PANTOS AMERICA,Fort Worth,Tarrant,TX,2025-02-05,2025-04-04,131,,https://data.texas.gov/d/8w53-c4f6
Pathlight Property Management (OPVHHJV LLC),PATHLIGHT PROPERTY MANAGEMENT (OPVHHJV ),Plano,Collin,TX,2025-02-05,2025-03-31,192,,https://data.texas.gov/d/8w53-c4f6
Hll Mission Technologies(Administrative Office of the US Courts (AOUSC),HLL MISSION (ADMINISTRATIVE OFFICE OF THE COURTS (AOUSC),San Antonio,Bexar,TX,2025-02-05,2025-03-31,56,,https://data.texas.gov/d/8w53-c4f6
Newark Morning Ledger LLC,NEWARK MORNING LEDGER,Pinebrook,,NJ,,2025-02-02,154,,https://www.nj.gov/labor/employer-services/warn/
"CWS (Church World Service, Inc.)",CWS (CHURCH WORLD SERVICE ),Jersey City,,NJ,,2025-01-31,79,,https://www.nj.gov/labor/employer-services/warn/
DraftKings Inc.,DRAFTKINGS,Atlantic City,,NJ,,2025-01-31,101,,https://www.nj.gov/labor/employer-services/warn/
Spirit Airlines,SPIRIT AIRLINES,Newark,,NJ,,2025-01-31,80,,https://www.nj.gov/labor/employer-services/warn/
Goodyear,GOODYEAR,Danville VA,,VA,2025-01-31,,815,Layoff,https://www.vec.virginia.gov/warn-notices
One TouchPoint,ONE TOUCHPOINT,Austin,Travis,TX,2025-01-30,2025-01-31,43,,https://data.texas.gov/d/8w53-c4f6
S & B Engineers and Constructors (Eastman),S B ENGINEERS AND CONSTRUCTORS (EASTMAN),Longview,Gregg,TX,2025-01-29,2025-03-28,43,,https://data.texas.gov/d/8w53-c4f6
Allied Aviation-Southlake,ALLIED AVIATION-SOUTHLAKE,Southlake,Tarrant,TX,2025-01-29,2025-03-31,362,,https://data.texas.gov/d/8w53-c4f6
Manpower Group (Irving),MANPOWER GROUP (IRVING),Irving,Dallas,TX,2025-01-29,2025-03-28,173,,https://data.texas.gov/d/8w53-c4f6
"Advanced Drainage Systems, Inc.",ADVANCED DRAINAGE SYSTEMS,Olympia,,WA,2025-01-28,2025-03-29,54,Permanent,https://esd.wa.gov/about-employees/WARN
"Construction Specialties Platforn Holdings, LLC",CONSTRUCTION SPECIALTIES PLATFORN HOLDINGS,Denton,Denton,TX,2025-01-27,2025-03-31,89,,https://data.texas.gov/d/8w53-c4f6
Recreational Equipment Inc.,RECREATIONAL EQUIPMENT,Sumner,,WA,2025-01-24,2025-01-24,45,Permanent,https://esd.wa.gov/about-employees/WARN
"Chalk Mountain Services of Texas of Texas, LLC (Pleasanton)",CHALK MOUNTAIN OF TEXAS OF TEXAS (PLEASANTON),Pleasanton,Atascosa,TX,2025-01-21,2025-02-02,1,,https://data.texas.gov/d/8w53-c4f6
D&A Consulting Service LLC dba GetInsured,D A CONSULTING SERVICE DBA GETINSURED,Virginia VA,,VA,2025-01-21,,35,Permanent Reduction,https://www.vec.virginia.gov/warn-notices
Macy's - Houston (Almeda),MACY'S - HOUSTON (ALMEDA),Houston,Harris,TX,2025-01-15,2025-03-18,72,,https://data.texas.gov/d/8w53-c4f6
RR Donnelley,RR DONNELLEY,Nacogdoches,Nacogdoches,TX,2025-01-14,2025-03-15,88,,https://data.texas.gov/d/8w53-c4f6
"COSMAX NBT USA, INC #1",COSMAX NBT #1,Garland,Dallas,TX,2025-01-14,2025-02-28,80,,https://data.texas.gov/d/8w53-c4f6
"Associated Materials, LLC",ASSOCIATED MATERIALS,Fife,,WA,2025-01-13,2025-01-13,150,Permanent,https://esd.wa.gov/about-employees/WARN
Recreational Equipment Inc.,RECREATIONAL EQUIPMENT,Various locations in Washington,,WA,2025-01-13,2025-03-31,31,Permanent,https://esd.wa.gov/about-employees/WARN
"Scentsy, Inc.",SCENTSY,Coppell,Dallas,TX,2025-01-09,2025-03-01,94,,https://data.texas.gov/d/8w53-c4f6
Macy's - Salem Center,MACY'S - SALEM CENTER,Salem,,OR,2025-01-09,2025-03-18,56,Permanent closure,https://data.oregon.gov/d/ijbz-jpx8
Commanche Peak Nuclear Power Plant,COMMANCHE PEAK NUCLEAR POWER PLANT,Glen Rose,Somervell,TX,2025-01-08,2025-01-31,86,,https://data.texas.gov/d/8w53-c4f6
Crothall Healthcare-Houston,CROTHALL HEALTHCARE-HOUSTON,Houston,Harris,TX,2025-01-08,2024-12-15,69,,https://data.texas.gov/d/8w53-c4f6
Nitto Inc,NITTO,Chesapeake VA,,VA,2025-01-08,,86,Closure,https://www.vec.virginia.gov/warn-notices
"ICON Technology, Inc.",ICON,Austin,Travis,TX,2025-01-07,2025-03-08,114,,https://data.texas.gov/d/8w53-c4f6
American Woodmark Corporation,AMERICAN WOODMARK,Orange VA,,VA,2025-01-07,,131,Closure,https://www.vec.virginia.gov/warn-notices
"REC Silicon, Inc.",REC SILICON,Moses Lake,,WA,2025-01-06,2025-01-16,224,Permanent,https://esd.wa.gov/about-employees/WARN
CVS Health,CVS HEALTH,Florham Park,,NJ,,2025-01-03,111,,https://www.nj.gov/labor/employer-services/warn/
BioReference Health,BIOREFERENCE HEALTH,Elmwood Park,,NJ,,2025-01-01,84,,https://www.nj.gov/labor/employer-services/warn/
"SDH Services East, LLC",SDH EAST,Bridgewater,,NJ,,2024-12-31,54,,https://www.nj.gov/labor/employer-services/warn/
Millennium Account Services,MILLENNIUM ACCOUNT,Sewell,,NJ,,2024-12-31,80,,https://www.nj.gov/labor/employer-services/warn/
Verizon,VERIZON,Basking Ridge,,NJ,,2024-12-31,50,,https://www.nj.gov/labor/employer-services/warn/
Unilever,UNILEVER,Englewood Cliffs,,NJ,,2024-12-31,149,,https://www.nj.gov/labor/employer-services/warn/
Siemens Healthcare Diagnostics Inc.,SIEMENS HEALTHCARE DIAGNOSTICS,Morris,,NJ,,2024-12-31,300,,https://www.nj.gov/labor/employer-services/warn/
"Tenneco, Inc.",TENNECO,El Paso,El Paso,TX,2024-12-27,2025-02-15,140,,https://data.texas.gov/d/8w53-c4f6
Bayer,BAYER,Whippany,,NJ,,2024-12-27,75,,https://www.nj.gov/labor/employer-services/warn/
Johnson & Johnson Services,JOHNSON JOHNSON,New Brunswick,,NJ,,2024-12-27,231,,https://www.nj.gov/labor/employer-services/warn/
Prudential Financial Inc.,PRUDENTIAL FINANCIAL,Newark,,NJ,,2024-12-27,108,,https://www.nj.gov/labor/employer-services/warn/
for Samsung Electronics America,FOR SAMSUNG ELECTRONICS AMERICA,Ridgefield Park,,NJ,,2024-12-26,125,,https://www.nj.gov/labor/employer-services/warn/
Kiss Distribution Corp,KISS DISTRIBUTION,Piscataway,,NJ,,2024-12-26,105,,https://www.nj.gov/labor/employer-services/warn/
JP Morgan Chase,JP MORGAN CHASE,Jersey City,,NJ,,2024-12-22,56,,https://www.nj.gov/labor/employer-services/warn/
Oregon - Remote Employees,OREGON - REMOTE EMPLOYEES,,,OR,2024-12-20,2025-02-19,1,Reduction,https://data.oregon.gov/d/ijbz-jpx8
"Vimo, Inc. dba GetInsured",VIMO DBA GETINSURED,Mountain View,,OR,2024-12-20,2025-02-19,429,Reduction,https://data.oregon.gov/d/ijbz-jpx8
Stealth Monitoring,STEALTH MONITORING,Addison,Collin,TX,2024-12-18,2025-02-11,29,,https://data.texas.gov/d/8w53-c4f6
for IJK Opco LLC (CarePoint Health),FOR IJK OPCO (CAREPOINT HEALTH),Bayonne,,NJ,,2024-12-12,859,,https://www.nj.gov/labor/employer-services/warn/
Hudson Hospital Opco LLC (CarePoint Health),HUDSON HOSPITAL OPCO (CAREPOINT HEALTH),Jersey City,,NJ,,2024-12-12,843,,https://www.nj.gov/labor/employer-services/warn/
"HUMC Opco LLC (CarePoint Health),",HUMC OPCO (CAREPOINT HEALTH),Hoboken,,NJ,,2024-12-12,900,,https://www.nj.gov/labor/employer-services/warn/
Bristol Myers Squibb,BRISTOL MYERS SQUIBB,Lawrenceville,,NJ,,2024-12-12,79,,https://www.nj.gov/labor/employer-services/warn/
FR Park Services,FR PARK,Freehold,,NJ,,2024-12-12,93,,https://www.nj.gov/labor/employer-services/warn/
"Get Fresh Produce, LLC",GET FRESH PRODUCE,Houston,Harris,TX,2024-12-11,2025-01-19,44,,https://data.texas.gov/d/8w53-c4f6
United Language Group,UNITED LANGUAGE GROUP,San Antonio,Bexar,TX,2024-12-11,2025-02-07,60,,https://data.texas.gov/d/8w53-c4f6
DallasNews Corporation,DALLASNEWS,Plano,Collin,TX,2024-12-11,2025-02-01,75,,https://data.texas.gov/d/8w53-c4f6
OptumCare,OPTUMCARE,Baskin Ridge,,NJ,,2024-12-11,160,,https://www.nj.gov/labor/employer-services/warn/
"Natural Fiber Welding, Inc.",NATURAL FIBER WELDING,Peoria,,OR,2024-12-10,2025-02-08,90,Reduction,https://data.oregon.gov/d/ijbz-jpx8
Remote Workers - Oregon,REMOTE WORKERS - OREGON,Portland,,OR,2024-12-10,2025-02-08,1,Reduction,https://data.oregon.gov/d/ijbz-jpx8
Boeing,BOEING,Various locations in Washington,,WA,2024-12-09,2025-02-21,396,Permanent,https://esd.wa.gov/about-employees/WARN
Albertsons Store 0515,ALBERTSONS STORE 0515,Roseburg,,OR,2024-12-06,2025-02-07,87,Permanent closure,https://data.oregon.gov/d/ijbz-jpx8
TTEC Government Solutions,TTEC GOVERNMENT,Austin,Travis,TX,2024-12-04,2025-02-07,650,,https://data.texas.gov/d/8w53-c4f6
Wells Fargo N.A. William Barnhart Cente,WELLS FARGO N A WILLIAM BARNHART CENTE,Hillsboro,,OR,2024-12-03,2025-10-01,500,Permanent closure,https://data.oregon.gov/d/ijbz-jpx8
Hawthorne Ave - Salem,HAWTHORNE AVE - SALEM,Salem,,OR,2024-12-03,2025-10-01,221,Permanent closure,https://data.oregon.gov/d/ijbz-jpx8
S&S Activewear,S S ACTIVEWEAR,Robbinsville,,NJ,,2024-12-01,154,,https://www.nj.gov/labor/employer-services/warn/
"SDH Service East, LLC",SDH SERVICE EAST,San Antonio,Bexar,TX,2024-11-25,2024-01-23,166,,https://data.texas.gov/d/8w53-c4f6
Exxon Mobil Corporation (Big Lake) #1,EXXON MOBIL (BIG LAKE) #1,Big Lake,Reagan,TX,2024-11-25,2024-12-31,1,,https://data.texas.gov/d/8w53-c4f6
Exxon Mobil Corporation (Big Lake) #2,EXXON MOBIL (BIG LAKE) #2,Big Lake,Reagan,TX,2024-11-25,2025-03-31,2,,https://data.texas.gov/d/8w53-c4f6
AT&T,AT T,Bedminster,,NJ,,2024-11-24,100,,https://www.nj.gov/labor/employer-services/warn/
Advanced Auto Parts (Grand Prairie),ADVANCED AUTO PARTS (GRAND PRAIRIE),Grand Prairie,Dallas,TX,2024-11-19,2025-02-14,10,,https://data.texas.gov/d/8w53-c4f6
Advanced Auto Parts (Forest Hill),ADVANCED AUTO PARTS (FOREST HILL),Forest Hill,Tarrant,TX,2024-11-19,2025-02-11,9,,https://data.texas.gov/d/8w53-c4f6
Advanced Auto Parts (Mccart Ave.),ADVANCED AUTO PARTS (MCCART AVE ),Fort Worth,Tarrant,TX,2024-11-19,2025-02-11,9,,https://data.texas.gov/d/8w53-c4f6
Advanced Auto Parts (Josey Ln),ADVANCED AUTO PARTS (JOSEY LN),Dallas,Dallas,TX,2024-11-19,2025-02-10,10,,https://data.texas.gov/d/8w53-c4f6
Advanced Auto Parts (Camp Bowie),ADVANCED AUTO PARTS (CAMP BOWIE),Fort Worth,Tarrant,TX,2024-11-19,2025-02-09,11,,https://data.texas.gov/d/8w53-c4f6
Advanced Auto Parts (Carroll Avenue),ADVANCED AUTO PARTS (CARROLL AVENUE),Dallas,Dallas,TX,2024-11-19,2025-02-10,8,,https://data.texas.gov/d/8w53-c4f6
Advanced Auto Parts #6855 (Pearland),ADVANCED AUTO PARTS #6855 (PEARLAND),Pearland,Brazoria,TX,2024-11-19,2025-02-15,10,,https://data.texas.gov/d/8w53-c4f6
Advanced Auto Parts (Garland),ADVANCED AUTO PARTS (GARLAND),Garland,Dallas,TX,2024-11-19,2025-02-12,10,,https://data.texas.gov/d/8w53-c4f6
Advanced Auto Parts # 8054 (Cypress),ADVANCED AUTO PARTS # 8054 (CYPRESS),Cypress,Harris,TX,2024-11-19,2025-02-15,12,,https://data.texas.gov/d/8w53-c4f6
Advanced Auto Parts # 8169 (Houston),ADVANCED AUTO PARTS # 8169 (HOUSTON),Houston,Harris,TX,2024-11-19,2025-02-13,8,,https://data.texas.gov/d/8w53-c4f6
Advanced Auto Parts # 7993 (Conroe),ADVANCED AUTO PARTS # 7993 (CONROE),Conroe,Montgomery,TX,2024-11-19,2025-01-29,6,,https://data.texas.gov/d/8w53-c4f6
Advanced Auto Parts # 8046 (Spring),ADVANCED AUTO PARTS # 8046 (SPRING),Spring,Montgomery,TX,2024-11-19,2025-02-15,11,,https://data.texas.gov/d/8w53-c4f6
Advanced Auto Parts # 8489 (Houston II),ADVANCED AUTO PARTS # 8489 (HOUSTON II),Houston,Harris,TX,2024-11-19,2025-01-27,7,,https://data.texas.gov/d/8w53-c4f6
Cabinet Door Service,CABINET DOOR SERVICE,Salem,,OR,2024-11-19,2024-11-20,60,Large Layoff - 10 or more workers,https://data.oregon.gov/d/ijbz-jpx8
Advanced Auto Parts# 7776 (Plano),ADVANCED AUTO PARTS# 7776 (PLANO),Plano,Collin,TX,2024-11-18,2025-02-15,12,,https://data.texas.gov/d/8w53-c4f6
Advanced Auto Parts #7912 (Plano),ADVANCED AUTO PARTS #7912 (PLANO),Plano,Collin,TX,2024-11-18,2025-02-12,10,,https://data.texas.gov/d/8w53-c4f6
Advanced Auto Parts# 7734 (Burleson),ADVANCED AUTO PARTS# 7734 (BURLESON),Burleson,Johnson,TX,2024-11-18,2024-02-12,1,,https://data.texas.gov/d/8w53-c4f6
The Boeing Company - Oregon Location,THE BOEING - OREGON LOCATION,Portland,,OR,2024-11-15,2025-01-17,50,Reduction,https://data.oregon.gov/d/ijbz-jpx8
Qualfon - Brian Unlimited Distribution Co.,QUALFON - BRIAN UNLIMITED DISTRIBUTION,Robinsville,,NJ,,2024-11-15,44,,https://www.nj.gov/labor/employer-services/warn/
VF Outdoor LLC,VF OUTDOOR,Martinsville VA,,VA,2024-11-15,,242,Closure,https://www.vec.virginia.gov/warn-notices
Boeing,BOEING,"Arlington, Fairfax, Newport News, Richmond VA",,VA,2024-11-15,,68,Layoff,https://www.vec.virginia.gov/warn-notices
Compass One Healthcare,COMPASS ONE HEALTHCARE,Norfolk VA,,VA,2024-11-15,,203,Layoff,https://www.vec.virginia.gov/warn-notices
Boeing,BOEING,Various locations in Washington,,WA,2024-11-15,2024-12-20,7,Permanent,https://esd.wa.gov/about-employees/WARN
Boeing,BOEING,Various locations in Washington,,WA,2024-11-15,2025-01-17,2192,Permanent,https://esd.wa.gov/about-employees/WARN
#4184 - Portland,#4184 - PORTLAND,Portland,,OR,2024-11-14,2025-03-10,13,Permanent closure,https://data.oregon.gov/d/ijbz-jpx8
#4324 - Sandy,#4324 - SANDY,Sandy,,OR,2024-11-14,2025-03-10,16,Permanent closure,https://data.oregon.gov/d/ijbz-jpx8
#3573 - Gresham,#3573 - GRESHAM,Gresham,,OR,2024-11-14,2025-03-09,12,Permanent closure,https://data.oregon.gov/d/ijbz-jpx8
#3911 - Milwaukie,#3911 - MILWAUKIE,Milwaukie,,OR,2024-11-14,2025-03-09,14,Permanent closure,https://data.oregon.gov/d/ijbz-jpx8
#3113 - Beaverton,#3113 - BEAVERTON,Beaverton,,OR,2024-11-14,2025-03-05,9,Permanent closure,https://data.oregon.gov/d/ijbz-jpx8
#9938 - Portland,#9938 - PORTLAND,Portland,,OR,2024-11-14,2025-03-05,9,Permanent closure,https://data.oregon.gov/d/ijbz-jpx8
#3574 - Gresham,#3574 - GRESHAM,Gresham,,OR,2024-11-14,2025-03-05,9,Permanent closure,https://data.oregon.gov/d/ijbz-jpx8
#7866 - Beaverton,#7866 - BEAVERTON,Beaverton,,OR,2024-11-14,2025-02-27,8,Permanent closure,https://data.oregon.gov/d/ijbz-jpx8
#4181 - Portland,#4181 - PORTLAND,Portland,,OR,2024-11-14,2025-02-26,9,Permanent closure,https://data.oregon.gov/d/ijbz-jpx8
Distribution Center - Portland,DISTRIBUTION CENTER - PORTLAND,Portland,,OR,2024-11-14,2025-02-15,80,Permanent closure,https://data.oregon.gov/d/ijbz-jpx8
#3612 - Hillsboro,#3612 - HILLSBORO,Hillsboro,,OR,2024-11-14,2025-02-02,6,Permanent closure,https://data.oregon.gov/d/ijbz-jpx8
"General Parts Distribution, LLC",GENERAL PARTS DISTRIBUTION,"Seattle, Tacoma, Lakewood, Auburn, Bellevue, Burien, Federal Way, Kent, Puyallup",,WA,2024-11-14,2025-02-26,100,Permanent,https://esd.wa.gov/about-employees/WARN
"Gilead Sciences, Inc.",GILEAD SCIENCES,Seattle,,WA,2024-11-13,2025-01-17,72,Permanent,https://esd.wa.gov/about-employees/WARN
Exxon Mobile (Las Colinas Office),EXXON MOBILE (LAS COLINAS OFFICE),Irving,Dallas,TX,2024-11-12,2024-12-31,376,,https://data.texas.gov/d/8w53-c4f6
Kuehne + Nagel (KN),KUEHNE + NAGEL (KN),Lewisville,Denton,TX,2024-11-12,2024-12-13,68,,https://data.texas.gov/d/8w53-c4f6
Exxon Mobil (Midland #1),EXXON MOBIL (MIDLAND #1),Midland,Midland,TX,2024-11-12,2024-12-31,9,,https://data.texas.gov/d/8w53-c4f6
Exxon Mobil (Midland #3),EXXON MOBIL (MIDLAND #3),Midland,Midland,TX,2024-11-12,2024-12-31,9,,https://data.texas.gov/d/8w53-c4f6
Fulton Bank,FULTON BANK,Mt. Laurel,,NJ,,2024-11-11,111,,https://www.nj.gov/labor/employer-services/warn/
Pitney Bowes,PITNEY BOWES,Monroe,,NJ,,2024-11-07,413,,https://www.nj.gov/labor/employer-services/warn/
Ardagh Glass Inc.,ARDAGH GLASS,Seattle,,WA,2024-11-07,2024-11-07,245,Permanent,https://esd.wa.gov/about-employees/WARN
"WIT Services Co., LLC",WIT,Stephenville,Erath,TX,2024-11-05,2024-12-27,15,,https://data.texas.gov/d/8w53-c4f6
"Paragon Industries, Inc.",PARAGON INDUSTRIES,Stephenville,Erath,TX,2024-11-05,2025-01-10,70,,https://data.texas.gov/d/8w53-c4f6
Hillsboro Client Site,HILLSBORO CLIENT SITE,Hillsboro,,OR,2024-11-05,2024-12-31,205,Large Layoff - 10 or more workers,https://data.oregon.gov/d/ijbz-jpx8
Providence Medical Group,PROVIDENCE MEDICAL GROUP,Vancouver,,WA,2024-11-04,2024-12-31,9,Permanent,https://esd.wa.gov/about-employees/WARN
Providence Medical Group,PROVIDENCE MEDICAL GROUP,"Battleground, Camas, Vancouver",,WA,2024-11-04,2024-12-31,106,Permanent,https://esd.wa.gov/about-employees/WARN
Metropolitan YMCA,METROPOLITAN YMCA,Wayne,,NJ,,2024-11-01,157,,https://www.nj.gov/labor/employer-services/warn/
Alcom LLC,ALCOM,Waco,McLennan,TX,2024-10-30,2024-12-16,83,,https://data.texas.gov/d/8w53-c4f6
"Misfits Markets, Inc.",MISFITS MARKETS,Clackamas,,OR,2024-10-30,2024-12-31,64,Permanent closure,https://data.oregon.gov/d/ijbz-jpx8
iCIMS,ICIMS,Holmdel,,NJ,,2024-10-30,69,,https://www.nj.gov/labor/employer-services/warn/
DHL Supply Chain (Missouri City 2024),DHL SUPPLY CHAIN (MISSOURI CITY 2024),Missouri City,Fort Bend,TX,2024-10-29,2025-01-13,43,,https://data.texas.gov/d/8w53-c4f6
DHL Supply Chain (Sugar Land 2024),DHL SUPPLY CHAIN (SUGAR LAND 2024),Sugar Land,Fort Bend,TX,2024-10-29,2025-01-13,10,,https://data.texas.gov/d/8w53-c4f6
Marathon Oil Corporation,MARATHON OIL,Houston,Harris,TX,2024-10-29,2024-05-28,500,,https://data.texas.gov/d/8w53-c4f6
"Sony Interactive Entertainment LLC, Firewalk Studios",SONY INTERACTIVE ENTERTAINMENT FIREWALK STUDIOS,Bellevue,,WA,2024-10-29,2024-11-01,174,Permanent,https://esd.wa.gov/about-employees/WARN
Sodexo (Alcon Labs),SODEXO (ALCON LABS),Fort Worth,Tarrant,TX,2024-10-24,2024-12-24,70,,https://data.texas.gov/d/8w53-c4f6
Wolfspeed,WOLFSPEED,Farmers Branch,Dallas,TX,2024-10-23,2024-11-23,73,,https://data.texas.gov/d/8w53-c4f6
"True Value Company, L.L.C.",TRUE VALUE,Corsicana,Navarro,TX,2024-10-23,2024-12-14,107,,https://data.texas.gov/d/8w53-c4f6
DENNIS Uniform,DENNIS UNIFORM,Fort Worth,Tarrant,TX,2024-10-22,2024-10-19,139,,https://data.texas.gov/d/8w53-c4f6
DENNIS Uniform,DENNIS UNIFORM,Portland,,OR,2024-10-19,2024-10-19,111,Large Layoff - 10 or more workers,https://data.oregon.gov/d/ijbz-jpx8
Portland - Production and Maintenance P,PORTLAND - PRODUCTION AND MAINTENANCE P,Portland,,OR,2024-10-17,2025-01-07,49,Permanent closure,https://data.oregon.gov/d/ijbz-jpx8
Intel Corporation,INTEL,Austin,Travis,TX,2024-10-16,2024-11-15,251,,https://data.texas.gov/d/8w53-c4f6
"National Fire & Safety, Inc",NATIONAL FIRE SAFETY,Dallas,Dallas,TX,2024-10-16,2024-12-16,99,,https://data.texas.gov/d/8w53-c4f6
MP2 Energy LLC (Shell Energy),MP2 ENERGY (SHELL ENERGY),Houston,Harris,TX,2024-10-16,2024-12-13,103,,https://data.texas.gov/d/8w53-c4f6
"True Value Company, L.L.C.",TRUE VALUE,Springfield,,OR,2024-10-15,2024-12-14,98,Permanent closure,https://data.oregon.gov/d/ijbz-jpx8
Aloha Facility,ALOHA FACILITY,Aloha,,OR,2024-10-15,2024-11-15,28,Large Layoff - 10 or more workers,https://data.oregon.gov/d/ijbz-jpx8
"Century Blvd., Hillsboro",CENTURY BLVD HILLSBORO,Hillsboro,,OR,2024-10-15,2024-11-15,514,Large Layoff - 10 or more workers,https://data.oregon.gov/d/ijbz-jpx8
"Elam Young Pkwy., Hillsboro",ELAM YOUNG PKWY HILLSBORO,Hillsboro,,OR,2024-10-15,2024-11-15,124,Large Layoff - 10 or more workers,https://data.oregon.gov/d/ijbz-jpx8
"25th Ave., Hillsboro",25TH AVE HILLSBORO,Hillsboro,,OR,2024-10-15,2024-11-15,634,Large Layoff - 10 or more workers,https://data.oregon.gov/d/ijbz-jpx8
Cornerstone Building Brands,CORNERSTONE BUILDING BRANDS,Tualatin,,OR,2024-10-15,2024-12-20,76,Permanent closure,https://data.oregon.gov/d/ijbz-jpx8
"Jabil, Inc.",JABIL,Richardson,Collin,TX,2024-10-10,2024-12-06,136,,https://data.texas.gov/d/8w53-c4f6
International Paper Company San Antonio,INTERNATIONAL PAPER SAN ANTONIO,San Antonio,Bexar,TX,2024-10-10,2024-11-18,89,,https://data.texas.gov/d/8w53-c4f6
IAC Strasburg LLC,IAC STRASBURG,Strasburg VA,,VA,2024-10-08,,69,Closure,https://www.vec.virginia.gov/warn-notices
Broadstep Academy,BROADSTEP ACADEMY,Sparta,,NJ,,2024-10-01,56,,https://www.nj.gov/labor/employer-services/warn/
Bristol Myers Squibb,BRISTOL MYERS SQUIBB,Lawrenceville,,NJ,,2024-10-01,117,,https://www.nj.gov/labor/employer-services/warn/
"Lamb Weston, Inc",LAMB WESTON,"Connell, WA",,WA,2024-10-01,2024-11-30,379,Permanent,https://esd.wa.gov/about-employees/WARN
NEXDINE Hospitality,NEXDINE HOSPITALITY,Voorhees,,NJ,,2024-09-30,109,,https://www.nj.gov/labor/employer-services/warn/
Kaleo,KALEO,Richmond VA,,VA,2024-09-30,,8,Layoff,https://www.vec.virginia.gov/warn-notices
Siemens Healthcare Diagnostics Inc.,SIEMENS HEALTHCARE DIAGNOSTICS,Flanders,,NJ,,2024-09-27,197,,https://www.nj.gov/labor/employer-services/warn/
Siemens Healthcare Diagnostics Inc.,SIEMENS HEALTHCARE DIAGNOSTICS,Flanders,,NJ,,2024-09-27,62,,https://www.nj.gov/labor/employer-services/warn/
Hillsboro Worksite,HILLSBORO WORKSITE,Hillsboro,,OR,2024-09-26,2024-11-25,150,Permanent closure,https://data.oregon.gov/d/ijbz-jpx8
Cygnus Home Services LLC. (San Antonio) Yelloh,CYGNUS HOME (SAN ANTONIO) YELLOH,San Antonio,Bexar,TX,2024-09-23,2024-11-22,11,,https://data.texas.gov/d/8w53-c4f6
Cygnus Home Services LLC. (Lewisville) Yelloh,CYGNUS HOME (LEWISVILLE) YELLOH,Lewisville,Denton,TX,2024-09-23,2024-11-22,25,,https://data.texas.gov/d/8w53-c4f6
Cygnus Home Service LLC dba Yelloh!,CYGNUS HOME SERVICE DBA YELLOH!,Bedford VA,,VA,2024-09-23,,11,Closure,https://www.vec.virginia.gov/warn-notices
Expedia Group Inc. (Austin),EXPEDIA GROUP (AUSTIN),Austin,Travis,TX,2024-09-19,2024-11-18,57,,https://data.texas.gov/d/8w53-c4f6
"AGC Biologics, Inc.",AGC BIOLOGICS,Bothell,,WA,2024-09-18,2024-11-22,10,Permanent,https://esd.wa.gov/about-employees/WARN
Boar's Head,BOAR'S HEAD,Jarratt VA,,VA,2024-09-17,,600,Closure,https://www.vec.virginia.gov/warn-notices
Laboratory Corporation of America Holdings,LABORATORY OF AMERICA HOLDINGS,Houston,Harris,TX,2024-09-16,2024-11-22,132,,https://data.texas.gov/d/8w53-c4f6
Compass Group / Fresh & Ready Foods,COMPASS GROUP / FRESH READY FOODS,Dallas,Dallas,TX,2024-09-13,,0,,https://data.texas.gov/d/8w53-c4f6
Cornerstone Building Brands,CORNERSTONE BUILDING BRANDS,North Brunswick,,NJ,,2024-09-13,86,,https://www.nj.gov/labor/employer-services/warn/
Southwest Key Program (Casa Trail House),SOUTHWEST KEY PROGRAM (CASA TRAIL HOUSE),El Paso,El Paso,TX,2024-09-12,2024-11-09,666,,https://data.texas.gov/d/8w53-c4f6
Southwestern Health Resources,SOUTHWESTERN HEALTH RESOURCES,Farmers Branch,Dallas,TX,2024-09-11,2024-09-10,129,,https://data.texas.gov/d/8w53-c4f6
Management & Training Corp. - MTC Medical LLC  (Giles W. Dalby Facility),MANAGEMENT TRAINING - MTC MEDICAL (GILES W DALBY FACILITY),Post,Garza,TX,2024-09-10,2024-09-30,218,,https://data.texas.gov/d/8w53-c4f6
Automatic Data Processing,AUTOMATIC DATA PROCESSING,Roseland,,NJ,,2024-09-10,93,,https://www.nj.gov/labor/employer-services/warn/
Walmart Inc.,WALMART,Pedtricktown,,NJ,,2024-09-09,271,,https://www.nj.gov/labor/employer-services/warn/
"Lost Boys Interactive, LLC",LOST BOYS INTERACTIVE,Various locations in Washington,,WA,2024-09-09,2024-09-09,3,Permanent,https://esd.wa.gov/about-employees/WARN
"Mead Johnson, RB Health, and Reckitt Benckiser",MEAD JOHNSON RB HEALTH AND RECKITT BENCKISER,Parsippany,,NJ,,2024-09-08,190,,https://www.nj.gov/labor/employer-services/warn/
"One Bus: Orange-Newark-Elizabeth Bus, Inc",ONE BUS: ORANGE-NEWARK-ELIZABETH BUS,Elizabeth,,NJ,,2024-09-08,131,,https://www.nj.gov/labor/employer-services/warn/
"Megabus Northeast, LLC",MEGABUS NORTHEAST,Elizabeth,,NJ,,2024-09-08,108,,https://www.nj.gov/labor/employer-services/warn/
"Community Transit Lines, Inc",COMMUNITY TRANSIT LINES,Paramus,,NJ,,2024-09-08,123,,https://www.nj.gov/labor/employer-services/warn/
"Steward Medical Group, Inc.",STEWARD MEDICAL GROUP,Richardson,Dallas,TX,2024-09-06,2024-10-29,40,,https://data.texas.gov/d/8w53-c4f6
Oregon - Remote Employees,OREGON - REMOTE EMPLOYEES,,,OR,2024-09-06,2024-09-09,5,Reduction,https://data.oregon.gov/d/ijbz-jpx8
"Lost Boys Interactive, LLC",LOST BOYS INTERACTIVE,Madison,,OR,2024-09-06,2024-09-09,134,Large Layoff - 10 or more workers,https://data.oregon.gov/d/ijbz-jpx8
RR Donnelly & Sons,RR DONNELLY SONS,Caldwell,,NJ,,2024-09-06,201,,https://www.nj.gov/labor/employer-services/warn/
Novartis Group,NOVARTIS GROUP,East Hanover,,NJ,,2024-09-06,96,,https://www.nj.gov/labor/employer-services/warn/
Steward Health Care System,STEWARD HEALTH CARE SYSTEM,Texarkana,Bowie,TX,2024-09-04,2024-11-02,43,,https://data.texas.gov/d/8w53-c4f6
"Basler Plastics, LLC",BASLER PLASTICS,San Marcos,Hays,TX,2024-09-04,2024-12-31,41,,https://data.texas.gov/d/8w53-c4f6
Acme Markets,ACME MARKETS,Chatham,,NJ,,2024-09-01,61,,https://www.nj.gov/labor/employer-services/warn/
"HCL America, Inc. (HCL Tech)",HCL AMERICA (HCL TECH),Frisco,Collin,TX,2024-08-30,2024-11-01,43,,https://data.texas.gov/d/8w53-c4f6
Catapult Learning,CATAPULT LEARNING,Trenton,,NJ,,2024-08-30,138,,https://www.nj.gov/labor/employer-services/warn/
Zoe Home Healthcare,ZOE HOME HEALTHCARE,Neptune City,,NJ,,2024-08-30,70,,https://www.nj.gov/labor/employer-services/warn/
Distinctive Spectrum Joint Venture 8a LLC,DISTINCTIVE SPECTRUM JOINT VENTURE 8A,Dumfries & Fairfax VA,,VA,2024-08-30,,132,Layoff,https://www.vec.virginia.gov/warn-notices
Bayer,BAYER,Whippany,,NJ,,2024-08-29,35,,https://www.nj.gov/labor/employer-services/warn/
Signify North America Corporation-Genlyte Thomas LLC (Updated),SIGNIFY NORTH AMERICA -GENLYTE THOMAS (UPDATED),San Marcos,Hays,TX,2024-08-28,2024-08-02,109,,https://data.texas.gov/d/8w53-c4f6
Callaway Golf Interactive Inc,CALLAWAY GOLF INTERACTIVE,Austin,Travis,TX,2024-08-27,2024-10-28,28,,https://data.texas.gov/d/8w53-c4f6
LL Flooring,LL FLOORING,"Sandston, VA VA",,VA,2024-08-27,,119,Closure,https://www.vec.virginia.gov/warn-notices
LL Flooring,LL FLOORING,Richmond VA,,VA,2024-08-27,,300,ClosureLayoff,https://www.vec.virginia.gov/warn-notices
Furnishare Inc,FURNISHARE,Teterboro,,NJ,,2024-08-23,171,,https://www.nj.gov/labor/employer-services/warn/
Bristol Myers Squibb,BRISTOL MYERS SQUIBB,Lawrenceville,,NJ,,2024-08-22,87,,https://www.nj.gov/labor/employer-services/warn/
VSPOne Dallas (VSP Optical Group),VSPONE DALLAS (VSP OPTICAL GROUP),Lewisville,Denton,TX,2024-08-21,2024-10-18,69,,https://data.texas.gov/d/8w53-c4f6
ETS,ETS,Princeton,,NJ,,2024-08-21,7,,https://www.nj.gov/labor/employer-services/warn/
Havana Central NJ1 LLC,HAVANA CENTRAL NJ1,Edison,,NJ,,2024-08-20,65,,https://www.nj.gov/labor/employer-services/warn/
Coherent Corp,COHERENT,Warren,,NJ,,2024-08-20,16,,https://www.nj.gov/labor/employer-services/warn/
Staples,STAPLES,Various locations throughout New Jersey,,NJ,,2024-08-16,124,,https://www.nj.gov/labor/employer-services/warn/
Conn's HomePlus (Grand Prairie),CONN'S HOMEPLUS (GRAND PRAIRIE),Grand Prairie,Dallas,TX,2024-08-14,2024-10-07,16,,https://data.texas.gov/d/8w53-c4f6
Walmart Inc,WALMART,Acme Markets,,NJ,,2024-08-14,237,,https://www.nj.gov/labor/employer-services/warn/
"Arbor E & T, LLC Equus Workforce Solutions San Marcos Office",ARBOR E T EQUUS WORKFORCE SAN MARCOS OFFICE,San Marcos,Hays,TX,2024-08-12,2024-09-30,17,,https://data.texas.gov/d/8w53-c4f6
"Arbor E & T, LLC Equus Workforce Solutions Lockhart Office",ARBOR E T EQUUS WORKFORCE LOCKHART OFFICE,Lockhart,Caldwell,TX,2024-08-12,2024-09-30,3,,https://data.texas.gov/d/8w53-c4f6
"Arbor E & T, LLC Equus Workforce Solutions Bastrop Office",ARBOR E T EQUUS WORKFORCE BASTROP OFFICE,Bastrop,Bastrop,TX,2024-08-12,2024-09-30,8,,https://data.texas.gov/d/8w53-c4f6
"Arbor E & T, LLC Equus Workforce Solutions Giddings Office",ARBOR E T EQUUS WORKFORCE GIDDINGS OFFICE,Giddings,Lee,TX,2024-08-12,2024-09-30,3,,https://data.texas.gov/d/8w53-c4f6
"Arbor E & T, LLC Equus Workforce Solutions La Grange Office",ARBOR E T EQUUS WORKFORCE LA GRANGE OFFICE,La Grange,Fayette,TX,2024-08-12,2024-09-30,1,,https://data.texas.gov/d/8w53-c4f6
"Arbor E&T, LLC Equus Workforce Solutions Round Rock",ARBOR E T EQUUS WORKFORCE ROUND ROCK,Round Rock,Williamson,TX,2024-08-12,2024-09-30,26,,https://data.texas.gov/d/8w53-c4f6
"Arbor E & T, LLC Equus Workforce Solutions Burnet",ARBOR E T EQUUS WORKFORCE BURNET,Burnet,Burnet,TX,2024-08-12,2024-09-30,6,,https://data.texas.gov/d/8w53-c4f6
"Arbor E & T, LLC Equus Workforce Solutions Llano Satellite Office",ARBOR E T EQUUS WORKFORCE LLANO SATELLITE OFFICE,Llano,Llano,TX,2024-08-12,2024-09-30,1,,https://data.texas.gov/d/8w53-c4f6
"Arbor E & T, LLC Equus Workforce Solutions Johnson City Satellite Office",ARBOR E T EQUUS WORKFORCE JOHNSON CITY SATELLITE OFFICE,Johnson City,Blanco,TX,2024-08-12,2024-09-30,1,,https://data.texas.gov/d/8w53-c4f6
"Arbor E & T, LLC Equus Workforce Solutions Bartlett Satellite Office",ARBOR E T EQUUS WORKFORCE BARTLETT SATELLITE OFFICE,Bartlett,Williamson,TX,2024-08-12,2024-09-30,1,,https://data.texas.gov/d/8w53-c4f6
"Arbor E & T, LLC Equus Workforce Solutions Taylor Satellite Office",ARBOR E T EQUUS WORKFORCE TAYLOR SATELLITE OFFICE,Taylor,Williamson,TX,2024-08-12,2024-09-30,1,,https://data.texas.gov/d/8w53-c4f6
"INVISTA (Orange) Nylon Chemicals Americas, LLC",INVISTA (ORANGE) NYLON CHEMICALS AMERICAS,Orange,Orange,TX,2024-08-12,2024-09-16,75,,https://data.texas.gov/d/8w53-c4f6
Landshark Bar & Grill,LANDSHARK BAR GRILL,San Antonio,Bexar,TX,2024-08-12,2024-08-17,18,,https://data.texas.gov/d/8w53-c4f6
Gabriel Brothers Inc.,GABRIEL BROTHERS,"Mount Laurel, Cherry Hill,",,NJ,,2024-08-12,52,,https://www.nj.gov/labor/employer-services/warn/
Seton Medical Center,SETON MEDICAL CENTER,Austin,Travis,TX,2024-08-08,2024-10-01,15,,https://data.texas.gov/d/8w53-c4f6
Seton Medical Center Hays,SETON MEDICAL CENTER HAYS,Kyle,Hays,TX,2024-08-08,2024-10-01,16,,https://data.texas.gov/d/8w53-c4f6
Seton Highland Lakes Hospital,SETON HIGHLAND LAKES HOSPITAL,Burnet,Burnet,TX,2024-08-08,2024-10-01,15,,https://data.texas.gov/d/8w53-c4f6
Seton Northwest Hospital,SETON NORTHWEST HOSPITAL,Austin,Travis,TX,2024-08-08,2024-10-01,16,,https://data.texas.gov/d/8w53-c4f6
Seton Medical Center Williams,SETON MEDICAL CENTER WILLIAMS,Round Rock,Williamson,TX,2024-08-08,2024-10-01,15,,https://data.texas.gov/d/8w53-c4f6
Seton Southwest Medical Center,SETON SOUTHWEST MEDICAL CENTER,Austin,Travis,TX,2024-08-08,2024-10-01,15,,https://data.texas.gov/d/8w53-c4f6
Texas Children's Hosptal (Texas Medical Center),TEXAS CHILDREN'S HOSPTAL (TEXAS MEDICAL CENTER),Houston,Harris,TX,2024-08-08,2024-10-02,997,,https://data.texas.gov/d/8w53-c4f6
ABM Texas (TCC Northeast),ABM TEXAS (TCC NORTHEAST),Hurst,Tarrant,TX,2024-08-08,2024-08-31,23,,https://data.texas.gov/d/8w53-c4f6
ABM Texas (TCC Northwest),ABM TEXAS (TCC NORTHWEST),Fort Worth,Tarrant,TX,2024-08-08,2024-08-31,23,,https://data.texas.gov/d/8w53-c4f6
ABM Texas (TCC South),ABM TEXAS (TCC SOUTH),Fort Worth,Tarrant,TX,2024-08-08,2024-08-31,23,,https://data.texas.gov/d/8w53-c4f6
ABM Texas (TCC Southeast),ABM TEXAS (TCC SOUTHEAST),Arlington,Tarrant,TX,2024-08-08,2024-08-31,23,,https://data.texas.gov/d/8w53-c4f6
ABM Texas (TCC Trinity),ABM TEXAS (TCC TRINITY),Fort Worth,Tarrant,TX,2024-08-08,2024-08-31,23,,https://data.texas.gov/d/8w53-c4f6
Conn's Appliances (Beaumont Site),CONN'S APPLIANCES (BEAUMONT SITE),Beaumont,Jefferson,TX,2024-08-07,2024-09-23,32,,https://data.texas.gov/d/8w53-c4f6
Conn's Appliances (Woodlands Site),CONN'S APPLIANCES (WOODLANDS SITE),Beaumont,Jefferson,TX,2024-08-07,2024-09-23,183,,https://data.texas.gov/d/8w53-c4f6
Conn's Appliances (San Antonio),CONN'S APPLIANCES (SAN ANTONIO),San Antonio,Bexar,TX,2024-08-07,2024-09-23,36,,https://data.texas.gov/d/8w53-c4f6
"Fleco Industries, LLC",FLECO INDUSTRIES,Carrollton,Dallas,TX,2024-08-07,2024-09-29,174,,https://data.texas.gov/d/8w53-c4f6
The Gunter Hotel San Antonio,THE GUNTER HOTEL SAN ANTONIO,San Antonio,Bexar,TX,2024-08-07,2024-10-01,75,,https://data.texas.gov/d/8w53-c4f6
MII Technologies (AOUSC),MII (AOUSC),San Antonio,Bexar,TX,2024-08-06,2024-10-31,57,,https://data.texas.gov/d/8w53-c4f6
Willamette Falls Paper Company,WILLAMETTE FALLS PAPER,West Linn,,OR,2024-08-06,2024-08-09,158,Large Layoff - 10 or more workers,https://data.oregon.gov/d/ijbz-jpx8
Exxon Mobil (Midland #1),EXXON MOBIL (MIDLAND #1),Midland,Midland,TX,2024-08-05,2024-09-30,1,,https://data.texas.gov/d/8w53-c4f6
Exxon Mobil (Midland #2),EXXON MOBIL (MIDLAND #2),Midland,Midland,TX,2024-08-05,2024-09-30,7,,https://data.texas.gov/d/8w53-c4f6
Exxon Mobil (Midland #3),EXXON MOBIL (MIDLAND #3),Midland,Midland,TX,2024-08-05,2024-09-30,10,,https://data.texas.gov/d/8w53-c4f6
Synchronous LLC dba First Mode,SYNCHRONOUS DBA FIRST MODE,"Seattle, Centralia",,WA,2024-08-05,2024-08-05,65,Permanent,https://esd.wa.gov/about-employees/WARN
Exxon Mobile (Las Colinas Office),EXXON MOBILE (LAS COLINAS OFFICE),Irving,Dallas,TX,2024-08-01,2024-09-30,39,,https://data.texas.gov/d/8w53-c4f6
Exxon Mobil (Big Lake),EXXON MOBIL (BIG LAKE),Big Lake,Reagan,TX,2024-08-01,2024-09-30,2,,https://data.texas.gov/d/8w53-c4f6
Japan Tobacco International USA Inc.,JAPAN TOBACCO INTERNATIONAL,Teaneck,,NJ,,2024-08-01,80,,https://www.nj.gov/labor/employer-services/warn/
Sky Chefs Inc.,SKY CHEFS,Arlington VA,,VA,2024-07-30,,100,Layoff,https://www.vec.virginia.gov/warn-notices
SunPower Corporation (Waterford),SUNPOWER (WATERFORD),Austin,Travis,TX,2024-07-29,2024-09-24,6,,https://data.texas.gov/d/8w53-c4f6
SunPower Corporation,SUNPOWER,Bellevue,,WA,2024-07-29,2024-09-24,98,Permanent,https://esd.wa.gov/about-employees/WARN
"BIMBO Bakeries USA, Inc.",BIMBO BAKERIES,San Antonio,Bexar,TX,2024-07-26,2024-10-05,138,,https://data.texas.gov/d/8w53-c4f6
Holiday Inn Club Vacations Incorporated,HOLIDAY INN CLUB VACATIONS,Galveston,Galveston,TX,2024-07-26,2024-07-29,54,,https://data.texas.gov/d/8w53-c4f6
Amentum,AMENTUM,Falls Church & Springfield VA,,VA,2024-07-26,,53,Closure,https://www.vec.virginia.gov/warn-notices
"GEODIS Logistics, LLC (Casestack)",GEODIS LOGISTICS (CASESTACK),Grand Prairie,Tarrant,TX,2024-07-25,2024-09-17,76,,https://data.texas.gov/d/8w53-c4f6
Quality Custom Distribution,QUALITY CUSTOM DISTRIBUTION,Schertz,Bexar,TX,2024-07-25,2024-09-27,57,,https://data.texas.gov/d/8w53-c4f6
Pitney Bowes Inc.(Austin),PITNEY BOWES (AUSTIN),Austin,Travis,TX,2024-07-23,2024-09-17,12,,https://data.texas.gov/d/8w53-c4f6
Pitney Bowes Inc.(Irving),PITNEY BOWES (IRVING),Irving,Dallas,TX,2024-07-23,2024-09-17,2,,https://data.texas.gov/d/8w53-c4f6
Walker Rd - Hillsboro,WALKER RD - HILLSBORO,Hillsboro,,OR,2024-07-23,2024-12-28,37,Large Layoff - 10 or more workers,https://data.oregon.gov/d/ijbz-jpx8
Walker Rd - Hillsboro,WALKER RD - HILLSBORO,Hillsboro,,OR,2024-07-23,2024-11-16,16,Large Layoff - 10 or more workers,https://data.oregon.gov/d/ijbz-jpx8
Walker Rd - Hillsboro,WALKER RD - HILLSBORO,Hillsboro,,OR,2024-07-23,2024-10-19,1,Reduction,https://data.oregon.gov/d/ijbz-jpx8
Walker Rd - Hillsboro,WALKER RD - HILLSBORO,Hillsboro,,OR,2024-07-23,2024-10-04,2,Reduction,https://data.oregon.gov/d/ijbz-jpx8
Walker Rd - Hillsboro,WALKER RD - HILLSBORO,Hillsboro,,OR,2024-07-23,2024-09-20,95,Permanent closure,https://data.oregon.gov/d/ijbz-jpx8
Master WoodCraft Cabinetry (Marshall),MASTER WOODCRAFT CABINETRY (MARSHALL),Marshall,Harrison,TX,2024-07-18,2024-09-13,298,,https://data.texas.gov/d/8w53-c4f6
Master WoodCraft Cabinetry (Jefferson),MASTER WOODCRAFT CABINETRY (JEFFERSON),Jefferson,Marion,TX,2024-07-18,2024-09-13,76,,https://data.texas.gov/d/8w53-c4f6
Golden Pass LNG Export Terminal (Sunbelt Rentals),GOLDEN PASS LNG EXPORT TERMINAL (SUNBELT RENTALS),Port Arthur,Jefferson,TX,2024-07-18,2024-05-21,277,,https://data.texas.gov/d/8w53-c4f6
"STG International, Inc.",STG INTERNATIONAL,Dilley,Frio,TX,2024-07-18,2024-07-31,107,,https://data.texas.gov/d/8w53-c4f6
Cornerstone Building Brands Inc.,CORNERSTONE BUILDING BRANDS,North Brunswick,,NJ,,2024-07-18,72,,https://www.nj.gov/labor/employer-services/warn/
Homegrown Partners LLC,HOMEGROWN PARTNERS,King County,,WA,2024-07-18,2024-09-15,158,Permanent,https://esd.wa.gov/about-employees/WARN
DHL Supply Chain (Carrollton),DHL SUPPLY CHAIN (CARROLLTON),Carrollton,Dallas,TX,2024-07-17,2024-09-14,104,,https://data.texas.gov/d/8w53-c4f6
"RXO Last Mile, Inc. (Greens Parkway)",RXO LAST MILE (GREENS PARKWAY),Houston,Harris,TX,2024-07-17,2024-09-16,27,,https://data.texas.gov/d/8w53-c4f6
Vectrus Systems Corporation(V2X) Sheppard Air Force Base,VECTRUS SYSTEMS (V2X) SHEPPARD AIR FORCE BASE,Wichita Falls,Archer,TX,2024-07-17,2024-09-30,123,,https://data.texas.gov/d/8w53-c4f6
Prudential Financial,PRUDENTIAL FINANCIAL,Newark,,NJ,,2024-07-16,146,,https://www.nj.gov/labor/employer-services/warn/
Keurig Green Mountain Inc.,KEURIG GREEN MOUNTAIN,Windsor VA,,VA,2024-07-16,,379,Closure,https://www.vec.virginia.gov/warn-notices
Barclays,BARCLAYS,Whippany,,NJ,,2024-07-15,70,,https://www.nj.gov/labor/employer-services/warn/
BAE Systems Inc,BAE SYSTEMS,McLean VA,,VA,2024-07-15,,56,Layoff,https://www.vec.virginia.gov/warn-notices
ETS,ETS,Prinecton,,NJ,,2024-07-11,62,,https://www.nj.gov/labor/employer-services/warn/
Providence Sacred Heart Medical Center,PROVIDENCE SACRED HEART MEDICAL CENTER,Spokane,,WA,2024-07-09,2024-09-07,50,Permanent,https://esd.wa.gov/about-employees/WARN
Sealed Air Corporation,SEALED AIR,Saddle Brook,,NJ,,2024-07-06,83,,https://www.nj.gov/labor/employer-services/warn/
ShipBob Inc. (Grapevine),SHIPBOB (GRAPEVINE),Grapevine,Dallas,TX,2024-07-05,2024-09-19,48,,https://data.texas.gov/d/8w53-c4f6
ShipBob Inc. (Dallas Hub),SHIPBOB (DALLAS HUB),Dallas,Dallas,TX,2024-07-05,2024-09-19,3,,https://data.texas.gov/d/8w53-c4f6
Getinge,GETINGE,Wayne,,NJ,,2024-07-05,85,,https://www.nj.gov/labor/employer-services/warn/
"ISS Action, Inc.",ISS ACTION,Harlingen,Cameron,TX,2024-07-03,2024-08-31,197,,https://data.texas.gov/d/8w53-c4f6
Hazelnut Growers of Oregon,HAZELNUT GROWERS OF OREGON,Aurora,,OR,2024-07-02,2024-12-27,4,Permanent closure,https://data.oregon.gov/d/ijbz-jpx8
Hazelnut Growers of Oregon,HAZELNUT GROWERS OF OREGON,Aurora,,OR,2024-07-02,2024-08-01,65,Large Layoff - 10 or more workers,https://data.oregon.gov/d/ijbz-jpx8
OHSU,OHSU,Portland,,OR,2024-07-01,2024-08-30,297,Large Layoff - 10 or more workers,https://data.oregon.gov/d/ijbz-jpx8
Continental Automotive Systems Inc,CONTINENTAL AUTOMOTIVE SYSTEMS,Culpepper VA,,VA,2024-07-01,,150,Closure,https://www.vec.virginia.gov/warn-notices
"Zachry Industrial, Inc. (Baytown) Updated",ZACHRY INDUSTRIAL (BAYTOWN) UPDATED,Baytown,Chambers,TX,2024-06-30,2024-08-31,28,,https://data.texas.gov/d/8w53-c4f6
"Zachry Industrial, Inc. (Sabine Pass) Updated",ZACHRY INDUSTRIAL (SABINE PASS) UPDATED,Sabine Pass,Jefferson,TX,2024-06-30,2024-08-31,33,,https://data.texas.gov/d/8w53-c4f6
"Zachry Industrial, Inc. (Orange) Updated",ZACHRY INDUSTRIAL (ORANGE) UPDATED,Orange,Orange,TX,2024-06-30,2024-06-30,32,,https://data.texas.gov/d/8w53-c4f6
"Zachry Industrial, Inc. (Beaumont) Updated",ZACHRY INDUSTRIAL (BEAUMONT) UPDATED,Beaumont,Jefferson,TX,2024-06-30,2024-08-31,33,,https://data.texas.gov/d/8w53-c4f6
BedaBox LLC dba ShipMonk,BEDABOX DBA SHIPMONK,Dayton,,NJ,,2024-06-30,148,,https://www.nj.gov/labor/employer-services/warn/
Sodexo,SODEXO,Piscataway,,NJ,,2024-06-30,58,,https://www.nj.gov/labor/employer-services/warn/
Bristol Myers Squibb,BRISTOL MYERS SQUIBB,Lawrenceville,,NJ,,2024-06-28,776,,https://www.nj.gov/labor/employer-services/warn/
Wayne Board of Education/Sodexo,WAYNE BOARD OF EDUCATION/SODEXO,Wayne,,NJ,,2024-06-28,70,,https://www.nj.gov/labor/employer-services/warn/
New Options Sports,NEW OPTIONS SPORTS,Farmers Branch,Dallas,TX,2024-06-27,2024-08-26,45,,https://data.texas.gov/d/8w53-c4f6
Southeast Service Corporation Services For Education,SOUTHEAST SERVICE FOR EDUCATION,Kingsville,Kleberg,TX,2024-06-25,2024-08-02,95,,https://data.texas.gov/d/8w53-c4f6
McKinley Paper Company,MCKINLEY PAPER,Port Angeles,,WA,2024-06-25,2024-08-25,190,Permanent,https://esd.wa.gov/about-employees/WARN
"Ardagh Glass Packaging, Inc.",ARDAGH GLASS PACKAGING,Houston,Harris,TX,2024-06-24,2024-07-01,220,,https://data.texas.gov/d/8w53-c4f6
JP Morgan Chase Bank,JP MORGAN CHASE BANK,Jersey City,,NJ,,2024-06-24,91,,https://www.nj.gov/labor/employer-services/warn/
Courier Post,COURIER POST,Cherry Hill,,NJ,,2024-06-23,139,,https://www.nj.gov/labor/employer-services/warn/
National Express Transit,NATIONAL EXPRESS TRANSIT,Roanoke VA,,VA,2024-06-21,,194,Closure,https://www.vec.virginia.gov/warn-notices
HII Mission Technologies (HII Defense and Federal Solutions),HII MISSION (HII DEFENSE AND FEDERAL ),San Antonio,Bexar,TX,2024-06-20,2024-07-31,57,,https://data.texas.gov/d/8w53-c4f6
RMC Events,RMC EVENTS,Richmond VA,,VA,2024-06-18,,280,Layoff,https://www.vec.virginia.gov/warn-notices
Compass Group / Fresh & Ready Foods,COMPASS GROUP / FRESH READY FOODS,Dallas,Dallas,TX,2024-06-17,2024-08-30,65,,https://data.texas.gov/d/8w53-c4f6
"Reckitt Benckiser, Mead Johnson, and RB Health,",RECKITT BENCKISER MEAD JOHNSON AND RB HEALTH,Parsippany,,NJ,,2024-06-17,100,,https://www.nj.gov/labor/employer-services/warn/
Ardagh Glass Inc.,ARDAGH GLASS,Seattle,,WA,2024-06-17,2024-07-01,244,Temporary,https://esd.wa.gov/about-employees/WARN
Charter Communications (Austin),CHARTER COMMUNICATIONS (AUSTIN),Austin,Travis,TX,2024-06-14,2024-08-15,230,,https://data.texas.gov/d/8w53-c4f6
CoreCivic (South Texas Family Residential Center),CORECIVIC (SOUTH TEXAS FAMILY RESIDENTIAL CENTER),Dilley,Frio,TX,2024-06-14,2024-08-13,433,,https://data.texas.gov/d/8w53-c4f6
Target Hospitality (Dilley South Texas Family Residential Center),TARGET HOSPITALITY (DILLEY SOUTH TEXAS FAMILY RESIDENTIAL CENTER),Dilley,Frio,TX,2024-06-13,2024-08-12,95,,https://data.texas.gov/d/8w53-c4f6
Coach USA (Kerrvile Bus Company),COACH (KERRVILE BUS ),San Antonio,Bexar,TX,2024-06-12,2024-09-03,50,,https://data.texas.gov/d/8w53-c4f6
"Superior Tire Service, Inc.",SUPERIOR TIRE SERVICE,Auburn,,WA,2024-06-12,2024-06-28,2,Temporary,https://esd.wa.gov/about-employees/WARN
Hunter Douglas Fabrication Company (Custom Brands Group) Updated,HUNTER DOUGLAS FABRICATION (CUSTOM BRANDS GROUP) UPDATED,McKinney,Collin,TX,2024-06-11,2024-09-13,53,,https://data.texas.gov/d/8w53-c4f6
"Intrepid U.S.A., Inc.",INTREPID U S A,Dallas,Dallas,TX,2024-06-10,2024-08-05,102,,https://data.texas.gov/d/8w53-c4f6
OHSU,OHSU,Portland,,OR,2024-06-07,2024-08-09,142,Large Layoff - 10 or more workers,https://data.oregon.gov/d/ijbz-jpx8
Kaiser Aluminum - Sherman,KAISER ALUMINUM - SHERMAN,Sherman,Grayson,TX,2024-06-04,2024-07-11,75,,https://data.texas.gov/d/8w53-c4f6
99 Cents Only Store LLC (Waco),99 CENTS ONLY STORE (WACO),Waco,McLennan,TX,2024-06-04,2024-06-03,20,,https://data.texas.gov/d/8w53-c4f6
99 Cents Only Stores - Houston - 4,99 CENTS ONLY STORES - HOUSTON - 4,Houston,Harris,TX,2024-06-04,2024-06-03,20,,https://data.texas.gov/d/8w53-c4f6
99 Cents Only Stores - San Antonio,99 CENTS ONLY STORES - SAN ANTONIO,San Antonio,Bexar,TX,2024-06-04,2024-06-03,20,,https://data.texas.gov/d/8w53-c4f6
99 Cents Only Store LLC (Pasadena),99 CENTS ONLY STORE (PASADENA),Pasadena,Harris,TX,2024-06-04,2024-06-03,20,,https://data.texas.gov/d/8w53-c4f6
99 Cents Only Store LLC (Mcallen),99 CENTS ONLY STORE (MCALLEN),McAllen,Hidalgo,TX,2024-06-04,2024-06-03,20,,https://data.texas.gov/d/8w53-c4f6
99 Cents Only Store LLC (Rosenberg),99 CENTS ONLY STORE (ROSENBERG),Rosenberg,Fort Bend,TX,2024-06-04,2024-06-03,20,,https://data.texas.gov/d/8w53-c4f6
99 Cents Only Store LLC (Walzem),99 CENTS ONLY STORE (WALZEM),San Antonio,Bexar,TX,2024-06-04,2024-06-03,20,,https://data.texas.gov/d/8w53-c4f6
99 Cents Only Store LLC (Katy#2),99 CENTS ONLY STORE (KATY#2),Katy,Harris,TX,2024-06-04,2024-06-03,20,,https://data.texas.gov/d/8w53-c4f6
"Zachry Industrial, Inc. (Sabine Pass)",ZACHRY INDUSTRIAL (SABINE PASS),Sabine Pass,Jefferson,TX,2024-06-03,2024-05-21,4072,,https://data.texas.gov/d/8w53-c4f6
"Zachry Industrial, Inc.(Orange)",ZACHRY INDUSTRIAL (ORANGE),Orange,Orange,TX,2024-06-03,2024-05-21,16,,https://data.texas.gov/d/8w53-c4f6
"Zachry Industrial, Inc.(Beaumont)",ZACHRY INDUSTRIAL (BEAUMONT),Beaumont,Jefferson,TX,2024-06-03,2024-05-21,15,,https://data.texas.gov/d/8w53-c4f6
"Zachry Industrial, Inc. (Baytown)",ZACHRY INDUSTRIAL (BAYTOWN),Baytown,Harris,TX,2024-06-03,2024-05-21,307,,https://data.texas.gov/d/8w53-c4f6
99 Cents Only Store LLC. (Conroe),99 CENTS ONLY STORE (CONROE),Conroe,Montgomery,TX,2024-06-03,2024-06-03,20,,https://data.texas.gov/d/8w53-c4f6
99 Cents Only Store LLC (El Paso),99 CENTS ONLY STORE (EL PASO),El Paso,El Paso,TX,2024-06-03,2024-06-03,20,,https://data.texas.gov/d/8w53-c4f6
99 Cents Only Store LLC (Katy),99 CENTS ONLY STORE (KATY),Katy,Harris,TX,2024-06-03,2024-06-03,20,,https://data.texas.gov/d/8w53-c4f6
The Beverage Works,THE BEVERAGE WORKS,Wall,,NJ,,2024-06-03,122,,https://www.nj.gov/labor/employer-services/warn/
Flight Centre Travel Group (USA) Inc.,FLIGHT CENTRE TRAVEL GROUP ( ),Montvale,,NJ,,2024-06-01,84,,https://www.nj.gov/labor/employer-services/warn/
Southwest Airlines  (Terminal Rd),SOUTHWEST AIRLINES (TERMINAL RD),Houston,Harris,TX,2024-05-31,2024-08-04,97,,https://data.texas.gov/d/8w53-c4f6
GEO Secure Services LLC-Lawrenceville Correctional Center,GEO SECURE -LAWRENCEVILLE CORRECTIONAL CENTER,Lawrenceville VA,,VA,2024-05-31,,235,Closure,https://www.vec.virginia.gov/warn-notices
Amazon,AMAZON,Tukwila,,WA,2024-05-31,2024-08-01,172,Permanent,https://esd.wa.gov/about-employees/WARN
"Prestige Care, Inc.",PRESTIGE CARE,Vancouver,,WA,2024-05-31,2024-08-01,150,Permanent,https://esd.wa.gov/about-employees/WARN
"New Columbia Fruit Packers, LLC",NEW COLUMBIA FRUIT PACKERS,Yakima,,WA,2024-05-31,2024-08-16,216,Permanent,https://esd.wa.gov/about-employees/WARN
Dallas Morning News North Plant,DALLAS MORNING NEWS NORTH PLANT,Plano,Collin,TX,2024-05-30,2025-01-01,85,,https://data.texas.gov/d/8w53-c4f6
Regal Logistics,REGAL LOGISTICS,Middlesex,,NJ,,2024-05-30,157,,https://www.nj.gov/labor/employer-services/warn/
Oregon - Remote Employees,OREGON - REMOTE EMPLOYEES,Portland,,OR,2024-05-29,2024-07-31,37,Large Layoff - 10 or more workers,https://data.oregon.gov/d/ijbz-jpx8
"Expedia, Inc.",EXPEDIA,Seattle,,WA,2024-05-29,2024-08-01,36,Permanent,https://esd.wa.gov/about-employees/WARN
"Campbell Soup Supply Company, LLC",CAMPBELL SOUP SUPPLY,Tualatin,,OR,2024-05-28,2026-07-26,200,Large Layoff - 10 or more workers,https://data.oregon.gov/d/ijbz-jpx8
"Campbell Soup Supply Company, LLC",CAMPBELL SOUP SUPPLY,Tualatin,,OR,2024-05-28,2025-01-31,10,Large Layoff - 10 or more workers,https://data.oregon.gov/d/ijbz-jpx8
"Campbell Soup Supply Company, LLC",CAMPBELL SOUP SUPPLY,Tualatin,,OR,2024-05-28,2024-08-02,120,Large Layoff - 10 or more workers,https://data.oregon.gov/d/ijbz-jpx8
Express Fashion Operations LLC,EXPRESS FASHION OPERATIONS,Multiple Locations Throughout NJ,,NJ,,2024-05-27,161,,https://www.nj.gov/labor/employer-services/warn/
"Obvio Health USA, Inc.",OBVIO HEALTH,Seattle,,WA,2024-05-24,2024-07-17,51,Permanent,https://esd.wa.gov/about-employees/WARN
Unleashed Brands (Towson),UNLEASHED BRANDS (TOWSON),Bedford,Tarrant,TX,2024-05-23,2024-05-21,48,,https://data.texas.gov/d/8w53-c4f6
Walmart (Carrollton),WALMART (CARROLLTON),Carrollton,Dallas,TX,2024-05-21,2024-08-09,206,,https://data.texas.gov/d/8w53-c4f6
Walmart (Munger Blvd.),WALMART (MUNGER BLVD ),Dallas,Dallas,TX,2024-05-20,2024-08-09,1266,,https://data.texas.gov/d/8w53-c4f6
UBS,UBS,Weehawken,,NJ,,2024-05-20,51,,https://www.nj.gov/labor/employer-services/warn/
VSPOne Dallas,VSPONE DALLAS,Lewisville,Denton,TX,2024-05-17,2024-07-18,14,,https://data.texas.gov/d/8w53-c4f6
GoldStar Transit (Waco ISD),GOLDSTAR TRANSIT (WACO ISD),Waco,McLennan,TX,2024-05-15,2024-06-01,94,,https://data.texas.gov/d/8w53-c4f6
"Rarefied Atmosphere, Inc",RAREFIED ATMOSPHERE,Austin,Travis,TX,2024-05-14,2024-07-12,106,,https://data.texas.gov/d/8w53-c4f6
Red Lobster Co,RED LOBSTER,Ledgewood,,NJ,,2024-05-13,60,,https://www.nj.gov/labor/employer-services/warn/
Lignetics,LIGNETICS,Cascade Locks,,OR,2024-05-10,2024-07-10,5,Reduction,https://data.oregon.gov/d/ijbz-jpx8
Lignetics,LIGNETICS,Cascade Locks,,OR,2024-05-10,2024-04-19,1,Reduction,https://data.oregon.gov/d/ijbz-jpx8
Lignetics,LIGNETICS,Cascade Locks,,OR,2024-05-10,2024-03-15,2,Reduction,https://data.oregon.gov/d/ijbz-jpx8
Paradigm Delivery LLC,PARADIGM DELIVERY,Airway Heights,,WA,2024-05-09,2024-07-07,42,Permanent,https://esd.wa.gov/about-employees/WARN
"Arkane Studios, LLC.",ARKANE STUDIOS,Austin,Travis,TX,2024-05-07,2024-07-06,96,,https://data.texas.gov/d/8w53-c4f6
Multnomah University,MULTNOMAH UNIVERSITY,Portland,,OR,2024-05-07,2024-06-30,88,Large Layoff - 10 or more workers,https://data.oregon.gov/d/ijbz-jpx8
Allied Universal Security Services (Wadsworth),ALLIED UNIVERSAL SECURITY (WADSWORTH),Wadsworth,Matagorda,TX,2024-05-03,2024-06-03,173,,https://data.texas.gov/d/8w53-c4f6
Denbury Inc.,DENBURY,Plano,Collin,TX,2024-05-02,2024-06-30,3,,https://data.texas.gov/d/8w53-c4f6
Baylor Scott & White Institute for Rehabilitation-Home Health,BAYLOR SCOTT WHITE INSTITUTE FOR REHABILITATION-HOME HEALTH,Flower Mound,Denton,TX,2024-05-02,2024-06-30,81,,https://data.texas.gov/d/8w53-c4f6
Select Specialty Hospital Longview-Select Medical Corporation,SELECT SPECIALTY HOSPITAL LONGVIEW-SELECT MEDICAL,Longview,Gregg,TX,2024-05-02,2024-06-30,94,,https://data.texas.gov/d/8w53-c4f6
TATA Consultancy Services Limited 2024,TATA CONSULTANCY 2024,Irving,Dallas,TX,2024-05-02,2024-05-06,94,,https://data.texas.gov/d/8w53-c4f6
"Careismatic Brands, Inc.",CAREISMATIC BRANDS,Dallas,Dallas,TX,2024-05-02,2024-05-31,202,,https://data.texas.gov/d/8w53-c4f6
Aramark Baylor (2100 River Street),ARAMARK BAYLOR (2100 RIVER STREET),Waco,McLennan,TX,2024-05-02,2024-05-31,64,,https://data.texas.gov/d/8w53-c4f6
Aramark Baylor(1919 S.First Street),ARAMARK BAYLOR(1919 S FIRST STREET),Waco,McLennan,TX,2024-05-02,2024-05-31,691,,https://data.texas.gov/d/8w53-c4f6
GoldStar Transit(Robinson Independent School District),GOLDSTAR TRANSIT(ROBINSON INDEPENDENT SCHOOL DISTRICT),Robinson,McLennan,TX,2024-05-02,2024-06-01,500,,https://data.texas.gov/d/8w53-c4f6
TATA Consultancy Services Limited 2024(Austin),TATA CONSULTANCY 2024(AUSTIN),Austin,Williamson,TX,2024-05-02,2024-04-15,21,,https://data.texas.gov/d/8w53-c4f6
E4D Technologies,E4D,Richardson,Collin,TX,2024-05-02,2024-05-01,67,,https://data.texas.gov/d/8w53-c4f6
Westlake Royal Building Products,WESTLAKE ROYAL BUILDING PRODUCTS,Carrollton,Dallas,TX,2024-05-02,2024-05-04,260,,https://data.texas.gov/d/8w53-c4f6
"Assurance IQ, LLC",ASSURANCE IQ,Seattle,,WA,2024-05-01,2024-07-03,112,Permanent,https://esd.wa.gov/about-employees/WARN
"Arnold Transportation Services, Inc",ARNOLD TRANSPORTATION,Grand Prairie,Dallas,TX,2024-04-30,2024-04-30,157,,https://data.texas.gov/d/8w53-c4f6
Sodexo,SODEXO,Winchester VA,,VA,2024-04-30,,119,Closure,https://www.vec.virginia.gov/warn-notices
Iron Mountain,IRON MOUNTAIN,Sterling VA,,VA,2024-04-30,,64,Closure,https://www.vec.virginia.gov/warn-notices
"Take- Two Interactive Software, Inc.",TAKE- TWO INTERACTIVE SOFTWARE,Seattle,,WA,2024-04-29,2024-06-28,70,Permanent,https://esd.wa.gov/about-employees/WARN
Lignetics Inc / GEM Shavings LLC,LIGNETICS / GEM SHAVINGS,Auburn,,WA,2024-04-26,2024-06-30,9,Permanent,https://esd.wa.gov/about-employees/WARN
"Soil Organic, Inc.",SOIL ORGANIC,Rice,Navarro,TX,2024-04-25,2024-09-13,61,,https://data.texas.gov/d/8w53-c4f6
Tesla,TESLA,Austin,Travis,TX,2024-04-23,2024-04-19,2688,,https://data.texas.gov/d/8w53-c4f6
Expedia Group Inc. (Austin),EXPEDIA GROUP (AUSTIN),Austin,Travis,TX,2024-04-23,2024-06-21,84,,https://data.texas.gov/d/8w53-c4f6
Portland Manufacturing Site,PORTLAND MANUFACTURING SITE,Portland,,OR,2024-04-22,2024-06-28,75,Large Layoff - 10 or more workers,https://data.oregon.gov/d/ijbz-jpx8
Bristol Myers Squibb,BRISTOL MYERS SQUIBB,Lawrenceville,,NJ,,2024-04-22,75,,https://www.nj.gov/labor/employer-services/warn/
"Expedia, Inc.",EXPEDIA,Seattle,,WA,2024-04-22,2024-06-21,2,Permanent,https://esd.wa.gov/about-employees/WARN
Family Dollar stores,FAMILY DOLLAR STORES,Various locations throughout New Jersey,,NJ,,2024-04-20,94,,https://www.nj.gov/labor/employer-services/warn/
"NIKE, Inc.",NIKE,Beaverton,,OR,2024-04-19,2024-06-28,740,Reduction,https://data.oregon.gov/d/ijbz-jpx8
lululemon usa inc.,LULULEMON,Sumner,,WA,2024-04-18,2024-06-21,128,Permanent,https://esd.wa.gov/about-employees/WARN
Joyson Safety Systems,JOYSON SAFETY SYSTEMS,San Antonio,Bexar,TX,2024-04-17,2024-06-01,108,,https://data.texas.gov/d/8w53-c4f6
Kohler Co.,KOHLER,Brownwood,Brown,TX,2024-04-16,2024-06-14,93,,https://data.texas.gov/d/8w53-c4f6
Prudential Financial Inc.,PRUDENTIAL FINANCIAL,Newark,,NJ,,2024-04-15,145,,https://www.nj.gov/labor/employer-services/warn/
"Plug Power, Inc.",PLUG POWER,"Spokane Valley, WA",,WA,2024-04-11,2024-06-30,107,Permanent,https://esd.wa.gov/about-employees/WARN
Audible Inc.,AUDIBLE,Newark,,NJ,,2024-04-10,62,,https://www.nj.gov/labor/employer-services/warn/
Newbold Services,NEWBOLD,East Windsor,,NJ,,2024-04-06,36,,https://www.nj.gov/labor/employer-services/warn/
RWJ Barnabas Health,RWJ BARNABAS HEALTH,West Orange,,NJ,,2024-04-05,79,,https://www.nj.gov/labor/employer-services/warn/
"Rooster Teeth Productions, LLC II",ROOSTER TEETH PRODUCTIONS II,Austin,Travis,TX,2024-04-04,2024-06-08,6,,https://data.texas.gov/d/8w53-c4f6
AIDC USA LLC,AIDC,Bothell,,WA,2024-04-04,2024-05-11,1,Permanent,https://esd.wa.gov/about-employees/WARN
"Nosco, Inc.",NOSCO,Carrollton,Dallas,TX,2024-04-03,2024-06-02,51,,https://data.texas.gov/d/8w53-c4f6
UPS,UPS,Roanoke VA,,VA,2024-04-03,,153,Closure,https://www.vec.virginia.gov/warn-notices
Pfizer,PFIZER,Everett,,WA,2024-04-03,2024-06-03,119,Permanent,https://esd.wa.gov/about-employees/WARN
"Block, Inc.",BLOCK,Oakland,,OR,2024-04-02,2024-06-03,20,Large Layoff - 10 or more workers,https://data.oregon.gov/d/ijbz-jpx8
"Block, Inc.",BLOCK,Vancouver,,WA,2024-04-02,2024-06-03,1,Permanent,https://esd.wa.gov/about-employees/WARN
ACME Markets Inc.,ACME MARKETS,Milltown,,NJ,,2024-04-01,70,,https://www.nj.gov/labor/employer-services/warn/
"Volta Charging Industries, LLC",VOLTA CHARGING INDUSTRIES,Various locations in Washington,,WA,2024-04-01,2024-05-31,7,Permanent,https://esd.wa.gov/about-employees/WARN
"Volta Charging Industries, LLC",VOLTA CHARGING INDUSTRIES,San Francisco,,OR,2024-03-29,2024-05-31,171,Permanent closure,https://data.oregon.gov/d/ijbz-jpx8
Davies UC LLC,DAVIES UC,Austin,Travis,TX,2024-03-28,2024-05-26,3,,https://data.texas.gov/d/8w53-c4f6
"Osso VR, Inc.",OSSO VR,San Francisco,,OR,2024-03-28,2024-05-27,67,Large Layoff - 10 or more workers,https://data.oregon.gov/d/ijbz-jpx8
Kroger Fulfillment Network LLC-San Antonio,KROGER FULFILLMENT NETWORK -SAN ANTONIO,San Antonio,Bexar,TX,2024-03-27,2024-03-25,73,,https://data.texas.gov/d/8w53-c4f6
Kroger Fulfillment Network LLC-Austin,KROGER FULFILLMENT NETWORK -AUSTIN,Austin,Travis,TX,2024-03-26,2024-05-25,52,,https://data.texas.gov/d/8w53-c4f6
"TEKsystems, Inc.",TEKSYSTEMS,Redmond,,WA,2024-03-26,2024-05-25,86,Permanent,https://esd.wa.gov/about-employees/WARN
"Bornstein Seafoods, Inc - Newport Facil",BORNSTEIN SEAFOODS - NEWPORT FACIL,Newport,,OR,2024-03-22,2024-05-21,50,Permanent closure,https://data.oregon.gov/d/ijbz-jpx8
Bornstein,BORNSTEIN,Bellingham,,WA,2024-03-22,2024-06-19,72,Permanent,https://esd.wa.gov/about-employees/WARN
"Bionano Genomics, Inc.",BIONANO GENOMICS,San Diego,,OR,2024-03-21,2024-05-24,76,Reduction,https://data.oregon.gov/d/ijbz-jpx8
Kenvue Inc.,KENVUE,Skillman,,NJ,,2024-03-15,51,,https://www.nj.gov/labor/employer-services/warn/
Signify North America Corporation - Genlyte Thomas LLC,SIGNIFY NORTH AMERICA - GENLYTE THOMAS,San Marcos,Hays,TX,2024-03-14,2024-05-16,109,,https://data.texas.gov/d/8w53-c4f6
Stanley Black and Decker,STANLEY BLACK AND DECKER,Mission,Hidalgo,TX,2024-03-14,2024-05-10,127,,https://data.texas.gov/d/8w53-c4f6
"Rooster Teeth Production, LLC",ROOSTER TEETH PRODUCTION,Austin,Travis,TX,2024-03-11,2024-05-11,133,,https://data.texas.gov/d/8w53-c4f6
"Tramontina USA, Inc.",TRAMONTINA,Sugar Land,Fort Bend,TX,2024-03-08,2024-03-08,62,,https://data.texas.gov/d/8w53-c4f6
Adventist Health of Tillamook,ADVENTIST HEALTH OF TILLAMOOK,Tillamook,,OR,2024-03-07,2024-05-05,22,Reduction,https://data.oregon.gov/d/ijbz-jpx8
Phoenix Assurance,PHOENIX ASSURANCE,Fort Worth,Tarrant,TX,2024-03-06,2024-04-30,25,,https://data.texas.gov/d/8w53-c4f6
Artic Slope Mission Services',ARTIC SLOPE MISSION ',El Paso,El Paso,TX,2024-03-06,2024-03-06,70,,https://data.texas.gov/d/8w53-c4f6
Ferring Pharmaceuticals Inc,FERRING PHARMACEUTICALS,Parsippany,,NJ,,2024-03-05,79,,https://www.nj.gov/labor/employer-services/warn/
"Gulf Stevedoring Services, LLC",GULF STEVEDORING,Galveston,Galveston,TX,2024-03-04,2024-04-30,29,,https://data.texas.gov/d/8w53-c4f6
BowFlex Inc.,BOWFLEX,Vancouver,,WA,2024-03-04,2024-04-19,202,Permanent,https://esd.wa.gov/about-employees/WARN
Ahold eCommerce Sales Company LLC,AHOLD ECOMMERCE SALES,Jersey City,,NJ,,2024-03-01,454,,https://www.nj.gov/labor/employer-services/warn/
Universal Protection Service LLC,UNIVERSAL PROTECTION SERVICE,McLean VA,,VA,2024-03-01,,86,Layoff,https://www.vec.virginia.gov/warn-notices
"Jabil, Inc.",JABIL,Vancouver,,WA,2024-03-01,2024-05-03,120,Permanent,https://esd.wa.gov/about-employees/WARN
"Ironhorse Funding, LLC.",IRONHORSE FUNDING,Irving,Dallas,TX,2024-02-29,2024-03-08,9,,https://data.texas.gov/d/8w53-c4f6
Denbury Inc,DENBURY,Plano,Collin,TX,2024-02-29,2024-04-30,111,,https://data.texas.gov/d/8w53-c4f6
Expedia Group Inc. (Austin),EXPEDIA GROUP (AUSTIN),Austin,Travis,TX,2024-02-27,2024-05-01,64,,https://data.texas.gov/d/8w53-c4f6
"Expedia, Inc.",EXPEDIA,Seattle,,WA,2024-02-27,2024-05-01,208,Permanent,https://esd.wa.gov/about-employees/WARN
"Del Monte Foods, Inc.",DEL MONTE FOODS,Toppenish,,WA,2024-02-27,2024-04-26,127,Permanent,https://esd.wa.gov/about-employees/WARN
Daifuku Services America Corp.,DAIFUKU AMERICA,Carrollton,Dallas,TX,2024-02-26,2024-04-22,38,,https://data.texas.gov/d/8w53-c4f6
Frontpoint LLC. (Primary Home Health Care),FRONTPOINT (PRIMARY HOME HEALTH CARE),Arlington,Tarrant,TX,2024-02-26,2024-03-11,53,,https://data.texas.gov/d/8w53-c4f6
Evergreen Enterprises of VA LLC,EVERGREEN ENTERPRISES OF VA,Madison VA,,VA,2024-02-26,,107,Layoff,https://www.vec.virginia.gov/warn-notices
Oldcastle Infrastructure,OLDCASTLE INFRASTRUCTURE,Kennedale,Tarrant,TX,2024-02-23,2024-04-22,64,,https://data.texas.gov/d/8w53-c4f6
Wieden + Kennedy,WIEDEN + KENNEDY,Portland,,OR,2024-02-23,2024-03-01,87,Reduction,https://data.oregon.gov/d/ijbz-jpx8
IAC Strasburg LLC,IAC STRASBURG,Strasburg VA,,VA,2024-02-23,,135,Layoff,https://www.vec.virginia.gov/warn-notices
"Kasasa, LTD",KASASA,Austin,Travis,TX,2024-02-22,2024-02-21,59,,https://data.texas.gov/d/8w53-c4f6
Rio Grande Valley Sugar Growers 2024,RIO GRANDE VALLEY SUGAR GROWERS 2024,Santa Rosa,Cameron,TX,2024-02-22,2024-04-29,435,,https://data.texas.gov/d/8w53-c4f6
Moog Industrial Group,MOOG INDUSTRIAL GROUP,Radford VA,,VA,2024-02-21,,156,Closure,https://www.vec.virginia.gov/warn-notices
"Output Services Group, Inc.",OUTPUT GROUP,Renton,,WA,2024-02-20,2024-04-19,76,Permanent,https://esd.wa.gov/about-employees/WARN
American Queen Steamboat Company,AMERICAN QUEEN STEAMBOAT,"Clarkston, Vancouver",,WA,2024-02-20,2024-02-20,508,Permanent,https://esd.wa.gov/about-employees/WARN
Fresh Pro Food Distributors,FRESH PRO FOOD DISTRIBUTORS,West Caldwell,,NJ,,2024-02-19,100,,https://www.nj.gov/labor/employer-services/warn/
Swissport Cargo Services Inc.,SWISSPORT CARGO,Newark,,NJ,,2024-02-19,378,,https://www.nj.gov/labor/employer-services/warn/
BAE Systems,BAE SYSTEMS,"Keyport, Silverdale",,WA,2024-02-16,2024-04-17,54,Permanent,https://esd.wa.gov/about-employees/WARN
NexTier Completion Solutions Inc. - San Angelo II,NEXTIER COMPLETION - SAN ANGELO II,San Angelo,Tom Green,TX,2024-02-15,2024-04-17,104,,https://data.texas.gov/d/8w53-c4f6
Philomath Division - Industrial Way Mil,PHILOMATH DIVISION - INDUSTRIAL WAY MIL,Philomath,,OR,2024-02-15,2024-02-15,58,Large Layoff - 10 or more workers,https://data.oregon.gov/d/ijbz-jpx8
Interfor U.S. Inc,INTERFOR U S,Philomath,,OR,2024-02-15,2024-02-15,42,Large Layoff - 10 or more workers,https://data.oregon.gov/d/ijbz-jpx8
Sodexo,SODEXO,Richmond VA,,VA,2024-02-14,,108,Layoff,https://www.vec.virginia.gov/warn-notices
"Roy Farms, SPC",ROY FARMS SPC,Moxee,,WA,2024-02-14,2024-04-15,129,Permanent,https://esd.wa.gov/about-employees/WARN
Portland Day Sort,PORTLAND DAY SORT,Portland,,OR,2024-02-13,2024-04-19,350,Large Layoff - 10 or more workers,https://data.oregon.gov/d/ijbz-jpx8
Barclays Service Corporation,BARCLAYS SERVICE,Whippany,,NJ,,2024-02-13,244,,https://www.nj.gov/labor/employer-services/warn/
"WFS Express, Inc. Kelley Field",WFS EXPRESS KELLEY FIELD,San Antonio,Bexar,TX,2024-02-12,2024-04-10,65,,https://data.texas.gov/d/8w53-c4f6
Pfizer Inc,PFIZER,Gladstone,,NJ,,2024-02-12,195,,https://www.nj.gov/labor/employer-services/warn/
"Appen AI, Inc.",APPEN AI,Kirkland,,WA,2024-02-09,2024-04-08,2,Permanent,https://esd.wa.gov/about-employees/WARN
"Skagit Horticulture, LLC",SKAGIT HORTICULTURE,"Mount Vernon, Mabton",,WA,2024-02-07,2024-04-07,169,Permanent,https://esd.wa.gov/about-employees/WARN
GALA Group North America Inc.,GALA GROUP NORTH AMERICA,Dublin VA,,VA,2024-02-06,,60,Closure,https://www.vec.virginia.gov/warn-notices
"RaterLabs, Inc.",RATERLABS,Kirkland,,WA,2024-02-06,2024-04-06,3657,Permanent,https://esd.wa.gov/about-employees/WARN
Charles Schwab & Co. Inc.,CHARLES SCHWAB,Jersey City,,NJ,,2024-02-05,109,,https://www.nj.gov/labor/employer-services/warn/
Shearer's Foods LLC,SHEARER'S FOODS,Lubbock,Lubbock,TX,2024-02-02,2024-03-31,176,,https://data.texas.gov/d/8w53-c4f6
Labcorp,LABCORP,Somerset,,NJ,,2024-02-02,239,,https://www.nj.gov/labor/employer-services/warn/
Sonoco Products Co.,SONOCO PRODUCTS,Sumner,,WA,2024-02-02,2024-03-01,34,Permanent,https://esd.wa.gov/about-employees/WARN
"Mattison Pathology, LLP dba Avero Diagnotics",MATTISON PATHOLOGY DBA AVERO DIAGNOTICS,Irving,Dallas,TX,2024-02-01,2024-12-08,103,,https://data.texas.gov/d/8w53-c4f6
"Thermoforming Systems, LLC",THERMOFORMING SYSTEMS,Union Gap,,WA,2024-01-31,2024-03-31,66,Permanent,https://esd.wa.gov/about-employees/WARN
American Airlines-SRO,AMERICAN AIRLINES-SRO,Ft. Worth,Tarrant,TX,2024-01-30,2024-03-30,321,,https://data.texas.gov/d/8w53-c4f6
Remote Workers - Oregon,REMOTE WORKERS - OREGON,,,OR,2024-01-30,2024-03-30,46,Large Layoff - 10 or more workers,https://data.oregon.gov/d/ijbz-jpx8
RNDC - Bend Location,RNDC - BEND LOCATION,Bend,,OR,2024-01-30,2024-03-31,4,Permanent closure,https://data.oregon.gov/d/ijbz-jpx8
RNDC - Medford Location #1,RNDC - MEDFORD LOCATION #1,Medford,,OR,2024-01-30,2024-03-31,1,Permanent closure,https://data.oregon.gov/d/ijbz-jpx8
RNDC - Eugene Location,RNDC - EUGENE LOCATION,Eugene,,OR,2024-01-30,2024-03-31,3,Permanent closure,https://data.oregon.gov/d/ijbz-jpx8
RNDC - Portland Location,RNDC - PORTLAND LOCATION,Portland,,OR,2024-01-30,2024-03-31,67,Permanent closure,https://data.oregon.gov/d/ijbz-jpx8
RNDC - Medford Location #2,RNDC - MEDFORD LOCATION #2,Medford,,OR,2024-01-30,2024-03-31,3,Permanent closure,https://data.oregon.gov/d/ijbz-jpx8
"Block, Inc.",BLOCK,Statewide,,WA,2024-01-30,2024-03-30,43,Permanent,https://esd.wa.gov/about-employees/WARN
Penske Logistics LLC,PENSKE LOGISTICS,"Auburn, Arlington, Benton City, Spokane",,WA,2024-01-30,2024-03-31,125,Permanent,https://esd.wa.gov/about-employees/WARN
CVS Health,CVS HEALTH,several locations within NJ,,NJ,,2024-01-27,90,,https://www.nj.gov/labor/employer-services/warn/
Verizon Corp. Resources Group LLC & other VZ Affiliates,VERIZON RESOURCES GROUP OTHER VZ AFFILIATES,Basking Ridge,,NJ,,2024-01-27,80,,https://www.nj.gov/labor/employer-services/warn/
HMSHost,HMSHOST,Spokane,,WA,2024-01-26,2024-04-13,119,Permanent,https://esd.wa.gov/about-employees/WARN
Hollingsworth LLC,HOLLINGSWORTH,Fort Worth,Tarrant,TX,2024-01-25,2024-03-31,153,,https://data.texas.gov/d/8w53-c4f6
Vroom-Meadows Place #2,VROOM-MEADOWS PLACE #2,Stafford,Fort Bend,TX,2024-01-25,2024-03-23,54,,https://data.texas.gov/d/8w53-c4f6
Vroom-Stafford,VROOM-STAFFORD,Stafford,Harris,TX,2024-01-25,2024-03-23,283,,https://data.texas.gov/d/8w53-c4f6
"Panera, LLC Fresh Dough Facility",PANERA FRESH DOUGH FACILITY,Houston,Harris,TX,2024-01-24,2024-03-24,84,,https://data.texas.gov/d/8w53-c4f6
Longwood Elastomers,LONGWOOD ELASTOMERS,Brenham,Washington,TX,2024-01-24,2024-04-01,52,,https://data.texas.gov/d/8w53-c4f6
"Northwest Motorsport, LLC",NORTHWEST MOTORSPORT,"Lynnwood, Marysville, Pasco, Puyallup, Spokane Valley",,WA,2024-01-24,2024-03-24,142,Permanent,https://esd.wa.gov/about-employees/WARN
Vroom-Sam Houston Parkway,VROOM-SAM HOUSTON PARKWAY,Houston,Harris,TX,2024-01-23,2024-03-23,178,,https://data.texas.gov/d/8w53-c4f6
Horton Automatics,HORTON AUTOMATICS,Corpus Christi,Nueces,TX,2024-01-22,2024-03-18,63,,https://data.texas.gov/d/8w53-c4f6
The Bank of New York Mellon Corporation,THE BANK OF NEW YORK MELLON,"Pennington, Jersey City, Woodland Park",,NJ,,2024-01-22,62,,https://www.nj.gov/labor/employer-services/warn/
HMS Host-DFW Airport,HMS HOST-DFW AIRPORT,Grapevine,Tarrant,TX,2024-01-19,2024-01-14,334,,https://data.texas.gov/d/8w53-c4f6
WestRock Company,WESTROCK,Seattle,,WA,2024-01-19,2024-03-18,87,Permanent,https://esd.wa.gov/about-employees/WARN
Walmart,WALMART,Redmond,,WA,2024-01-19,2024-02-09,62,Permanent,https://esd.wa.gov/about-employees/WARN
Versum Materials US LLC,VERSUM MATERIALS,Austin,Travis,TX,2024-01-18,2024-02-02,51,,https://data.texas.gov/d/8w53-c4f6
GEO Reentry Service LLC,GEO REENTRY SERVICE,Newark,,NJ,,2024-01-18,107,,https://www.nj.gov/labor/employer-services/warn/
Jumbo Beverages,JUMBO BEVERAGES,Grapevine,Tarrant,TX,2024-01-17,2024-02-29,109,,https://data.texas.gov/d/8w53-c4f6
United States Technologies Communications Corp.,UNITED STATES COMMUNICATIONS,Edison,,NJ,,2024-01-17,114,,https://www.nj.gov/labor/employer-services/warn/
Geico,GEICO,Cherry Hill,,NJ,,2024-01-17,93,,https://www.nj.gov/labor/employer-services/warn/
"WWL Vehicle Services Americas, Inc.",WWL VEHICLE AMERICAS,Houston,Harris,TX,2024-01-16,2024-03-18,63,,https://data.texas.gov/d/8w53-c4f6
Inova Health Care Services,INOVA HEALTH CARE,Falls Church VA,,VA,2024-01-16,,98,Closure,https://www.vec.virginia.gov/warn-notices
GDI Services - Coppell,GDI - COPPELL,Coppell,Dallas,TX,2024-01-12,2024-01-04,44,,https://data.texas.gov/d/8w53-c4f6
GDI Services Dallas,GDI DALLAS,Dallas,Dallas,TX,2024-01-12,2024-01-04,44,,https://data.texas.gov/d/8w53-c4f6
Unity Technologies-Austin,UNITY -AUSTIN,Austin,Travis,TX,2024-01-12,2024-01-09,92,,https://data.texas.gov/d/8w53-c4f6
TD Bank,TD BANK,Cherry Hill,,NJ,,2024-01-12,54,,https://www.nj.gov/labor/employer-services/warn/
"Lost Boys Interactive, LLC",LOST BOYS INTERACTIVE,"Bellevue, Bothell, Kirkland, Monroe, Redmond, Sammamish",,WA,2024-01-12,2024-03-15,7,Permanent,https://esd.wa.gov/about-employees/WARN
Oregon - Remote Employees,OREGON - REMOTE EMPLOYEES,,,OR,2024-01-11,2024-03-15,4,Reduction,https://data.oregon.gov/d/ijbz-jpx8
"Lost Boys Interactive, LLC",LOST BOYS INTERACTIVE,Madison,,OR,2024-01-11,2024-03-15,121,Large Layoff - 10 or more workers,https://data.oregon.gov/d/ijbz-jpx8
Qualcomm Inc.,QUALCOMM,Bridgewater,,NJ,,2024-01-11,91,,https://www.nj.gov/labor/employer-services/warn/
ID Logistics,ID LOGISTICS,Avenel,,NJ,,2024-01-11,108,,https://www.nj.gov/labor/employer-services/warn/
Lost Boys Interactive LLC,LOST BOYS INTERACTIVE,Springfield VA,,VA,2024-01-11,,1,Closure,https://www.vec.virginia.gov/warn-notices
Sickles Market LLC,SICKLES MARKET,Little Silver,,NJ,,2024-01-10,117,,https://www.nj.gov/labor/employer-services/warn/
"Merit Logistics, LLC",MERIT LOGISTICS,Chehalis,,WA,2024-01-10,2024-02-03,158,Permanent,https://esd.wa.gov/about-employees/WARN
"ABM Industries, Inc. Flowers Baking Company",ABM INDUSTRIES FLOWERS BAKING,San Antonio,Bexar,TX,2024-01-09,2024-03-02,176,,https://data.texas.gov/d/8w53-c4f6
Tom Thumb Store #3854,TOM THUMB STORE #3854,Grapevine,Tarrant,TX,2024-01-09,2024-02-17,71,,https://data.texas.gov/d/8w53-c4f6
Unity Technologies,UNITY,Bellevue,,WA,2024-01-09,2024-01-09,120,Permanent,https://esd.wa.gov/about-employees/WARN
Masonite Corporation (Greenville),MASONITE (GREENVILLE),Greenville,Hunt,TX,2024-01-08,2023-12-06,75,,https://data.texas.gov/d/8w53-c4f6
"Packers Sanitation Services, Inc. (PSSI) Friona",PACKERS SANITATION (PSSI) FRIONA,Friona,Parmer,TX,2024-01-08,2024-01-11,103,,https://data.texas.gov/d/8w53-c4f6
"Flexe, Inc.",FLEXE,Seattle,,WA,2024-01-08,2024-03-08,99,Permanent,https://esd.wa.gov/about-employees/WARN
Genpact US Services LLC,GENPACT,Richardson,Collin,TX,2024-01-05,2024-02-28,365,,https://data.texas.gov/d/8w53-c4f6
Technica Corporation,TECHNICA,San Antonio,Bexar,TX,2024-01-05,2024-02-15,60,,https://data.texas.gov/d/8w53-c4f6
Ruan Transport Corporation,RUAN TRANSPORT,Rural Retreat VA,,VA,2024-01-05,,17,Closure,https://www.vec.virginia.gov/warn-notices
Ruan Transport Corporation,RUAN TRANSPORT,Gordonsville VA,,VA,2024-01-05,,46,Closure,https://www.vec.virginia.gov/warn-notices
Randalls #2490,RANDALLS #2490,Austin,Travis,TX,2024-01-04,2024-02-10,76,,https://data.texas.gov/d/8w53-c4f6
"Citibank N/A, Citigroup Global Markets Inc, Citigroup Technology Inc, Citishare Corp",CITIBANK N/A CITIGROUP GLOBAL MARKETS CITIGROUP CITISHARE,"Jersey City, Rutherford, Short Hills, Paramus,Hoboken, Fort Lee",,NJ,,2024-01-04,187,,https://www.nj.gov/labor/employer-services/warn/
Novelis ALR Rolled Products Inc.,NOVELIS ALR ROLLED PRODUCTS,Clayton,,NJ,,2024-01-02,104,,https://www.nj.gov/labor/employer-services/warn/
Elementis Global LLC,ELEMENTIS GLOBAL,East Windsor,,NJ,,2023-12-31,58,,https://www.nj.gov/labor/employer-services/warn/
REXAM Beverage Can Company (Ball Corp),REXAM BEVERAGE CAN (BALL ),Kent,,WA,2023-12-28,2024-02-29,121,Permanent,https://esd.wa.gov/about-employees/WARN
PTC Therapeutics Inc.,PTC THERAPEUTICS,Plainfield,,NJ,,2023-12-27,308,,https://www.nj.gov/labor/employer-services/warn/
Custom Ink,CUSTOM INK,Flower Mound,Denton,TX,2023-12-18,2023-12-15,256,,https://data.texas.gov/d/8w53-c4f6
Cruise LLC,CRUISE,Bellevue,,WA,2023-12-18,2023-12-14,67,Permanent,https://esd.wa.gov/about-employees/WARN
Hotel Mahwah dba Sheraton Mahwah,HOTEL MAHWAH DBA SHERATON MAHWAH,Mahwah,,NJ,,2023-12-15,91,,https://www.nj.gov/labor/employer-services/warn/
The International Paper Company Sabine Railroad,THE INTERNATIONAL PAPER SABINE RAILROAD,Orange,Orange,TX,2023-12-11,2024-02-06,12,,https://data.texas.gov/d/8w53-c4f6
Masonite Coorporation,MASONITE COORPORATION,Greenville,Hunt,TX,2023-12-07,2023-12-06,75,,https://data.texas.gov/d/8w53-c4f6
"Omron Microscan Systems, Inc.",OMRON MICROSCAN SYSTEMS,Renton,,WA,2023-12-07,2024-02-02,57,Permanent,https://esd.wa.gov/about-employees/WARN
Zulily LLC,ZULILY,Seattle,,WA,2023-12-07,2024-02-07,292,Permanent,https://esd.wa.gov/about-employees/WARN
Granite Peak Fabrication,GRANITE PEAK FABRICATION,Midland,Midland,TX,2023-12-04,2024-02-02,89,,https://data.texas.gov/d/8w53-c4f6
DHL Supply Chain - Sugar Land,DHL SUPPLY CHAIN - SUGAR LAND,Sugar Land,Fort Bend,TX,2023-12-04,2024-01-31,10,,https://data.texas.gov/d/8w53-c4f6
DHL Supply Chain - Missouri City,DHL SUPPLY CHAIN - MISSOURI CITY,Missouri City,Fort Bend,TX,2023-12-04,2023-12-04,50,,https://data.texas.gov/d/8w53-c4f6
"Matheson Flight Extenders, Inc.",MATHESON FLIGHT EXTENDERS,Grapevine,Tarrant,TX,2023-12-04,2024-01-31,92,,https://data.texas.gov/d/8w53-c4f6
Vmware Inc. River Place),VMWARE RIVER PLACE),Austin,Travis,TX,2023-12-01,2024-01-26,577,,https://data.texas.gov/d/8w53-c4f6
Portland - Site,PORTLAND - SITE,Portland,,OR,2023-12-01,2024-01-31,62,Permanent closure,https://data.oregon.gov/d/ijbz-jpx8
Hunterdon Brewing Company LLC,HUNTERDON BREWING,White House Station,,NJ,,2023-12-01,143,,https://www.nj.gov/labor/employer-services/warn/
Bandier Texas LLC.,BANDIER TEXAS,Dallas,Dallas,TX,2023-11-27,2023-11-22,9,,https://data.texas.gov/d/8w53-c4f6
Covenant Aviation Security(George Bush Airport),COVENANT AVIATION SECURITY(GEORGE BUSH AIRPORT),Houston,Harris,TX,2023-11-27,2023-12-06,64,,https://data.texas.gov/d/8w53-c4f6
Covenant Aviation Security (Hobby Airport),COVENANT AVIATION SECURITY (HOBBY AIRPORT),Houston,Harris,TX,2023-11-27,2023-12-06,39,,https://data.texas.gov/d/8w53-c4f6
Cognizant Technology Solutions (Riata),COGNIZANT (RIATA),Austin,Travis,TX,2023-11-27,2023-12-08,65,,https://data.texas.gov/d/8w53-c4f6
Broadcom Inc.,BROADCOM,Reston VA,,VA,2023-11-27,,116,Layoff,https://www.vec.virginia.gov/warn-notices
Broadcom Inc.,BROADCOM,Bellevue,,WA,2023-11-27,2024-01-26,158,Permanent,https://esd.wa.gov/about-employees/WARN
Novartis Pharmaceuticals,NOVARTIS PHARMACEUTICALS,Hanover,,NJ,,2023-11-24,103,,https://www.nj.gov/labor/employer-services/warn/
T Mobile USA Inc.,T MOBILE,Various locations throughout NJ,,NJ,,2023-11-23,50,,https://www.nj.gov/labor/employer-services/warn/
AT&T,AT T,Middletown,,NJ,,2023-11-23,12,,https://www.nj.gov/labor/employer-services/warn/
AT&T,AT T,Bedminister,,NJ,,2023-11-23,29,,https://www.nj.gov/labor/employer-services/warn/
AT&T,AT T,Paramus,,NJ,,2023-11-23,20,,https://www.nj.gov/labor/employer-services/warn/
AT&T,AT T,Trenton,,NJ,,2023-11-23,1,,https://www.nj.gov/labor/employer-services/warn/
Nestle USA Inc.,NESTLE,Freehold,,NJ,,2023-11-17,210,,https://www.nj.gov/labor/employer-services/warn/
Labcorp Early Development Laboratories Inc.,LABCORP EARLY DEVELOPMENT LABORATORIES,Somerset,,NJ,,2023-11-17,78,,https://www.nj.gov/labor/employer-services/warn/
KeHE Distributors Inc.,KEHE DISTRIBUTORS,Remote Workers in NJ,,NJ,,2023-11-15,13,,https://www.nj.gov/labor/employer-services/warn/
CVS Health,CVS HEALTH,Various locations throughout NJ,,NJ,,2023-11-15,207,,https://www.nj.gov/labor/employer-services/warn/
John Wiley & Sons,JOHN WILEY SONS,Hoboken,,NJ,,2023-11-15,103,,https://www.nj.gov/labor/employer-services/warn/
ADT Solar (Dallas),ADT SOLAR (DALLAS),Dallas,Dallas,TX,2023-11-13,2023-11-10,53,,https://data.texas.gov/d/8w53-c4f6
Hyliion Inc,HYLIION,Cedar Park,Williamson,TX,2023-11-10,2023-11-08,150,,https://data.texas.gov/d/8w53-c4f6
CVS Health (Irving),CVS HEALTH (IRVING),Irving,Dallas,TX,2023-11-08,2023-12-30,2,,https://data.texas.gov/d/8w53-c4f6
Whole Food Market (Midtown Houston),WHOLE FOOD MARKET (MIDTOWN HOUSTON),Houston,Harris,TX,2023-11-08,2023-12-05,110,,https://data.texas.gov/d/8w53-c4f6
CVS Health (Richardson),CVS HEALTH (RICHARDSON),Richardson,Dallas,TX,2023-11-08,2023-12-31,2,,https://data.texas.gov/d/8w53-c4f6
CMA CGM (America) LLC,CMA CGM (AMERICA),Dallas,Tarrant,TX,2023-11-08,2023-12-12,64,,https://data.texas.gov/d/8w53-c4f6
10 Roads Express LLC.,10 ROADS EXPRESS,Fort Worth,Tarrant,TX,2023-11-08,2023-10-16,66,,https://data.texas.gov/d/8w53-c4f6
Nordstrom Quality Center,NORDSTROM QUALITY CENTER,Tukwila,,WA,2023-11-08,2024-02-01,67,Permanent,https://esd.wa.gov/about-employees/WARN
"Alpha Technologies Services, Inc.",ALPHA,Spokane Valley,,WA,2023-11-08,2024-01-17,77,Permanent,https://esd.wa.gov/about-employees/WARN
Divvy Homes,DIVVY HOMES,Remote Locations Throughout NJ,,NJ,,2023-11-07,53,,https://www.nj.gov/labor/employer-services/warn/
Walmart #1258,WALMART #1258,Fort Worth,Tarrant,TX,2023-11-06,2023-02-09,363,,https://data.texas.gov/d/8w53-c4f6
Raytheon Technologies,RAYTHEON,Dallas,Dallas,TX,2023-11-06,2023-01-05,34,,https://data.texas.gov/d/8w53-c4f6
Advance Care Hospice,ADVANCE CARE HOSPICE,North Chesterfield VA,,VA,2023-11-06,,10,Layoff,https://www.vec.virginia.gov/warn-notices
Advance Care Home Health,ADVANCE CARE HOME HEALTH,North Chesterfield VA,,VA,2023-11-06,,46,Layoff,https://www.vec.virginia.gov/warn-notices
Great Minds,GREAT MINDS,Richmond VA,,VA,2023-11-03,,79,Layoff,https://www.vec.virginia.gov/warn-notices
Bristol Myers Squibb,BRISTOL MYERS SQUIBB,"Lawrence, Princeton, Berkeley Heights, Pennington, New Brunswick",,NJ,,2023-11-02,108,,https://www.nj.gov/labor/employer-services/warn/
Ball Advanced Aluminum Technologies,BALL ADVANCED ALUMINUM,Verona VA,,VA,2023-11-01,,73,Closure,https://www.vec.virginia.gov/warn-notices
Americal Medical Response Moses Lake,AMERICAL MEDICAL RESPONSE MOSES LAKE,Moses Lake,,WA,2023-11-01,2024-01-02,17,Permanent,https://esd.wa.gov/about-employees/WARN
PVA Downtown,PVA DOWNTOWN,San Antonio,Bexar,TX,2023-10-31,2023-12-04,20,,https://data.texas.gov/d/8w53-c4f6
PVA Medical Center,PVA MEDICAL CENTER,San Antonio,Bexar,TX,2023-10-31,2023-12-04,10,,https://data.texas.gov/d/8w53-c4f6
Builders FirstSource (Grandview),BUILDERS FIRSTSOURCE (GRANDVIEW),Grandview,Johnson,TX,2023-10-31,2023-12-30,76,,https://data.texas.gov/d/8w53-c4f6
Ag-Mart Produce Inc,AG-MART PRODUCE,Cedarville,,NJ,,2023-10-31,15,,https://www.nj.gov/labor/employer-services/warn/
Transform KM LLC dba Kmart Store,TRANSFORM KM DBA KMART STORE,Westwood,,NJ,,2023-10-29,27,,https://www.nj.gov/labor/employer-services/warn/
Cygnus Home Service LLC. (Abilene),CYGNUS HOME SERVICE (ABILENE),Abilene,Taylor,TX,2023-10-26,2023-12-15,5,,https://data.texas.gov/d/8w53-c4f6
Cygnus Home Service LLC (Alvin),CYGNUS HOME SERVICE (ALVIN),Alvin,Brazoria,TX,2023-10-26,2023-12-15,6,,https://data.texas.gov/d/8w53-c4f6
Cygnus Home Service LLC. (Conroe),CYGNUS HOME SERVICE (CONROE),Conroe,Montgomery,TX,2023-10-26,2023-12-15,9,,https://data.texas.gov/d/8w53-c4f6
Cygnus Home Service LLC. (Houston),CYGNUS HOME SERVICE (HOUSTON),Houston,Harris,TX,2023-10-26,2023-12-15,13,,https://data.texas.gov/d/8w53-c4f6
Cygnus Home Services LLC. (Lubbock),CYGNUS HOME (LUBBOCK),Lubbock,Lubbock,TX,2023-10-26,2023-12-15,8,,https://data.texas.gov/d/8w53-c4f6
Cygnus Home Services LLC. (Mt. Pleasant),CYGNUS HOME (MT PLEASANT),Mt Pleasant,Titus,TX,2023-10-26,2023-12-15,10,,https://data.texas.gov/d/8w53-c4f6
Cygnus Home Services LLC. (Nacogdoches),CYGNUS HOME (NACOGDOCHES),Nacogdoches,Nacogdoches,TX,2023-10-26,2023-12-15,8,,https://data.texas.gov/d/8w53-c4f6
Cygnus Home Services LLC. (Odessa),CYGNUS HOME (ODESSA),Odessa,Ector,TX,2023-10-26,2023-10-26,8,,https://data.texas.gov/d/8w53-c4f6
Cygnus Home Services LLC. (Pampa),CYGNUS HOME (PAMPA),Pampa,Gray,TX,2023-10-26,2023-12-15,7,,https://data.texas.gov/d/8w53-c4f6
Cygnus Home Services LLC. (Round Rock),CYGNUS HOME (ROUND ROCK),Round Rock,Williamson,TX,2023-10-26,2023-10-26,11,,https://data.texas.gov/d/8w53-c4f6
Cygnus Home Services LLC. (San Angelo),CYGNUS HOME (SAN ANGELO),San Angelo,Tom Green,TX,2023-10-26,2023-12-15,5,,https://data.texas.gov/d/8w53-c4f6
Cygnus Home Services LLC. (Schertz),CYGNUS HOME (SCHERTZ),Schertz,Bexar,TX,2023-10-26,2023-12-15,6,,https://data.texas.gov/d/8w53-c4f6
Cygnus Home Services LLC. (Sherman),CYGNUS HOME (SHERMAN),Sherman,Grayson,TX,2023-10-26,2023-12-15,7,,https://data.texas.gov/d/8w53-c4f6
Cygnus Home Services LLC. (Waco),CYGNUS HOME (WACO),Waco,McLennan,TX,2023-10-26,2023-12-15,6,,https://data.texas.gov/d/8w53-c4f6
MV-Transportation Austin (North Yard),MV-TRANSPORTATION AUSTIN (NORTH YARD),Austin,Travis,TX,2023-10-25,2023-12-31,400,,https://data.texas.gov/d/8w53-c4f6
MV- Transportation Austin (South Yard),MV- TRANSPORTATION AUSTIN (SOUTH YARD),Austin,Travis,TX,2023-10-25,2023-12-31,778,,https://data.texas.gov/d/8w53-c4f6
Yelloh - Salem,YELLOH - SALEM,Salem,,OR,2023-10-25,2023-12-15,7,Permanent closure,https://data.oregon.gov/d/ijbz-jpx8
Yelloh - Tualitin,YELLOH - TUALITIN,Tualitin,,OR,2023-10-25,2023-12-15,11,Permanent closure,https://data.oregon.gov/d/ijbz-jpx8
Yelloh -  Central Point,YELLOH - CENTRAL POINT,Central Point,,OR,2023-10-25,2023-12-15,6,Permanent closure,https://data.oregon.gov/d/ijbz-jpx8
Yelloh - Eugene,YELLOH - EUGENE,Eugen,,OR,2023-10-25,2023-12-15,8,Permanent closure,https://data.oregon.gov/d/ijbz-jpx8
Cygnus Home Service,CYGNUS HOME SERVICE,Bedford VA,,VA,2023-10-25,,9,Closure,https://www.vec.virginia.gov/warn-notices
Cygnus Home Service,CYGNUS HOME SERVICE,Culpeper VA,,VA,2023-10-25,,7,Closure,https://www.vec.virginia.gov/warn-notices
Cygnus Home Service,CYGNUS HOME SERVICE,Manassas VA,,VA,2023-10-25,,5,Closure,https://www.vec.virginia.gov/warn-notices
Cygnus Home Service,CYGNUS HOME SERVICE,Suffolk VA,,VA,2023-10-25,,11,Closure,https://www.vec.virginia.gov/warn-notices
NE Virginia Emergency Physicians LLC,NE VIRGINIA EMERGENCY PHYSICIANS,Fairfax & Falls Church VA,,VA,2023-10-24,,137,Layoff,https://www.vec.virginia.gov/warn-notices
Convoy Inc.,CONVOY,"Seattle, WA",,WA,2023-10-24,2023-10-19,533,Permanent,https://esd.wa.gov/about-employees/WARN
"Ericsson, Inc.",ERICSSON,Plano,Collin,TX,2023-10-23,2024-01-05,6,,https://data.texas.gov/d/8w53-c4f6
XTO Energy Inc. (Tyler),XTO ENERGY (TYLER),Tyler,Smith,TX,2023-10-23,2023-12-20,1,,https://data.texas.gov/d/8w53-c4f6
XTO Energy Inc. (Jewett #2),XTO ENERGY (JEWETT #2),Jewett,Leon,TX,2023-10-23,2023-12-20,9,,https://data.texas.gov/d/8w53-c4f6
XTO Energy Inc. (Teague #2),XTO ENERGY (TEAGUE #2),Teague,Freestone,TX,2023-10-23,2023-12-20,11,,https://data.texas.gov/d/8w53-c4f6
XTO Energy Inc. (Donie #2),XTO ENERGY (DONIE #2),Donie,Freestone,TX,2023-10-23,2023-12-20,46,,https://data.texas.gov/d/8w53-c4f6
TD Bank,TD BANK,Various locations throughout NJ,,NJ,,2023-10-23,88,,https://www.nj.gov/labor/employer-services/warn/
Morgan Olson LLC,MORGAN OLSON,Ringgold VA,,VA,2023-10-23,,435,Layoff,https://www.vec.virginia.gov/warn-notices
Magnum Venus Products,MAGNUM VENUS PRODUCTS,Kent,,WA,2023-10-23,2023-12-30,47,Permanent,https://esd.wa.gov/about-employees/WARN
XTO Energy Inc. (Franklin),XTO ENERGY (FRANKLIN),Franklin,Robertson,TX,2023-10-20,2023-12-20,15,,https://data.texas.gov/d/8w53-c4f6
XTO Energy Inc. (Jewett),XTO ENERGY (JEWETT),Jewett,Leon,TX,2023-10-20,2023-12-20,18,,https://data.texas.gov/d/8w53-c4f6
XTO Energy Inc. (Donie),XTO ENERGY (DONIE),Donie,Freestone,TX,2023-10-20,2023-12-20,20,,https://data.texas.gov/d/8w53-c4f6
HMSHost,HMSHOST,Seattle,,WA,2023-10-20,2023-12-31,65,Permanent,https://esd.wa.gov/about-employees/WARN
"GulfMark Energy, Inc.(Chico)",GULFMARK ENERGY (CHICO),Chico,Wise,TX,2023-10-19,2023-11-01,6,,https://data.texas.gov/d/8w53-c4f6
"GulfMark Energy, Inc.(Electra)",GULFMARK ENERGY (ELECTRA),Electra,Wichita,TX,2023-10-19,2023-11-01,18,,https://data.texas.gov/d/8w53-c4f6
"GulfMark Energy, Inc. (Bowie)",GULFMARK ENERGY (BOWIE),Bowie,Montague,TX,2023-10-19,2023-11-01,15,,https://data.texas.gov/d/8w53-c4f6
"GulfMark Energy, Inc.",GULFMARK ENERGY,Gainesville,Cooke,TX,2023-10-19,2023-11-01,7,,https://data.texas.gov/d/8w53-c4f6
Peace Health,PEACE HEALTH,Eugene,,OR,2023-10-19,2023-12-20,463,Permanent closure,https://data.oregon.gov/d/ijbz-jpx8
Southwestern Health Resources,SOUTHWESTERN HEALTH RESOURCES,Farmers Branch,Dallas,TX,2023-10-18,2023-12-31,288,,https://data.texas.gov/d/8w53-c4f6
Wilsonville Distribution Center,WILSONVILLE DISTRIBUTION CENTER,Wilsonville,,OR,2023-10-18,2024-01-03,136,Permanent closure,https://data.oregon.gov/d/ijbz-jpx8
Ahold eCommerce Sales Company LLC located,AHOLD ECOMMERCE SALES LOCATED,Lakewood,,NJ,,2023-10-13,47,,https://www.nj.gov/labor/employer-services/warn/
"Crothall Healthcare, Inc.",CROTHALL HEALTHCARE,Seattle,,WA,2023-10-13,2023-12-14,41,Permanent,https://esd.wa.gov/about-employees/WARN
"Flexport, Inc.",FLEXPORT,Bellevue,,WA,2023-10-13,2023-10-13,165,Permanent,https://esd.wa.gov/about-employees/WARN
LegalZoom.com,LEGALZOOM COM,Austin,Williamson,TX,2023-10-12,2023-12-15,122,,https://data.texas.gov/d/8w53-c4f6
"Mittera Group, Inc.",MITTERA GROUP,Carrollton,Dallas,TX,2023-10-10,2023-12-09,136,,https://data.texas.gov/d/8w53-c4f6
Accenture LLP (Austin),ACCENTURE (AUSTIN),Austin,Travis,TX,2023-10-10,2023-12-08,351,,https://data.texas.gov/d/8w53-c4f6
"Reata Pharmaceuticals, Inc.(Legacy)",REATA PHARMACEUTICALS (LEGACY),Plano,Collin,TX,2023-10-09,2023-11-27,113,,https://data.texas.gov/d/8w53-c4f6
L3Harris Technologies,L3HARRIS,Rockwall,Rockwall,TX,2023-10-09,2023-11-30,268,,https://data.texas.gov/d/8w53-c4f6
Fluor Enterprises-M&G Jumbo Project,FLUOR ENTERPRISES-M G JUMBO PROJECT,Corpus Ch,Nueces,TX,2023-10-09,2023-09-28,66,,https://data.texas.gov/d/8w53-c4f6
American Medical Response (Fort Worth#2),AMERICAN MEDICAL RESPONSE (FORT WORTH#2),Fort Worth,Tarrant,TX,2023-10-09,2023-09-03,156,,https://data.texas.gov/d/8w53-c4f6
Raytheon Technologies,RAYTHEON,Dallas,Dallas,TX,2023-10-09,2023-12-08,38,,https://data.texas.gov/d/8w53-c4f6
"Cygnus Home Service, LLC, d/b/a Yelloh",CYGNUS HOME SERVICE D/B/A YELLOH,Various locations in Washington,,WA,2023-10-09,2023-10-20,58,Permanent,https://esd.wa.gov/about-employees/WARN
Invista-Nylon Chemicals Americas,INVISTA-NYLON CHEMICALS AMERICAS,Orange,Orange,TX,2023-10-06,2023-10-27,239,,https://data.texas.gov/d/8w53-c4f6
"Epic Games, Inc.",EPIC GAMES,Bellevue,,WA,2023-10-05,2023-10-02,39,Permanent,https://esd.wa.gov/about-employees/WARN
Parker Hannifan-HVAC Division,PARKER HANNIFAN-HVAC DIVISION,Mesquite,Dallas,TX,2023-10-04,2023-12-02,76,,https://data.texas.gov/d/8w53-c4f6
United Natural Foods Inc.,UNITED NATURAL FOODS,Logan Township,,NJ,,2023-10-03,60,,https://www.nj.gov/labor/employer-services/warn/
Stitch Fix,STITCH FIX,Dallas,Dallas,TX,2023-10-02,2023-12-01,558,,https://data.texas.gov/d/8w53-c4f6
Cenlar FSB,CENLAR FSB,Ewing,,NJ,,2023-10-02,85,,https://www.nj.gov/labor/employer-services/warn/
"Hard Rock International (USA), Inc.",HARD ROCK INTERNATIONAL ( ),Seattle,,WA,2023-10-02,2023-12-01,66,Permanent,https://esd.wa.gov/about-employees/WARN
Grace,GRACE,Albany,,OR,2023-10-01,2024-06-30,23,Permanent closure,https://data.oregon.gov/d/ijbz-jpx8
Grace,GRACE,Albany,,OR,2023-10-01,2024-03-31,11,Permanent closure,https://data.oregon.gov/d/ijbz-jpx8
Grace,GRACE,Albany,,OR,2023-10-01,2023-12-31,61,Permanent closure,https://data.oregon.gov/d/ijbz-jpx8
PVH Corp.,PVH,Bridgewater,,NJ,,2023-10-01,56,,https://www.nj.gov/labor/employer-services/warn/
Novembal USA Inc,NOVEMBAL,Edison,,NJ,,2023-09-30,100,,https://www.nj.gov/labor/employer-services/warn/
Transdev Services Inc.,TRANSDEV,Neptune,,NJ,,2023-09-30,50,,https://www.nj.gov/labor/employer-services/warn/
Premier Glass USA LLC,PREMIER GLASS,Williamstown,,NJ,,2023-09-29,48,,https://www.nj.gov/labor/employer-services/warn/
Ingram Micro Inc.,INGRAM MICRO,Fairfield,,NJ,,2023-09-29,73,,https://www.nj.gov/labor/employer-services/warn/
"American Nursery Services, Inc.",AMERICAN NURSERY,Statewide,,WA,2023-09-28,2023-12-31,45,Permanent,https://esd.wa.gov/about-employees/WARN
Target,TARGET,Seattle,,WA,2023-09-28,2023-12-30,39,Permanent,https://esd.wa.gov/about-employees/WARN
Target,TARGET,Seattle,,WA,2023-09-28,2023-12-30,51,Permanent,https://esd.wa.gov/about-employees/WARN
T3281 Store,T3281 STORE,Portland,,OR,2023-09-26,2023-12-30,40,Permanent closure,https://data.oregon.gov/d/ijbz-jpx8
T3358 Store,T3358 STORE,Portland,,OR,2023-09-26,2023-12-30,56,Permanent closure,https://data.oregon.gov/d/ijbz-jpx8
T3381 Store,T3381 STORE,Portland,,OR,2023-09-26,2023-12-30,62,Permanent closure,https://data.oregon.gov/d/ijbz-jpx8
"Flexe, Inc.",FLEXE,Seattle,,WA,2023-09-26,2023-11-27,131,Permanent,https://esd.wa.gov/about-employees/WARN
JP Morgan Chase Bank,JP MORGAN CHASE BANK,Jersey City,,NJ,,2023-09-25,63,,https://www.nj.gov/labor/employer-services/warn/
Accesso LLC,ACCESSO,Jackson,,NJ,,2023-09-24,133,,https://www.nj.gov/labor/employer-services/warn/
Intercept Pharmaceuticals Inc.,INTERCEPT PHARMACEUTICALS,Morristown,,NJ,,2023-09-22,49,,https://www.nj.gov/labor/employer-services/warn/
"Becton, Dickinson, and Company",BECTON DICKINSON AND,Lakes,,NJ,,2023-09-22,57,,https://www.nj.gov/labor/employer-services/warn/
Owens-Brockway Glass Container Inc.,OWENS-BROCKWAY GLASS CONTAINER,Waco,McLennan,TX,2023-09-21,2023-10-16,300,,https://data.texas.gov/d/8w53-c4f6
AT&T,AT T,"Bedminister, Middletown, Paramus, and Mercer counties",,NJ,,2023-09-20,74,,https://www.nj.gov/labor/employer-services/warn/
Off Lease LLC,OFF LEASE,Katy,Harris,TX,2023-09-19,2023-09-07,103,,https://data.texas.gov/d/8w53-c4f6
Compass United,COMPASS UNITED,San Antonio,Bexar,TX,2023-09-19,2023-10-29,104,,https://data.texas.gov/d/8w53-c4f6
Aramark @Trinity Mother Frances Hospital,ARAMARK @TRINITY MOTHER FRANCES HOSPITAL,Tyler,Smith,TX,2023-09-18,2023-10-31,163,,https://data.texas.gov/d/8w53-c4f6
Aramark Christus Children's Hospital,ARAMARK CHRISTUS CHILDREN'S HOSPITAL,San Antonio,Bexar,TX,2023-09-18,2023-10-31,71,,https://data.texas.gov/d/8w53-c4f6
Aramark Christus Santa Rosa Westover Hills,ARAMARK CHRISTUS SANTA ROSA WESTOVER HILLS,San Antonio,Bexar,TX,2023-09-18,2023-10-31,73,,https://data.texas.gov/d/8w53-c4f6
Aramark Christus Hospital St.Elizabeth,ARAMARK CHRISTUS HOSPITAL ST ELIZABETH,Beaumont,Jefferson,TX,2023-09-18,2023-10-31,87,,https://data.texas.gov/d/8w53-c4f6
Aramark Christus St. Michael HospitL,ARAMARK CHRISTUS ST MICHAEL HOSPITL,Texarkana,Bowie,TX,2023-09-18,2023-10-31,87,,https://data.texas.gov/d/8w53-c4f6
Aramark Christus Spohn Shoreline,ARAMARK CHRISTUS SPOHN SHORELINE,Corpus Christi,Nueces,TX,2023-09-18,2023-10-31,116,,https://data.texas.gov/d/8w53-c4f6
Aramark @ Christus Good Shepard Medical Center,ARAMARK @ CHRISTUS GOOD SHEPARD MEDICAL CENTER,Longview,Gregg,TX,2023-09-18,2023-10-31,97,,https://data.texas.gov/d/8w53-c4f6
Prudential Financial Inc.,PRUDENTIAL FINANCIAL,Newark,,NJ,,2023-09-15,46,,https://www.nj.gov/labor/employer-services/warn/
BioSteel Sports Nutrition (Canopy Group),BIOSTEEL SPORTS NUTRITION (CANOPY GROUP),Verona VA,,VA,2023-09-14,,79,Closure,https://www.vec.virginia.gov/warn-notices
WestRock Company,WESTROCK,Tacoma,,WA,2023-09-13,2023-09-30,408,Permanent,https://esd.wa.gov/about-employees/WARN
Raytheon Technologies,RAYTHEON,Dallas,Dallas,TX,2023-09-12,2023-09-11,27,,https://data.texas.gov/d/8w53-c4f6
HII Mission Technologies (Alion Technology),HII MISSION (ALION ),Norfolk VA,,VA,2023-09-12,,157,Layoff,https://www.vec.virginia.gov/warn-notices
Thriveworks Administrative Services LLC,THRIVEWORKS ADMINISTRATIVE,Lynchburg VA,,VA,2023-09-11,,3,Layoff,https://www.vec.virginia.gov/warn-notices
Watts Regulators Co.,WATTS REGULATORS,San Antonio,Bexar,TX,2023-09-08,2023-11-06,31,,https://data.texas.gov/d/8w53-c4f6
"Divvy Homes, Inc.",DIVVY HOMES,King County,,WA,2023-09-08,2023-11-07,4,Permanent,https://esd.wa.gov/about-employees/WARN
ED Tucker Powersports,ED TUCKER POWERSPORTS,Ft. Worth,Tarrant,TX,2023-09-07,2023-10-30,165,,https://data.texas.gov/d/8w53-c4f6
"Divvy Homes, Inc",DIVVY HOMES,San Francisco,,OR,2023-09-07,2023-11-07,94,Reduction,https://data.oregon.gov/d/ijbz-jpx8
Siemens Healthcare Diagnostics Inc.,SIEMENS HEALTHCARE DIAGNOSTICS,Flanders,,NJ,,2023-09-07,67,,https://www.nj.gov/labor/employer-services/warn/
"American Nursery Services, Inc.",AMERICAN NURSERY,Newberg,,OR,2023-09-05,2023-12-31,25,Permanent closure,https://data.oregon.gov/d/ijbz-jpx8
"GXO Logistics of Texas Supply Chain, Inc",GXO LOGISTICS OF TEXAS SUPPLY CHAIN,Wilmer,Dallas,TX,2023-08-31,2023-10-31,92,,https://data.texas.gov/d/8w53-c4f6
"SkyKick, Inc.",SKYKICK,Seattle,,WA,2023-08-30,2023-10-31,181,Permanent,https://esd.wa.gov/about-employees/WARN
Freedom Graphic Systems Inc.,FREEDOM GRAPHIC SYSTEMS,Grand Prairie,Dallas,TX,2023-08-29,2023-11-17,59,,https://data.texas.gov/d/8w53-c4f6
Holiday Inn Club Vacations-Pantego,HOLIDAY INN CLUB VACATIONS-PANTEGO,Pantego,Tarrant,TX,2023-08-29,2023-10-27,56,,https://data.texas.gov/d/8w53-c4f6
Giant Delivers,GIANT DELIVERS,Manassas VA,,VA,2023-08-28,,72,Closure,https://www.vec.virginia.gov/warn-notices
"Agilent Technologies, Inc.",AGILENT,Kirkland,,WA,2023-08-28,2023-10-31,64,Permanent,https://esd.wa.gov/about-employees/WARN
SDH Services East LLC,SDH EAST,Voorhees,,NJ,,2023-08-26,93,,https://www.nj.gov/labor/employer-services/warn/
David’s Bridal LLC,DAVID’S BRIDAL,Multiple Locations - NJ,,NJ,,2023-08-26,227,,https://www.nj.gov/labor/employer-services/warn/
Verizon Corp. Resources Group LLL & other VZ Affiliates,VERIZON RESOURCES GROUP LLL OTHER VZ AFFILIATES,Basking Ridge,,NJ,,2023-08-26,183,,https://www.nj.gov/labor/employer-services/warn/
Carling Technologies,CARLING,Brownsville,Cameron,TX,2023-08-25,2023-11-03,83,,https://data.texas.gov/d/8w53-c4f6
"T-Mobile USA, Inc.",T-MOBILE,Bellevue,,WA,2023-08-25,2023-10-24,401,Permanent,https://esd.wa.gov/about-employees/WARN
VSPOne Dallas,VSPONE DALLAS,Lewisville,Denton,TX,2023-08-24,2023-10-26,15,,https://data.texas.gov/d/8w53-c4f6
Harland Clarke Corp,HARLAND CLARKE,Grapevine,Tarrant,TX,2023-08-23,2023-12-01,130,,https://data.texas.gov/d/8w53-c4f6
CVS Health (Richardson),CVS HEALTH (RICHARDSON),Richardson,Dallas,TX,2023-08-23,2023-10-21,167,,https://data.texas.gov/d/8w53-c4f6
Mayo4Sam LLC DBA P.J. Sweeney’s Restaurant & Pub,MAYO4SAM DBA P J SWEENEY’S RESTAURANT PUB,Brick,,NJ,,2023-08-23,35,,https://www.nj.gov/labor/employer-services/warn/
Walker Rd - Hillsboro,WALKER RD - HILLSBORO,Hillsboro,,OR,2023-08-22,2024-04-05,2,Reduction,https://data.oregon.gov/d/ijbz-jpx8
Bennett St. - Hillsboro,BENNETT ST - HILLSBORO,Hillsboro,,OR,2023-08-22,2024-01-12,3,Reduction,https://data.oregon.gov/d/ijbz-jpx8
Walker Rd - Hillsboro,WALKER RD - HILLSBORO,Hillsboro,,OR,2023-08-22,2024-01-12,62,Large Layoff - 10 or more workers,https://data.oregon.gov/d/ijbz-jpx8
Bennett St. - Hillsboro,BENNETT ST - HILLSBORO,Hillsboro,,OR,2023-08-22,2023-12-29,2,Reduction,https://data.oregon.gov/d/ijbz-jpx8
Walker Rd - Hillsboro,WALKER RD - HILLSBORO,Hillsboro,,OR,2023-08-22,2023-12-29,3,Reduction,https://data.oregon.gov/d/ijbz-jpx8
Walker Rd - Hillsboro,WALKER RD - HILLSBORO,Hillsboro,,OR,2023-08-22,2023-12-01,1,Reduction,https://data.oregon.gov/d/ijbz-jpx8
Bennett St. - Hillsboro,BENNETT ST - HILLSBORO,Hillsboro,,OR,2023-08-22,2023-10-20,71,Large Layoff - 10 or more workers,https://data.oregon.gov/d/ijbz-jpx8
Walker Rd - Hillsboro,WALKER RD - HILLSBORO,Hillsboro,,OR,2023-08-22,2023-10-20,158,Large Layoff - 10 or more workers,https://data.oregon.gov/d/ijbz-jpx8
"Crothall Healthcare, Inc.",CROTHALL HEALTHCARE,Seattle,,WA,2023-08-22,2023-10-20,174,Permanent,https://esd.wa.gov/about-employees/WARN
PTC Therapeutics Inc.,PTC THERAPEUTICS,Plainfield,,NJ,,2023-08-21,94,,https://www.nj.gov/labor/employer-services/warn/
"ImmunityBio, Inc.",IMMUNITYBIO,San Juan County,,WA,2023-08-21,2023-10-17,1,Permanent,https://esd.wa.gov/about-employees/WARN
"S&B Plant Services, LTD. (Deer Park)",S B PLANT (DEER PARK),Deer Park,Harris,TX,2023-08-18,2023-10-02,163,,https://data.texas.gov/d/8w53-c4f6
"S&B Plant Services, LTD (Pasadena)",S B PLANT (PASADENA),Pasadena,Harris,TX,2023-08-18,2023-10-02,32,,https://data.texas.gov/d/8w53-c4f6
"S&B Plant Service, LTD (La Porte)",S B PLANT SERVICE (LA PORTE),La Porte,Harris,TX,2023-08-18,2023-10-02,3,,https://data.texas.gov/d/8w53-c4f6
"Appfolio, Inc.",APPFOLIO,Richardson,Dallas,TX,2023-08-18,2023-11-15,38,,https://data.texas.gov/d/8w53-c4f6
CVS Health,CVS HEALTH,Ashland VA,,VA,2023-08-18,,43,Closure,https://www.vec.virginia.gov/warn-notices
"Wayforth, LLC (Cedar Park)",WAYFORTH (CEDAR PARK),Cedar Park,Williamson,TX,2023-08-17,2023-08-18,10,,https://data.texas.gov/d/8w53-c4f6
"Wayforth, LLC (Grapevine)",WAYFORTH (GRAPEVINE),Grapevine,Tarrant,TX,2023-08-17,2023-08-18,15,,https://data.texas.gov/d/8w53-c4f6
"Wayforth, LLC (Houston)",WAYFORTH (HOUSTON),Houston,Harris,TX,2023-08-17,2023-08-18,16,,https://data.texas.gov/d/8w53-c4f6
Cognizant Technology Solutions U.S. Corporation,COGNIZANT U S,Bothell,,WA,2023-08-17,2023-09-29,93,Permanent,https://esd.wa.gov/about-employees/WARN
BOISE CASCADE ELGIN PLYWOOD MILL,BOISE CASCADE ELGIN PLYWOOD MILL,ELGIN,,OR,2023-08-16,2023-10-14,1,Other,https://data.oregon.gov/d/ijbz-jpx8
Morgan Stanley,MORGAN STANLEY,Multiple Locations - NJ,,NJ,,2023-08-15,61,,https://www.nj.gov/labor/employer-services/warn/
Yellow Corporation,YELLOW,"Everett, Seattle, Tacoma, E. Wenatchee, Union Gap, Pasco, Spokane",,WA,2023-08-14,2023-07-30,437,Permanent,https://esd.wa.gov/about-employees/WARN
WayForth,WAYFORTH,Richmond VA,,VA,2023-08-11,,78,Layoff,https://www.vec.virginia.gov/warn-notices
"Centerra, a Constellis Company",CENTERRA A CONSTELLIS,"Seattle, Tacoma, Yakima, Spokane, Richland",,WA,2023-08-11,2023-09-30,92,Permanent,https://esd.wa.gov/about-employees/WARN
Centerra,CENTERRA,Herndon,,OR,2023-08-10,2023-09-30,52,Permanent closure,https://data.oregon.gov/d/ijbz-jpx8
Cascades Tissue Group - St Helens Paper,CASCADES TISSUE GROUP - ST HELENS PAPER,St. Helens,,OR,2023-08-10,2023-10-14,72,Permanent closure,https://data.oregon.gov/d/ijbz-jpx8
Parkdale,PARKDALE,Hillsville VA,,VA,2023-08-10,,326,Closure,https://www.vec.virginia.gov/warn-notices
Honeywell Intelligrated,HONEYWELL INTELLIGRATED,Arlington,Tarrant,TX,2023-08-08,2023-10-27,80,,https://data.texas.gov/d/8w53-c4f6
"Babylon, Inc",BABYLON,Austin,Travis,TX,2023-08-08,2023-08-07,94,,https://data.texas.gov/d/8w53-c4f6
TATA Consultancy Services,TATA CONSULTANCY,Austin,Williamson,TX,2023-08-08,2023-10-02,85,,https://data.texas.gov/d/8w53-c4f6
"KeHE Distributors, Inc",KEHE DISTRIBUTORS,Statewide,,WA,2023-08-07,2023-10-06,42,Permanent,https://esd.wa.gov/about-employees/WARN
"PSW Real Estate, LLC",PSW REAL ESTATE,Austin,Travis,TX,2023-08-04,2023-07-31,87,,https://data.texas.gov/d/8w53-c4f6
Regal Rexnord,REGAL REXNORD,Mission,Hidalgo,TX,2023-08-03,2023-09-30,78,,https://data.texas.gov/d/8w53-c4f6
Compass Group,COMPASS GROUP,Sugar Land,Fort Bend,TX,2023-08-03,2023-08-01,153,,https://data.texas.gov/d/8w53-c4f6
Yellow Freight (Abilene),YELLOW FREIGHT (ABILENE),Abilene,Taylor,TX,2023-08-03,2023-07-28,4,,https://data.texas.gov/d/8w53-c4f6
Yellow Freight (Fort Worth},YELLOW FREIGHT (FORT WORTH},Fort Worth,Tarrant,TX,2023-08-03,2023-07-28,84,,https://data.texas.gov/d/8w53-c4f6
Yellow Freight (El Paso),YELLOW FREIGHT (EL PASO),El Paso,El Paso,TX,2023-08-03,2023-07-28,45,,https://data.texas.gov/d/8w53-c4f6
Yellow Freight (Sherman),YELLOW FREIGHT (SHERMAN),Sherman,Grayson,TX,2023-08-03,2023-07-28,25,,https://data.texas.gov/d/8w53-c4f6
Yellow Freight (Waco),YELLOW FREIGHT (WACO),Waco,McLennan,TX,2023-08-03,2023-07-28,17,,https://data.texas.gov/d/8w53-c4f6
FedEx Supply Chain Logistics & Electronics (Ft. Worth),FEDEX SUPPLY CHAIN LOGISTICS ELECTRONICS (FT WORTH),Fort Worth,Tarrant,TX,2023-08-02,2023-09-23,280,,https://data.texas.gov/d/8w53-c4f6
Yellow Freight (Dallas),YELLOW FREIGHT (DALLAS),Dallas,Dallas,TX,2023-08-01,2023-07-28,530,,https://data.texas.gov/d/8w53-c4f6
"Ericsson, Inc.",ERICSSON,Plano,Collin,TX,2023-08-01,2023-09-29,64,,https://data.texas.gov/d/8w53-c4f6
PVH Corp,PVH,Bridgewater,,NJ,,2023-08-01,13,,https://www.nj.gov/labor/employer-services/warn/
DC-25 Portland Distribution Center,DC-25 PORTLAND DISTRIBUTION CENTER,Portland,,OR,2023-07-31,2023-11-03,23,Large Layoff - 10 or more workers,https://data.oregon.gov/d/ijbz-jpx8
DC-25 Portland Distribution Center,DC-25 PORTLAND DISTRIBUTION CENTER,Portland,,OR,2023-07-31,2023-10-06,78,Large Layoff - 10 or more workers,https://data.oregon.gov/d/ijbz-jpx8
CTR Management Group LLC,CTR MANAGEMENT GROUP,Tysons VA,,VA,2023-07-31,,93,Closure,https://www.vec.virginia.gov/warn-notices
"Columbia Valley Fruit, LLC",COLUMBIA VALLEY FRUIT,Union Gap,,WA,2023-07-31,2023-09-28,131,Permanent,https://esd.wa.gov/about-employees/WARN
Roseburg-509,ROSEBURG-509,Roseburg,,OR,2023-07-30,2023-07-30,72,Permanent closure,https://data.oregon.gov/d/ijbz-jpx8
Eugene-506,EUGENE-506,Eugene,,OR,2023-07-30,2023-06-30,15,Permanent closure,https://data.oregon.gov/d/ijbz-jpx8
Yellow Trucking (YRC Freight) Teamsters Local 29,YELLOW TRUCKING (YRC FREIGHT) TEAMSTERS LOCAL 29,Fishersville VA,,VA,2023-07-30,,24,Closure,https://www.vec.virginia.gov/warn-notices
Yellow Trucking (YRC Freight) Teamsters Local 171,YELLOW TRUCKING (YRC FREIGHT) TEAMSTERS LOCAL 171,Roanoke VA,,VA,2023-07-30,,24,Closure,https://www.vec.virginia.gov/warn-notices
Yellow Trucking (YRC Freight) Teamsters Local 639,YELLOW TRUCKING (YRC FREIGHT) TEAMSTERS LOCAL 639,Manassas VA,,VA,2023-07-30,,23,Closure,https://www.vec.virginia.gov/warn-notices
Yellow Trucking (YRC Freight) Teamsters Local 822,YELLOW TRUCKING (YRC FREIGHT) TEAMSTERS LOCAL 822,Chesapeake VA,,VA,2023-07-30,,37,Closure,https://www.vec.virginia.gov/warn-notices
Yellow Trucking (YRC Freight) Teamsters Local 592,YELLOW TRUCKING (YRC FREIGHT) TEAMSTERS LOCAL 592,Chesterfield VA,,VA,2023-07-30,,70,Closure,https://www.vec.virginia.gov/warn-notices
Medford Plant,MEDFORD PLANT,Medford,,OR,2023-07-28,2023-12-23,18,Permanent closure,https://data.oregon.gov/d/ijbz-jpx8
Medford Plant,MEDFORD PLANT,Medford,,OR,2023-07-28,2023-09-23,56,Permanent closure,https://data.oregon.gov/d/ijbz-jpx8
Vibra Hospital of Desoto,VIBRA HOSPITAL OF DESOTO,DeSoto,Dallas,TX,2023-07-27,2023-09-29,76,,https://data.texas.gov/d/8w53-c4f6
Roche Molecular Systems Inc,ROCHE MOLECULAR SYSTEMS,Branchburg,,NJ,,2023-07-25,165,,https://www.nj.gov/labor/employer-services/warn/
Amazon (remote workers ),AMAZON (REMOTE WORKERS ),Jersey City,,NJ,,2023-07-25,36,,https://www.nj.gov/labor/employer-services/warn/
Amazon (warehouse workers),AMAZON (WAREHOUSE WORKERS),Jersey City,,NJ,,2023-07-25,55,,https://www.nj.gov/labor/employer-services/warn/
Meta Platforms Inc (formerly Facebook),META PLATFORMS (FORMERLY FACEBOOK),Remote Location,,NJ,,2023-07-21,114,,https://www.nj.gov/labor/employer-services/warn/
QOMPLX,QOMPLX,Tysons VA,,VA,2023-07-20,,60,Closure,https://www.vec.virginia.gov/warn-notices
Ventra Health,VENTRA HEALTH,Fort Worth,Tarrant,TX,2023-07-19,2023-10-09,64,,https://data.texas.gov/d/8w53-c4f6
"Rise Services, Inc.",RISE,Mesa,,OR,2023-07-18,,0,Permanent closure,https://data.oregon.gov/d/ijbz-jpx8
Portfolio Recovery Associates LLC (PRA Group Inc.),PORTFOLIO RECOVERY ASSOCIATES (PRA GROUP ),Danville VA,,VA,2023-07-18,,123,Closure,https://www.vec.virginia.gov/warn-notices
"David's Bridal, LLC (Frisco)",DAVID'S BRIDAL (FRISCO),Frisco,Collin,TX,2023-07-17,2023-07-17,53,,https://data.texas.gov/d/8w53-c4f6
"David's Bridal, LLC (Arlington)",DAVID'S BRIDAL (ARLINGTON),Arlington,Tarrant,TX,2023-07-17,2023-07-17,27,,https://data.texas.gov/d/8w53-c4f6
"David's Bridal, LLC (Friendswood)",DAVID'S BRIDAL (FRIENDSWOOD),Friendswood,Harris,TX,2023-07-17,2023-07-17,35,,https://data.texas.gov/d/8w53-c4f6
"David's Bridal, LLC (610 & San Felipe Shop Center)",DAVID'S BRIDAL (610 SAN FELIPE SHOP CENTER),Houston,Harris,TX,2023-07-17,2023-07-17,39,,https://data.texas.gov/d/8w53-c4f6
"David's Bridal, LLC (San Antonio)",DAVID'S BRIDAL (SAN ANTONIO),San Antonio,Bexar,TX,2023-07-17,2023-07-17,38,,https://data.texas.gov/d/8w53-c4f6
"David's Bridal, LLC (Houston North The Woodlands)",DAVID'S BRIDAL (HOUSTON NORTH THE WOODLANDS),Woodlands,Montgomery,TX,2023-07-17,2023-07-17,41,,https://data.texas.gov/d/8w53-c4f6
"David's Bridal, LLC (Hurst)",DAVID'S BRIDAL (HURST),Hurst,Tarrant,TX,2023-07-17,2023-07-17,25,,https://data.texas.gov/d/8w53-c4f6
"David's Bridal, LLC (North Dallas)",DAVID'S BRIDAL (NORTH DALLAS),Dallas,Tarrant,TX,2023-07-17,2023-07-17,33,,https://data.texas.gov/d/8w53-c4f6
"David's Bridal, LLC (Mesquite)",DAVID'S BRIDAL (MESQUITE),Mesquite,Dallas,TX,2023-07-17,2023-07-17,27,,https://data.texas.gov/d/8w53-c4f6
"David's Bridal, LLC (Beaumont)",DAVID'S BRIDAL (BEAUMONT),Beaumont,Jefferson,TX,2023-07-17,2023-07-17,21,,https://data.texas.gov/d/8w53-c4f6
"David's Bridal, LLC (Lewisville)",DAVID'S BRIDAL (LEWISVILLE),Lewisville,Denton,TX,2023-07-17,2023-07-17,28,,https://data.texas.gov/d/8w53-c4f6
"David's Bridal, LLC (Tyler)",DAVID'S BRIDAL (TYLER),Tyler,Smith,TX,2023-07-17,2023-07-17,31,,https://data.texas.gov/d/8w53-c4f6
"David's Bridal, LLC (McAllen)",DAVID'S BRIDAL (MCALLEN),McAllen,Hidalgo,TX,2023-07-17,2023-07-17,31,,https://data.texas.gov/d/8w53-c4f6
"David's Bridal, LLC (Sugar Land)",DAVID'S BRIDAL (SUGAR LAND),Sugar Land,Fort Bend,TX,2023-07-17,2023-07-17,38,,https://data.texas.gov/d/8w53-c4f6
"David's Bridal, LLC (North Austin)",DAVID'S BRIDAL (NORTH AUSTIN),Austin,Travis,TX,2023-07-17,2023-07-17,43,,https://data.texas.gov/d/8w53-c4f6
"David's Bridal, LLC (Waco)",DAVID'S BRIDAL (WACO),Waco,McLennan,TX,2023-07-17,2023-07-17,30,,https://data.texas.gov/d/8w53-c4f6
"David's Bridal, LLC (Corpus Christie)",DAVID'S BRIDAL (CORPUS CHRISTIE),Corpus Christi,Nueces,TX,2023-07-17,2023-07-17,21,,https://data.texas.gov/d/8w53-c4f6
"David's Bridal, LLC (Fort Worth)",DAVID'S BRIDAL (FORT WORTH),Fort Worth,Tarrant,TX,2023-07-17,2023-07-17,29,,https://data.texas.gov/d/8w53-c4f6
"David's Bridal, LLC (Abilene)",DAVID'S BRIDAL (ABILENE),Abilene,Taylor,TX,2023-07-17,2023-07-17,19,,https://data.texas.gov/d/8w53-c4f6
"David's Bridal, LLC (San Antonio Bexar County)",DAVID'S BRIDAL (SAN ANTONIO BEXAR COUNTY),San Antonio,Bexar,TX,2023-07-17,2023-07-17,25,,https://data.texas.gov/d/8w53-c4f6
"David's Bridal, LLC (College Station)",DAVID'S BRIDAL (COLLEGE STATION),College Station,Brazos,TX,2023-07-17,2023-07-17,14,,https://data.texas.gov/d/8w53-c4f6
"David's Bridal, LLC (El Paso)",DAVID'S BRIDAL (EL PASO),El Paso,El Paso,TX,2023-07-17,2023-07-17,26,,https://data.texas.gov/d/8w53-c4f6
"David's Bridal, LLC (Austin South)",DAVID'S BRIDAL (AUSTIN SOUTH),Austin,Travis,TX,2023-07-17,2023-07-17,26,,https://data.texas.gov/d/8w53-c4f6
"David's Bridal, LLC (Lubbock)",DAVID'S BRIDAL (LUBBOCK),Lubbock,Lubbock,TX,2023-07-17,2023-07-17,31,,https://data.texas.gov/d/8w53-c4f6
Enzo Clinical Labs Inc,ENZO CLINICAL LABS,Hasbrouck Heights,,NJ,,2023-07-17,43,,https://www.nj.gov/labor/employer-services/warn/
Amazon (remote workers ),AMAZON (REMOTE WORKERS ),Jersey City,,NJ,,2023-07-17,2,,https://www.nj.gov/labor/employer-services/warn/
"Universal Protection Service, LP d/b/a Allied Universal Security Services",UNIVERSAL PROTECTION SERVICE D/B/A ALLIED UNIVERSAL SECURITY,Redmond,,WA,2023-07-17,2023-10-05,71,Permanent,https://esd.wa.gov/about-employees/WARN
ID Logistics US Inc,ID LOGISTICS,Avenel,,NJ,,2023-07-14,67,,https://www.nj.gov/labor/employer-services/warn/
Children’s Place Services Company LLC,CHILDREN’S PLACE,Secaucus,,NJ,,2023-07-14,138,,https://www.nj.gov/labor/employer-services/warn/
Coherent,COHERENT,Warren,,NJ,,2023-07-12,127,,https://www.nj.gov/labor/employer-services/warn/
Remarkable Foods Hospitality LLC,REMARKABLE FOODS HOSPITALITY,West Orange,,NJ,,2023-07-11,70,,https://www.nj.gov/labor/employer-services/warn/
Wellmore Energy Compnay LLC (Black Watch Shop and Central Warehouse),WELLMORE ENERGY COMPNAY (BLACK WATCH SHOP AND CENTRAL WAREHOUSE),Big Rock VA,,VA,2023-07-11,,3,Layoff,https://www.vec.virginia.gov/warn-notices
Wellmore Energy Company LLC (Surface Minerals),WELLMORE ENERGY (SURFACE MINERALS),Grundy VA,,VA,2023-07-11,,15,Layoff,https://www.vec.virginia.gov/warn-notices
Wellmore Energy Company LLC (Paw Paw 2 South),WELLMORE ENERGY (PAW PAW 2 SOUTH),Big Rock VA,,VA,2023-07-11,,39,Layoff,https://www.vec.virginia.gov/warn-notices
Wellmore Energy Company LLC (Paw Paw 2 North),WELLMORE ENERGY (PAW PAW 2 NORTH),Hurley VA,,VA,2023-07-11,,20,Layoff,https://www.vec.virginia.gov/warn-notices
Wellmore Energy Company LLC (Laboratory),WELLMORE ENERGY (LABORATORY),Big Rock VA,,VA,2023-07-11,,2,Layoff,https://www.vec.virginia.gov/warn-notices
Wellmore Energy Company LLC (Elk Creek),WELLMORE ENERGY (ELK CREEK),Hurley VA,,VA,2023-07-11,,58,Layoff,https://www.vec.virginia.gov/warn-notices
Wellmore Energy Company LLC (Company Trucks Safety and Engineering),WELLMORE ENERGY ( TRUCKS SAFETY AND ENGINEERING),Grundy VA,,VA,2023-07-11,,12,Layoff,https://www.vec.virginia.gov/warn-notices
Wellmore Energy Company LLC (Black Watch Operations),WELLMORE ENERGY (BLACK WATCH OPERATIONS),Grundy VA,,VA,2023-07-11,,1,Layoff,https://www.vec.virginia.gov/warn-notices
Walmart Neighborhood Market (Store 3885),WALMART NEIGHBORHOOD MARKET (STORE 3885),Richmond VA,,VA,2023-07-11,,98,Closure,https://www.vec.virginia.gov/warn-notices
Microsoft,MICROSOFT,Redmond and Bellevue,,WA,2023-07-10,2023-09-08,276,Permanent,https://esd.wa.gov/about-employees/WARN
"PBS West, LLC",PBS WEST,Corvallis,,OR,2023-07-07,2023-09-06,50,Large Layoff - 10 or more workers,https://data.oregon.gov/d/ijbz-jpx8
Christmas Tree Shops  -  Location  1,CHRISTMAS TREE SHOPS - LOCATION 1,Springfield,,NJ,,2023-07-07,143,,https://www.nj.gov/labor/employer-services/warn/
Chistmas Tree Shops   -   Location  2,CHISTMAS TREE SHOPS - LOCATION 2,Brick,,NJ,,2023-07-07,61,,https://www.nj.gov/labor/employer-services/warn/
Chistmas Tree Shops   -   Location  3,CHISTMAS TREE SHOPS - LOCATION 3,Bridgewater,,NJ,,2023-07-07,40,,https://www.nj.gov/labor/employer-services/warn/
Christmas Tree Shops  -  Location  4,CHRISTMAS TREE SHOPS - LOCATION 4,Cherry Hill,,NJ,,2023-07-07,37,,https://www.nj.gov/labor/employer-services/warn/
Christmas Tree Shops  -  Location  5,CHRISTMAS TREE SHOPS - LOCATION 5,Deptford,,NJ,,2023-07-07,33,,https://www.nj.gov/labor/employer-services/warn/
Christmas Tree Shops  -  Location  6,CHRISTMAS TREE SHOPS - LOCATION 6,Freehold,,NJ,,2023-07-07,51,,https://www.nj.gov/labor/employer-services/warn/
Christmas Tree Shops  -  Location  7,CHRISTMAS TREE SHOPS - LOCATION 7,Square Mays Landing,,NJ,,2023-07-07,20,,https://www.nj.gov/labor/employer-services/warn/
Christmas Tree Shops  -  Location  8,CHRISTMAS TREE SHOPS - LOCATION 8,Paramus,,NJ,,2023-07-07,48,,https://www.nj.gov/labor/employer-services/warn/
Christmas Tree Shops  -  Location  10,CHRISTMAS TREE SHOPS - LOCATION 10,Woodland,,NJ,,2023-07-07,58,,https://www.nj.gov/labor/employer-services/warn/
S&B Industry Inc.,S B INDUSTRY,Fort Worth,Tarrant,TX,2023-07-05,2023-07-21,115,,https://data.texas.gov/d/8w53-c4f6
"Dawn Food Products, Inc.",DAWN FOOD PRODUCTS,Seattle,,WA,2023-07-05,2023-09-01,55,Permanent,https://esd.wa.gov/about-employees/WARN
Kiss Distribution Corp,KISS DISTRIBUTION,Piscataway,,NJ,,2023-06-30,52,,https://www.nj.gov/labor/employer-services/warn/
BioReference Health LLC,BIOREFERENCE HEALTH,Elmwood park,,NJ,,2023-06-30,71,,https://www.nj.gov/labor/employer-services/warn/
Compass Group USA Inc,COMPASS GROUP,McLean VA,,VA,2023-06-30,,220,Layoff,https://www.vec.virginia.gov/warn-notices
AAC Holding Corporation,AAC HOLDING,Dallas,Dallas,TX,2023-06-29,2023-08-16,188,,https://data.texas.gov/d/8w53-c4f6
Management Training Corporation (Sanders Estes Unit),MANAGEMENT TRAINING (SANDERS ESTES UNIT),Venus,Johnson,TX,2023-06-29,2023-08-31,120,,https://data.texas.gov/d/8w53-c4f6
"Aramark Campus, LLC at New Braunfels ISD",ARAMARK CAMPUS AT NEW BRAUNFELS ISD,New Braunfels,Comal,TX,2023-06-29,2023-06-30,59,,https://data.texas.gov/d/8w53-c4f6
"Aramark Campus, LLC",ARAMARK CAMPUS,Bellingham,,WA,2023-06-28,2023-08-31,386,Permanent,https://esd.wa.gov/about-employees/WARN
"Packers Sanitation Services, Inc. (PSSI) Center, Texas",PACKERS SANITATION (PSSI) CENTER TEXAS,Center,Shelby,TX,2023-06-27,2023-06-09,93,,https://data.texas.gov/d/8w53-c4f6
Management & Training Corporation (Cleveland TX),MANAGEMENT TRAINING (CLEVELAND TX),Cleveland,Liberty,TX,2023-06-27,2023-08-31,107,,https://data.texas.gov/d/8w53-c4f6
"Federal Heath Sign Company, LLC",FEDERAL HEATH SIGN,Euless,Tarrant,TX,2023-06-27,2023-09-01,47,,https://data.texas.gov/d/8w53-c4f6
Management & Training Corporation (MTC) - Diboll,MANAGEMENT TRAINING (MTC) - DIBOLL,Diboll,Angelina,TX,2023-06-27,2023-08-31,101,,https://data.texas.gov/d/8w53-c4f6
Homebridge,HOMEBRIDGE,South Iselin,,NJ,,2023-06-26,139,,https://www.nj.gov/labor/employer-services/warn/
Bed Bath & Beyond | Buy Buy Baby Inc | BBB Value Services,BED BATH BEYOND | BUY BUY BABY | BBB VALUE,Union,,NJ,,2023-06-26,1293,,https://www.nj.gov/labor/employer-services/warn/
Cognizant Technology Solutions,COGNIZANT,Austin,Travis,TX,2023-06-23,2023-08-20,56,,https://data.texas.gov/d/8w53-c4f6
VIRTEX PPI/Time Zero Inc.  (Waynesboro VA Plant),VIRTEX PPI/TIME ZERO (WAYNESBORO VA PLANT),Waynesboro VA,,VA,2023-06-21,,76,Closure,https://www.vec.virginia.gov/warn-notices
Marine Hydraulics International LLC (MHI),MARINE HYDRAULICS INTERNATIONAL (MHI),Norfolk VA,,VA,2023-06-19,,139,Layoff,https://www.vec.virginia.gov/warn-notices
Thermo Fisher Scientific,THERMO FISHER SCIENTIFIC,Princton,,NJ,,2023-06-16,113,,https://www.nj.gov/labor/employer-services/warn/
The Yankee Candle Company Inc.,THE YANKEE CANDLE,Blairs VA,,VA,2023-06-16,,58,Closure,https://www.vec.virginia.gov/warn-notices
INMET Mining,INMET MINING,Appalachia & St. Charles VA,,VA,2023-06-16,,258,Closure,https://www.vec.virginia.gov/warn-notices
Accenture Austin),ACCENTURE AUSTIN),Austin,Williamson,TX,2023-06-15,2023-08-14,218,,https://data.texas.gov/d/8w53-c4f6
"Neilsen and Bainbridge, LLC",NEILSEN AND BAINBRIDGE,Austin,Williamson,TX,2023-06-15,2023-05-23,116,,https://data.texas.gov/d/8w53-c4f6
Southeast Service Corporation (Bastrop Independent School District),SOUTHEAST SERVICE (BASTROP INDEPENDENT SCHOOL DISTRICT),Bastrop,Bastrop,TX,2023-06-15,2023-08-05,91,,https://data.texas.gov/d/8w53-c4f6
"BWRD, LLC (Stria)",BWRD (STRIA),King County,,WA,2023-06-15,2023-06-14,1,Permanent,https://esd.wa.gov/about-employees/WARN
Nucor (Longview),NUCOR (LONGVIEW),Longview,Gregg,TX,2023-06-14,2023-08-18,173,,https://data.texas.gov/d/8w53-c4f6
"Jacksonville, Remote Employee Location",JACKSONVILLE REMOTE EMPLOYEE LOCATION,Jacksonville,,OR,2023-06-14,2023-06-14,1,Large Layoff - 10 or more workers,https://data.oregon.gov/d/ijbz-jpx8
"Bitwise Industries, Inc.",BITWISE INDUSTRIES,"Island, King, Spokane, Okanogan Counties",,WA,2023-06-14,2023-06-14,4,Permanent,https://esd.wa.gov/about-employees/WARN
Owens-Brockway Glass Container Inc.,OWENS-BROCKWAY GLASS CONTAINER,Portland,,OR,2023-06-13,2023-07-21,81,Reduction,https://data.oregon.gov/d/ijbz-jpx8
Watermark Retirement Communities LLC,WATERMARK RETIREMENT COMMUNITIES,Fairfax VA,,VA,2023-06-09,,94,Layoff,https://www.vec.virginia.gov/warn-notices
Los Angeles Times Communications LLC,LOS ANGELES TIMES COMMUNICATIONS,Seattle,,WA,2023-06-09,2023-08-14,1,Permanent,https://esd.wa.gov/about-employees/WARN
Federal Express Corporation (Temple),FEDERAL EXPRESS (TEMPLE),Temple,Bell,TX,2023-06-08,2023-09-04,58,,https://data.texas.gov/d/8w53-c4f6
Marquis Spas,MARQUIS SPAS,Independence,,OR,2023-06-08,2023-09-01,115,Permanent closure,https://data.oregon.gov/d/ijbz-jpx8
Chartwells (Midland ISD),CHARTWELLS (MIDLAND ISD),Midland,Midland,TX,2023-06-07,2023-06-30,74,,https://data.texas.gov/d/8w53-c4f6
Aimbridge Employee Service Corp AKA Val,AIMBRIDGE EMPLOYEE SERVICE AKA VAL,Eugene,,OR,2023-06-06,2023-06-29,62,Large Layoff - 10 or more workers,https://data.oregon.gov/d/ijbz-jpx8
Aero Farms Inc,AERO FARMS,Newark,,NJ,,2023-06-05,82,,https://www.nj.gov/labor/employer-services/warn/
Microsoft,MICROSOFT,Redmond,,WA,2023-06-05,2023-08-04,22,Permanent,https://esd.wa.gov/about-employees/WARN
Walmart,WALMART,Pedricktown,,NJ,,2023-06-02,201,,https://www.nj.gov/labor/employer-services/warn/
Attala Steele Industries (Hilsboro Plant),ATTALA STEELE INDUSTRIES (HILSBORO PLANT),Hillsboro,Hill,TX,2023-06-01,2023-05-26,126,,https://data.texas.gov/d/8w53-c4f6
Avantor Fluid Handling LLC,AVANTOR FLUID HANDLING,Eatontown,,NJ,,2023-06-01,50,,https://www.nj.gov/labor/employer-services/warn/
Cascade Behavioral Health Hospital LLC,CASCADE BEHAVIORAL HEALTH HOSPITAL,Tukwila,,WA,2023-06-01,2023-07-31,288,Permanent,https://esd.wa.gov/about-employees/WARN
Bristol Myers Squibb,BRISTOL MYERS SQUIBB,Princeton,,NJ,,2023-05-31,48,,https://www.nj.gov/labor/employer-services/warn/
Amentum,AMENTUM,Everett,,WA,2023-05-31,2023-07-30,3,Permanent,https://esd.wa.gov/about-employees/WARN
"Diversified Technical Services, INC. (San Antonio)",DIVERSIFIED TECHNICAL (SAN ANTONIO),San Antonio,Bexar,TX,2023-05-30,2023-07-31,137,,https://data.texas.gov/d/8w53-c4f6
Scribe Media LLC,SCRIBE MEDIA,Austin,Travis,TX,2023-05-25,2023-05-24,90,,https://data.texas.gov/d/8w53-c4f6
Aspiration Partners,ASPIRATION PARTNERS,Marina Del Rey,,OR,2023-05-24,2023-06-30,3,Large Layoff - 10 or more workers,https://data.oregon.gov/d/ijbz-jpx8
Central Garden & Pet (Manufacturing),CENTRAL GARDEN PET (MANUFACTURING),Athens,Henderson,TX,2023-05-22,2023-06-27,80,,https://data.texas.gov/d/8w53-c4f6
Wipro,WIPRO,Austin,Travis,TX,2023-05-18,2023-06-30,64,,https://data.texas.gov/d/8w53-c4f6
[24]7.ai,[24]7 AI,Dallas,Collin,TX,2023-05-17,2023-07-07,69,,https://data.texas.gov/d/8w53-c4f6
USAA - (San Antonio) Fredericksburg Rd.,USAA - (SAN ANTONIO) FREDERICKSBURG RD,San Antonio,Bexar,TX,2023-05-16,2023-07-14,235,,https://data.texas.gov/d/8w53-c4f6
Accenture LLP (Austin),ACCENTURE (AUSTIN),Austin,Travis,TX,2023-05-16,2023-06-27,549,,https://data.texas.gov/d/8w53-c4f6
Durham School Services-Brenham,DURHAM SCHOOL -BRENHAM,Brenham,Washington,TX,2023-05-16,2023-07-31,81,,https://data.texas.gov/d/8w53-c4f6
ABM Industries at the University of Texas San Antonio,ABM INDUSTRIES AT THE UNIVERSITY OF TEXAS SAN ANTONIO,San Antonio,Bexar,TX,2023-05-15,2023-03-31,86,,https://data.texas.gov/d/8w53-c4f6
"Bedding Acquisition, LLC (Grand Prairie Plant)",BEDDING ACQUISITION (GRAND PRAIRIE PLANT),Grand Prairie,Dallas,TX,2023-05-10,2023-05-26,23,,https://data.texas.gov/d/8w53-c4f6
"GXO Logistics of Texas, LLC (Fort Worth) Comcast Facility",GXO LOGISTICS OF TEXAS (FORT WORTH) COMCAST FACILITY,Fort Worth,Tarrant,TX,2023-05-10,2023-06-30,105,,https://data.texas.gov/d/8w53-c4f6
Village Farms,VILLAGE FARMS,Monahans,Ward,TX,2023-05-10,2023-08-01,27,,https://data.texas.gov/d/8w53-c4f6
Cascades Tissue Group - St Helens Paper,CASCADES TISSUE GROUP - ST HELENS PAPER,St. Helens,,OR,2023-05-09,2023-07-08,45,Large Layoff - 10 or more workers,https://data.oregon.gov/d/ijbz-jpx8
Microsoft,MICROSOFT,Redmond,,WA,2023-05-09,2023-05-26,158,Permanent,https://esd.wa.gov/about-employees/WARN
Aventi Technologies,AVENTI,Carrollton,Denton,TX,2023-05-08,2023-05-12,272,,https://data.texas.gov/d/8w53-c4f6
The Computer Merchant LTD,THE COMPUTER MERCHANT,"Norwell, ME",,NJ,,2023-05-05,37,,https://www.nj.gov/labor/employer-services/warn/
Staffing Solutions Organization LLC,STAFFING ORGANIZATION,"Albany, NY",,NJ,,2023-05-05,58,,https://www.nj.gov/labor/employer-services/warn/
DHL Supply Chain - Missouri City,DHL SUPPLY CHAIN - MISSOURI CITY,Missouri City,Fort Bend,TX,2023-05-03,2023-06-30,123,,https://data.texas.gov/d/8w53-c4f6
DHL Supply Chain - Sugar Land,DHL SUPPLY CHAIN - SUGAR LAND,Sugar Land,Fort Bend,TX,2023-05-03,2023-06-30,29,,https://data.texas.gov/d/8w53-c4f6
"Makita U.S.A., Inc. Distribution Center",MAKITA U S A DISTRIBUTION CENTER,Wilmer,Dallas,TX,2023-05-03,2023-06-28,4,,https://data.texas.gov/d/8w53-c4f6
"Makita U.S.A., Inc. Factory Service Center",MAKITA U S A FACTORY SERVICE CENTER,Houston,Harris,TX,2023-05-03,2023-06-28,7,,https://data.texas.gov/d/8w53-c4f6
Bonduelle (Ready Pac Produce Inc),BONDUELLE (READY PAC PRODUCE ),Florence,,NJ,,2023-05-01,309,,https://www.nj.gov/labor/employer-services/warn/
Jako Enterprises LLC,JAKO ENTERPRISES,Secaucus,,NJ,,2023-05-01,116,,https://www.nj.gov/labor/employer-services/warn/
Ashland Inc,ASHLAND,South Hackensack,,NJ,,2023-04-30,10,,https://www.nj.gov/labor/employer-services/warn/
Eisai Inc,EISAI,Nutley,,NJ,,2023-04-30,91,,https://www.nj.gov/labor/employer-services/warn/
"Makita U.S.A., Inc.",MAKITA U S A,Portland,,OR,2023-04-28,2023-06-28,6,Permanent closure,https://data.oregon.gov/d/ijbz-jpx8
BAREWEB LLc,BAREWEB,Edison,,NJ,,2023-04-28,87,,https://www.nj.gov/labor/employer-services/warn/
Nelson Laboratories LLC,NELSON LABORATORIES,Fairfield,,NJ,,2023-04-28,66,,https://www.nj.gov/labor/employer-services/warn/
Summit Public Schools Washington,SUMMIT PUBLIC SCHOOLS WASHINGTON,"Seattle, Tacoma",,WA,2023-04-28,2023-06-30,17,Permanent,https://esd.wa.gov/about-employees/WARN
Science Systems and Applications Inc. (SSAI),SCIENCE SYSTEMS AND APPLICATIONS (SSAI),Hampton VA,,VA,2023-04-26,,199,Layoff,https://www.vec.virginia.gov/warn-notices
"Elkay Interior Systems, Inc",ELKAY INTERIOR SYSTEMS,Spokane,,WA,2023-04-26,2023-07-28,6,Permanent,https://esd.wa.gov/about-employees/WARN
Stanley Black & Decker-Fort Worth,STANLEY BLACK DECKER-FORT WORTH,Fort Worth,Tarrant,TX,2023-04-25,2023-05-19,175,,https://data.texas.gov/d/8w53-c4f6
Cascades Tissue Group - Scappoose Conve,CASCADES TISSUE GROUP - SCAPPOOSE CONVE,Scappoose,,OR,2023-04-25,2023-07-28,88,Permanent closure,https://data.oregon.gov/d/ijbz-jpx8
Durham School Services,DURHAM SCHOOL,Spokane,,WA,2023-04-25,2023-06-30,226,Permanent,https://esd.wa.gov/about-employees/WARN
IEH Auto Parts LLC,IEH AUTO PARTS,"Kennesaw, GA",,NJ,,2023-04-22,56,,https://www.nj.gov/labor/employer-services/warn/
Walmart #4795 Grapevine,WALMART #4795 GRAPEVINE,Grapevine,Tarrant,TX,2023-04-20,2023-07-13,133,,https://data.texas.gov/d/8w53-c4f6
"HCS Renewable Energy, LLC",HCS RENEWABLE ENERGY,El Campo,Wharton,TX,2023-04-19,2023-06-18,62,,https://data.texas.gov/d/8w53-c4f6
Dollar Tree - Chesapeake,DOLLAR TREE - CHESAPEAKE,Chesapeake VA,,VA,2023-04-19,,90,Layoff,https://www.vec.virginia.gov/warn-notices
"Packers Sanitation Services- Cactus, Texas",PACKERS SANITATION - CACTUS TEXAS,Cactus,Moore,TX,2023-04-18,2023-05-30,113,,https://data.texas.gov/d/8w53-c4f6
David's Bridal LLC,DAVID'S BRIDAL,Nationwide,,WA,2023-04-17,2023-04-14,9266,Permanent,https://esd.wa.gov/about-employees/WARN
"David's Bridal, Store # 216, Eugene",DAVID'S BRIDAL STORE # 216 EUGENE,Eugene,,OR,2023-04-14,2023-07-17,1,Permanent closure,https://data.oregon.gov/d/ijbz-jpx8
"David's Bridal, Store # 160, Beaverton",DAVID'S BRIDAL STORE # 160 BEAVERTON,Beaverton,,OR,2023-04-14,2023-07-17,1,Permanent closure,https://data.oregon.gov/d/ijbz-jpx8
"David's Bridal, Store # 200, Clackamas",DAVID'S BRIDAL STORE # 200 CLACKAMAS,Happy Valley,,OR,2023-04-14,2023-07-17,1,Permanent closure,https://data.oregon.gov/d/ijbz-jpx8
"David's Bridal, Store # 292 Salem",DAVID'S BRIDAL STORE # 292 SALEM,Keizer,,OR,2023-04-14,2023-07-17,1,Permanent closure,https://data.oregon.gov/d/ijbz-jpx8
"David's Bridal, Store # 263 Medford",DAVID'S BRIDAL STORE # 263 MEDFORD,Medford,,OR,2023-04-14,2023-07-17,1,Permanent closure,https://data.oregon.gov/d/ijbz-jpx8
Phoenix Processor Limited Partnership,PHOENIX PROCESSOR PARTNERSHIP,Seattle,,WA,2023-04-12,2023-06-07,115,Permanent,https://esd.wa.gov/about-employees/WARN
American Anesthesiology Association of Virginia Inc,AMERICAN ANESTHESIOLOGY ASSOCIATION OF VIRGINIA,Falls Church & McLean VA,,VA,2023-04-11,,172,Closure,https://www.vec.virginia.gov/warn-notices
Enable Inc.,ENABLE,Princeton,,NJ,,2023-04-10,243,,https://www.nj.gov/labor/employer-services/warn/
Bed Bath & Beyond,BED BATH BEYOND,Union,,NJ,,2023-04-09,377,,https://www.nj.gov/labor/employer-services/warn/
First Transit,FIRST TRANSIT,Newark,,NJ,,2023-04-09,289,,https://www.nj.gov/labor/employer-services/warn/
Misfits Market Inc,MISFITS MARKET,Delanco,,NJ,,2023-04-08,446,,https://www.nj.gov/labor/employer-services/warn/
1266 Apartment Corp.,1266 APARTMENT,Fort Lee,,NJ,,2023-04-07,81,,https://www.nj.gov/labor/employer-services/warn/
Aramark Campus LLC Trininty University (San Antonio),ARAMARK CAMPUS TRININTY UNIVERSITY (SAN ANTONIO),San Antonio,Bexar,TX,2023-04-05,2023-05-31,120,,https://data.texas.gov/d/8w53-c4f6
Chalk Mountain Services of Texas LLC,CHALK MOUNTAIN OF TEXAS,Kermit,Winkler,TX,2023-04-05,2023-05-31,98,,https://data.texas.gov/d/8w53-c4f6
Hunter Douglas Fabrication Company (Custom Brands Group),HUNTER DOUGLAS FABRICATION (CUSTOM BRANDS GROUP),McKinney,Collin,TX,2023-04-05,2023-06-09,100,,https://data.texas.gov/d/8w53-c4f6
Bed Bath & Beyond,BED BATH BEYOND,Secaucus,,NJ,,2023-04-05,84,,https://www.nj.gov/labor/employer-services/warn/
"Molecular Templates, Inc. (MTEM)",MOLECULAR TEMPLATES (MTEM),Austin,Williamson,TX,2023-04-04,2023-05-29,84,,https://data.texas.gov/d/8w53-c4f6
Ibex Global Solutions (San Antonio),IBEX GLOBAL (SAN ANTONIO),San Antonio,Bexar,TX,2023-04-03,2023-06-02,227,,https://data.texas.gov/d/8w53-c4f6
Advanced Drainage Systems,ADVANCED DRAINAGE SYSTEMS,Logan Township,,NJ,,2023-04-03,59,,https://www.nj.gov/labor/employer-services/warn/
Q2 Solutions,Q2,Seattle,,WA,2023-04-03,2023-06-15,43,Permanent,https://esd.wa.gov/about-employees/WARN
Harmon Stores Inc,HARMON STORES,Totowa,,NJ,,2023-04-01,262,,https://www.nj.gov/labor/employer-services/warn/
Walmart #1258,WALMART #1258,Fort Worth,Tarrant,TX,2023-03-31,2023-06-02,1047,,https://data.texas.gov/d/8w53-c4f6
Bartlo Packaging,BARTLO PACKAGING,Passaic,,NJ,,2023-03-31,50,,https://www.nj.gov/labor/employer-services/warn/
Hackensack Meridian Ambulatory Care Inc,HACKENSACK MERIDIAN AMBULATORY CARE,Red Bank,,NJ,,2023-03-31,108,,https://www.nj.gov/labor/employer-services/warn/
Bacharach Institute for Rehabilitation Inc.,BACHARACH INSTITUTE FOR REHABILITATION,Pomona,,NJ,,2023-03-31,325,,https://www.nj.gov/labor/employer-services/warn/
National Institute of Aerospace,NATIONAL INSTITUTE OF AEROSPACE,Hampton VA,,VA,2023-03-31,,65,Layoff,https://www.vec.virginia.gov/warn-notices
Bed Bath & Beyond,BED BATH BEYOND,Port Reading,,NJ,,2023-03-28,572,,https://www.nj.gov/labor/employer-services/warn/
Celularity Inc,CELULARITY,Florham Park,,NJ,,2023-03-27,188,,https://www.nj.gov/labor/employer-services/warn/
Microsoft,MICROSOFT,Redmond and Bellevue,,WA,2023-03-27,2023-05-26,559,Permanent,https://esd.wa.gov/about-employees/WARN
"Aspiration Partners, Inc",ASPIRATION PARTNERS,Marina Del Rey,,OR,2023-03-24,2023-05-26,12,Large Layoff - 10 or more workers,https://data.oregon.gov/d/ijbz-jpx8
"Aspiration Partners, Inc",ASPIRATION PARTNERS,King and Snohomish Counties,,WA,2023-03-24,2023-05-26,3,Permanent,https://esd.wa.gov/about-employees/WARN
Walmart,WALMART,Everett,,WA,2023-03-23,2023-06-30,198,Permanent,https://esd.wa.gov/about-employees/WARN
"Blue Nile, Inc.",BLUE NILE,Seattle,,WA,2023-03-23,2023-07-14,119,Permanent,https://esd.wa.gov/about-employees/WARN
"Saten, Inc.",SATEN,Fort Worth,Tarrant,TX,2023-03-22,2023-05-13,54,,https://data.texas.gov/d/8w53-c4f6
"Penske Logistics, LLC-Keller",PENSKE LOGISTICS -KELLER,Keller,Tarrant,TX,2023-03-20,2023-05-20,152,,https://data.texas.gov/d/8w53-c4f6
Ace Hardware Corporation,ACE HARDWARE,Spokane,,WA,2023-03-17,2023-05-17,86,Permanent,https://esd.wa.gov/about-employees/WARN
Astound Broadband,ASTOUND BROADBAND,Bothell,,WA,2023-03-17,2023-05-19,90,Permanent,https://esd.wa.gov/about-employees/WARN
Gannett,GANNETT,McLean VA,,VA,2023-03-16,,44,Layoff,https://www.vec.virginia.gov/warn-notices
Ibase Operations Corporation,IBASE OPERATIONS,Austin,Williamson,TX,2023-03-15,2023-05-31,81,,https://data.texas.gov/d/8w53-c4f6
Trellis Company,TRELLIS,Round Rock,Williamson,TX,2023-03-14,2023-04-04,105,,https://data.texas.gov/d/8w53-c4f6
Client Facility,CLIENT FACILITY,Beaverton,,OR,2023-03-13,2023-05-31,150,Permanent closure,https://data.oregon.gov/d/ijbz-jpx8
Blount Fine Foods,BLOUNT FINE FOODS,Portland,,OR,2023-03-13,2023-05-12,198,Permanent closure,https://data.oregon.gov/d/ijbz-jpx8
Target-T3295 Store,TARGET-T3295 STORE,Falls Church VA,,VA,2023-03-13,,28,Closure,https://www.vec.virginia.gov/warn-notices
Morrison Healthcare (Maryview Medical Center),MORRISON HEALTHCARE (MARYVIEW MEDICAL CENTER),Portsmouth VA,,VA,2023-03-13,,74,Layoff,https://www.vec.virginia.gov/warn-notices
Tyson Foods Inc.,TYSON FOODS,Glen Allen VA,,VA,2023-03-13,,612,Closure,https://www.vec.virginia.gov/warn-notices
Tyson Foods Inc,TYSON FOODS,Jetersville VA,,VA,2023-03-13,,60,Closure,https://www.vec.virginia.gov/warn-notices
"Security Specialists, Inc (Austin)",SECURITY SPECIALISTS (AUSTIN),Austin,Travis,TX,2023-03-08,2023-04-28,240,,https://data.texas.gov/d/8w53-c4f6
"Compass Group USA, Inc.",COMPASS GROUP,Redmond,,WA,2023-03-08,2023-03-24,68,Permanent,https://esd.wa.gov/about-employees/WARN
Ingersoll Rand,INGERSOLL RAND,Kent,,WA,2023-03-07,2023-05-08,69,Permanent,https://esd.wa.gov/about-employees/WARN
Microsoft,MICROSOFT,"Redmond, Bellevue, Issaquah",,WA,2023-03-06,2023-05-05,689,Permanent,https://esd.wa.gov/about-employees/WARN
"Southwest General Hospital, LP",SOUTHWEST GENERAL HOSPITAL,San Antonio,Bexar,TX,2023-03-03,2023-05-01,827,,https://data.texas.gov/d/8w53-c4f6
EP Lamination,EP LAMINATION,El Paso,El Paso,TX,2023-03-02,2023-05-02,53,,https://data.texas.gov/d/8w53-c4f6
"Novo Nordisk Research Center Seattle, Inc",NOVO NORDISK RESEARCH CENTER SEATTLE,Seattle,,WA,2023-03-01,2023-05-01,86,Permanent,https://esd.wa.gov/about-employees/WARN
Interceramic Austin Showroom,INTERCERAMIC AUSTIN SHOWROOM,Austin,Travis,TX,2023-02-28,2023-08-31,17,,https://data.texas.gov/d/8w53-c4f6
Interceramic Fort Worth Showroom,INTERCERAMIC FORT WORTH SHOWROOM,Fort Worth,Tarrant,TX,2023-02-28,2023-05-31,12,,https://data.texas.gov/d/8w53-c4f6
Interceramic Manufacturing Facility,INTERCERAMIC MANUFACTURING FACILITY,Garland,Dallas,TX,2023-02-28,2023-02-22,161,,https://data.texas.gov/d/8w53-c4f6
Interceramic Tile & Stone Gallery,INTERCERAMIC TILE STONE GALLERY,Dallas,Dallas,TX,2023-02-28,2023-08-31,15,,https://data.texas.gov/d/8w53-c4f6
"FleetLogix, Inc",FLEETLOGIX,"SeaTac, Tukwila",,WA,2023-02-28,2023-04-28,120,Permanent,https://esd.wa.gov/about-employees/WARN
Interceramic Corporate Office and Distribution Center,INTERCERAMIC CORPORATE OFFICE AND DISTRIBUTION CENTER,Carrollton,Dallas,TX,2023-02-27,2023-03-31,118,,https://data.texas.gov/d/8w53-c4f6
Interceramic Houston Showroom (Clay Road),INTERCERAMIC HOUSTON SHOWROOM (CLAY ROAD),Houston,Harris,TX,2023-02-27,2023-08-31,35,,https://data.texas.gov/d/8w53-c4f6
Interceramic Houston-Spring Showroom,INTERCERAMIC HOUSTON-SPRING SHOWROOM,Spring,Harris,TX,2023-02-27,2023-05-31,7,,https://data.texas.gov/d/8w53-c4f6
Interceramic Plano Showroom,INTERCERAMIC PLANO SHOWROOM,Plano,Collin,TX,2023-02-27,2023-05-31,4,,https://data.texas.gov/d/8w53-c4f6
Interceramic San Antonio Showroom,INTERCERAMIC SAN ANTONIO SHOWROOM,San Antonio,Bexar,TX,2023-02-27,2023-08-31,19,,https://data.texas.gov/d/8w53-c4f6
SNL Distribution Services Corporation,SNL DISTRIBUTION,Denton,Denton,TX,2023-02-27,2023-03-31,60,,https://data.texas.gov/d/8w53-c4f6
"TuSimple, Inc. (Fort Worth)",TUSIMPLE (FORT WORTH),Fort Worth,Denton,TX,2023-02-27,2023-02-17,10,,https://data.texas.gov/d/8w53-c4f6
"TuSimple, Inc. (Hutchins)",TUSIMPLE (HUTCHINS),Hutchins,Dallas,TX,2023-02-27,2023-02-17,10,,https://data.texas.gov/d/8w53-c4f6
Rume Medical Group,RUME MEDICAL GROUP,"Seattle, Lynden",,WA,2023-02-24,2023-02-26,2,Permanent,https://esd.wa.gov/about-employees/WARN
Boston Scientific Corporation,BOSTON SCIENTIFIC,Houston,Harris,TX,2023-02-23,2023-04-23,120,,https://data.texas.gov/d/8w53-c4f6
Walmart Store #2552,WALMART STORE #2552,Portland,,OR,2023-02-22,2023-06-02,379,Permanent closure,https://data.oregon.gov/d/ijbz-jpx8
Walmart Store #5899,WALMART STORE #5899,Portland,,OR,2023-02-22,2023-06-02,201,Permanent closure,https://data.oregon.gov/d/ijbz-jpx8
"Wix.com, Inc.",WIX COM,Austin,Travis,TX,2023-02-21,2023-04-16,100,,https://data.texas.gov/d/8w53-c4f6
"American Medical Response, Pierce County",AMERICAN MEDICAL RESPONSE PIERCE COUNTY,Fife,,WA,2023-02-17,2023-04-19,43,Permanent,https://esd.wa.gov/about-employees/WARN
Deer Park Nursing and Rehab Center LLC,DEER PARK NURSING AND REHAB CENTER,Deer Park,Harris,TX,2023-02-16,2023-02-08,40,,https://data.texas.gov/d/8w53-c4f6
TaskUs (San Antonio),TASKUS (SAN ANTONIO),San Antonio,Bexar,TX,2023-02-16,2023-02-24,186,,https://data.texas.gov/d/8w53-c4f6
"Critical Ideas, Inc. dba Chipper Cash",CRITICAL IDEAS DBA CHIPPER CASH,"Vancouver, Spokane",,WA,2023-02-16,2023-02-17,2,Permanent,https://esd.wa.gov/about-employees/WARN
St. Mark's Medical Center,ST MARK'S MEDICAL CENTER,La Grange,Fayette,TX,2023-02-15,2023-02-17,64,,https://data.texas.gov/d/8w53-c4f6
Pegasus Home Fashions Inc,PEGASUS HOME FASHIONS,Elizabeth,,NJ,,2023-02-15,42,,https://www.nj.gov/labor/employer-services/warn/
"Peer Street, Inc.",PEER STREET,Liberty Lake,,WA,2023-02-15,2023-04-16,1,Permanent,https://esd.wa.gov/about-employees/WARN
Accurate Diagnostics Laboratories,ACCURATE DIAGNOSTICS LABORATORIES,South Plainfield,,NJ,,2023-02-12,94,,https://www.nj.gov/labor/employer-services/warn/
Microsoft,MICROSOFT,"Redmond, Bellevue, Issaquah",,WA,2023-02-09,2023-04-10,617,Permanent,https://esd.wa.gov/about-employees/WARN
Walmart Store #7310,WALMART STORE #7310,Katy,Fort Bend,TX,2023-02-08,2023-05-19,92,,https://data.texas.gov/d/8w53-c4f6
"Misfits Market Technologies, INC (Fullfillment Center)",MISFITS MARKET (FULLFILLMENT CENTER),Fort Worth,Tarrant,TX,2023-02-07,2023-04-08,121,,https://data.texas.gov/d/8w53-c4f6
"Skorpios Technologies, Inc.",SKORPIOS,Austin,Travis,TX,2023-02-07,2023-04-01,60,,https://data.texas.gov/d/8w53-c4f6
Packaging Corporation of America (Woodway),PACKAGING OF AMERICA (WOODWAY),Woodway,McLennan,TX,2023-02-07,2023-03-28,65,,https://data.texas.gov/d/8w53-c4f6
Owens Corning Amarillo Facility,OWENS CORNING AMARILLO FACILITY,Amarillo,Potter,TX,2023-02-07,2023-04-04,200,,https://data.texas.gov/d/8w53-c4f6
Audiology Services Company USA LLC,AUDIOLOGY,Somerset,,NJ,,2023-02-03,23,,https://www.nj.gov/labor/employer-services/warn/
Georgia Pacific Gypsum,GEORGIA PACIFIC GYPSUM,Quanah,Hardeman,TX,2023-02-02,2023-04-01,158,,https://data.texas.gov/d/8w53-c4f6
"PTW Energy Services, Inc.",PTW ENERGY,Midland,Midland,TX,2023-02-02,2023-04-03,9,,https://data.texas.gov/d/8w53-c4f6
Eddy Foods,EDDY FOODS,Yoakum,Dewitt,TX,2023-02-02,2023-02-15,140,,https://data.texas.gov/d/8w53-c4f6
"NC Interactive, LLC",NC INTERACTIVE,Bellevue,,WA,2023-02-02,2023-02-01,23,Permanent,https://esd.wa.gov/about-employees/WARN
"Bittrex, Inc.",BITTREX,Bellevue,,WA,2023-02-01,2023-04-02,83,Permanent,https://esd.wa.gov/about-employees/WARN
"Transde,v Inc,",TRANSDE V,Lancaster,Dallas,TX,2023-01-31,2023-01-30,83,,https://data.texas.gov/d/8w53-c4f6
"Bedding Acquisition, LLC",BEDDING ACQUISITION,Grand Prairie,Dallas,TX,2023-01-31,2023-03-31,74,,https://data.texas.gov/d/8w53-c4f6
Owens-Brockway Glass Container Inc.,OWENS-BROCKWAY GLASS CONTAINER,Waco,McLennan,TX,2023-01-31,2023-01-31,90,,https://data.texas.gov/d/8w53-c4f6
Atlantice Coast Fibers LLC,ATLANTICE COAST FIBERS,Passaic,,NJ,,2023-01-31,29,,https://www.nj.gov/labor/employer-services/warn/
Atlantic Coast Recycling Ocean LLC,ATLANTIC COAST RECYCLING OCEAN,Lakewood,,NJ,,2023-01-31,73,,https://www.nj.gov/labor/employer-services/warn/
"Compass Group USA, Inc.",COMPASS GROUP,Redmond,,WA,2023-01-30,2023-03-28,110,Permanent,https://esd.wa.gov/about-employees/WARN
Novartis Services Inc,NOVARTIS,East Hanover,,NJ,,2023-01-28,4,,https://www.nj.gov/labor/employer-services/warn/
Novartis Pharmaceuticals,NOVARTIS PHARMACEUTICALS,East Hanover,,NJ,,2023-01-28,221,,https://www.nj.gov/labor/employer-services/warn/
"ABM Texas General Services, Inc",ABM TEXAS GENERAL,Austin,Travis,TX,2023-01-27,2023-01-16,255,,https://data.texas.gov/d/8w53-c4f6
Service Experts,SERVICE EXPERTS,Richardson,Dallas,TX,2023-01-25,2023-03-10,76,,https://data.texas.gov/d/8w53-c4f6
Bed Bath and Beyond (Lewisville),BED BATH AND BEYOND (LEWISVILLE),Lewisville,Denton,TX,2023-01-25,2023-03-26,374,,https://data.texas.gov/d/8w53-c4f6
State Farm at City Line Building 1-4,STATE FARM AT CITY LINE BUILDING 1-4,Richardson,Collin,TX,2023-01-24,2023-03-31,125,,https://data.texas.gov/d/8w53-c4f6
Sumitomo Electric Wiring Systems,SUMITOMO ELECTRIC WIRING SYSTEMS,El Paso,El Paso,TX,2023-01-20,2023-03-31,110,,https://data.texas.gov/d/8w53-c4f6
Railcar Manufacturing Operations,RAILCAR MANUFACTURING OPERATIONS,Portland,,OR,2023-01-20,2023-03-21,101,Large Layoff - 10 or more workers,https://data.oregon.gov/d/ijbz-jpx8
Genpact LLC,GENPACT,Richardson,Collin,TX,2023-01-19,2023-03-31,964,,https://data.texas.gov/d/8w53-c4f6
Microsoft,MICROSOFT,"Redmond, Bellevue, Issaquah",,WA,2023-01-18,2023-03-20,878,Permanent,https://esd.wa.gov/about-employees/WARN
Amazon,AMAZON,"Seattle, Bellevue",,WA,2023-01-18,2023-03-19,2320,Permanent,https://esd.wa.gov/about-employees/WARN
"SIGMA DESIGN, Inc",SIGMA DESIGN,"Camas, Vancouver",,WA,2023-01-17,2023-01-31,42,Permanent,https://esd.wa.gov/about-employees/WARN
The Pictsweet Company,THE PICTSWEET,San Antonio,Bexar,TX,2023-01-16,2023-03-17,77,,https://data.texas.gov/d/8w53-c4f6
Blue Line Containers LLC,BLUE LINE CONTAINERS,Keasby,,NJ,,2023-01-15,5,,https://www.nj.gov/labor/employer-services/warn/
Chep Services LLC,CHEP,Barrington,,NJ,,2023-01-14,74,,https://www.nj.gov/labor/employer-services/warn/
"RateGenius Loan Services, Inc.",RATEGENIUS LOAN,Austin,Travis,TX,2023-01-12,2023-01-11,139,,https://data.texas.gov/d/8w53-c4f6
Ryder Inc.,RYDER,Austin,Travis,TX,2023-01-11,2023-03-18,801,,https://data.texas.gov/d/8w53-c4f6
Specialized Bicycle Components,SPECIALIZED BICYCLE COMPONENTS,Morgan Hill,,OR,2023-01-11,2023-01-13,7,Reduction,https://data.oregon.gov/d/ijbz-jpx8
Golden SVCS LLC,GOLDEN SVCS,"Lorton, Manassas, & Springfield VA",,VA,2023-01-11,,26,Closure,https://www.vec.virginia.gov/warn-notices
Specialized Bicycle Components Inc,SPECIALIZED BICYCLE COMPONENTS,Richmond VA,,VA,2023-01-11,,1,Layoff,https://www.vec.virginia.gov/warn-notices
"Specialized Bicycle Components, Inc",SPECIALIZED BICYCLE COMPONENTS,"Seattle, Spokane",,WA,2023-01-11,2023-01-13,9,Permanent,https://esd.wa.gov/about-employees/WARN
TUSimple,TUSIMPLE,Dallas,Dallas,TX,2023-01-10,2023-12-21,76,,https://data.texas.gov/d/8w53-c4f6
Southwest Key Programs-Casa Blanca,SOUTHWEST KEY PROGRAMS-CASA BLANCA,San Antonio,Bexar,TX,2023-01-09,2023-02-14,85,,https://data.texas.gov/d/8w53-c4f6
"Monitronics International, Inc. dba Brinks Home",MONITRONICS INTERNATIONAL DBA BRINKS HOME,Dallas,Dallas,TX,2023-01-06,2023-03-03,20,,https://data.texas.gov/d/8w53-c4f6
Accurate Diagnostic Laboratories,ACCURATE DIAGNOSTIC LABORATORIES,South Plainfield,,NJ,,2023-01-06,38,,https://www.nj.gov/labor/employer-services/warn/
Information Technology Coalition Inc. (Irving),INFORMATION COALITION (IRVING),Irving,Dallas,TX,2023-01-05,2023-01-31,370,,https://data.texas.gov/d/8w53-c4f6
American  Electronics Inc. (Amelex),AMERICAN ELECTRONICS (AMELEX),Arlington VA,,VA,2023-01-05,,78,Layoff,https://www.vec.virginia.gov/warn-notices
Educational Testing Service,EDUCATIONAL TESTING SERVICE,"Ewing, Princeton",,NJ,,2023-01-04,126,,https://www.nj.gov/labor/employer-services/warn/
Custom Ink,CUSTOM INK,Charlottesville VA,,VA,2023-01-03,,175,Closure,https://www.vec.virginia.gov/warn-notices
"Brinker International Payroll Co LP, Maggiano's Little Italy Restaurant",BRINKER INTERNATIONAL PAYROLL MAGGIANO'S LITTLE ITALY RESTAURANT,Bellevue,,WA,2023-01-03,2023-03-04,147,Permanent,https://esd.wa.gov/about-employees/WARN
"Triple Canopy, a Constellis Co",TRIPLE CANOPY A CONSTELLIS,Tukwila,,WA,2022-12-29,2023-02-28,122,Permanent,https://esd.wa.gov/about-employees/WARN
HII Mission Technologies,HII MISSION,San Antonio,Bexar,TX,2022-12-21,2023-02-28,68,,https://data.texas.gov/d/8w53-c4f6
BOISE CASCADE ELGIN PLYWOOD MILL,BOISE CASCADE ELGIN PLYWOOD MILL,ELGIN,,OR,2022-12-14,,0,Large Layoff - 10 or more workers,https://data.oregon.gov/d/ijbz-jpx8
Pioneer Human Services,PIONEER HUMAN,Sedro Woolley,,WA,2022-12-05,2023-01-31,50,Permanent,https://esd.wa.gov/about-employees/WARN
American General Life Insurance Company,AMERICAN GENERAL LIFE INSURANCE,Amarillo,Potter,TX,2022-12-02,2023-02-01,461,,https://data.texas.gov/d/8w53-c4f6
DTSV Inc.,DTSV,Arlington VA,,VA,2022-12-01,,74,Layoff,https://www.vec.virginia.gov/warn-notices
The Lobster Shop,THE LOBSTER SHOP,Tacoma,,WA,2022-12-01,2023-01-15,70,Temporary,https://esd.wa.gov/about-employees/WARN
Reverse Mortgage Funding LLC,REVERSE MORTGAGE FUNDING,Bloomfield,,NJ,,2022-11-29,65,,https://www.nj.gov/labor/employer-services/warn/
"American Medical Response, Pierce County",AMERICAN MEDICAL RESPONSE PIERCE COUNTY,Fife,,WA,2022-11-29,2023-01-28,130,Permanent,https://esd.wa.gov/about-employees/WARN
"Adorama Shipping, Inc.",ADORAMA SHIPPING,Elizabeth,,NJ,,2022-11-28,146,,https://www.nj.gov/labor/employer-services/warn/
Thayer Distribution,THAYER DISTRIBUTION,Gibbstown,,NJ,,2022-11-21,128,,https://www.nj.gov/labor/employer-services/warn/
Home Point Financial Corporation,HOME POINT FINANCIAL,Dallas,Collin,TX,2022-11-18,2022-11-18,49,,https://data.texas.gov/d/8w53-c4f6
VC Brands LLC,VC BRANDS,Burlington,,NJ,,2022-11-18,102,,https://www.nj.gov/labor/employer-services/warn/
"Bedding Acquisition, LLC",BEDDING ACQUISITION,Grand Prairie,Tarrant,TX,2022-11-16,2023-01-16,95,,https://data.texas.gov/d/8w53-c4f6
"Meta Platforms, Inc. (West 3rd)",META PLATFORMS (WEST 3RD),Austin,Travis,TX,2022-11-16,2023-01-13,154,,https://data.texas.gov/d/8w53-c4f6
"Meta Platforms, Inc, (Alterra Pkwy.)",META PLATFORMS (ALTERRA PKWY ),Austin,Travis,TX,2022-11-16,2023-01-13,7,,https://data.texas.gov/d/8w53-c4f6
"Meta Platforms, Inc. (Mcallen Pass)",META PLATFORMS (MCALLEN PASS),Austin,Travis,TX,2022-11-16,2023-01-13,11,,https://data.texas.gov/d/8w53-c4f6
"Meta Platforms, Inc.(W,6th)",META PLATFORMS (W 6TH),Austin,Travis,TX,2022-11-16,2023-01-13,50,,https://data.texas.gov/d/8w53-c4f6
Catalent Cell Therapy,CATALENT CELL THERAPY,Webster,Harris,TX,2022-11-15,2023-01-15,77,,https://data.texas.gov/d/8w53-c4f6
"COSMAX NBT USA, INC #1",COSMAX NBT #1,Garland,Dallas,TX,2022-11-11,2022-10-28,36,,https://data.texas.gov/d/8w53-c4f6
Hallmark Financial Services,HALLMARK FINANCIAL,Dallas,Dallas,TX,2022-11-11,2022-12-31,83,,https://data.texas.gov/d/8w53-c4f6
"Meta Platforms, Inc",META PLATFORMS,Bellevue,,WA,2022-11-11,2023-01-13,307,Permanent,https://esd.wa.gov/about-employees/WARN
"Meta Platforms, Inc",META PLATFORMS,Seattle,,WA,2022-11-11,2023-01-13,419,Permanent,https://esd.wa.gov/about-employees/WARN
"Astra Space, Inc",ASTRA SPACE,Olympia,,WA,2022-11-09,2022-11-09,1,Permanent,https://esd.wa.gov/about-employees/WARN
"Twitter, Inc",TWITTER,Seattle,,WA,2022-11-04,2023-01-04,257,Permanent,https://esd.wa.gov/about-employees/WARN
"Argo AI, LLC",ARGO AI,Cranbury,,NJ,,2022-11-01,64,,https://www.nj.gov/labor/employer-services/warn/
Newell Brands (Yankee Candle Co. Inc.),NEWELL BRANDS (YANKEE CANDLE ),Forest VA,,VA,2022-11-01,,187,Closure,https://www.vec.virginia.gov/warn-notices
iBio CDMO,IBIO CDMO,Bryan,Brazos,TX,2022-10-31,2023-01-02,50,,https://data.texas.gov/d/8w53-c4f6
"Sivantos, Inc.",SIVANTOS,Piscataway,,NJ,,2022-10-31,189,,https://www.nj.gov/labor/employer-services/warn/
AM LLC,AM,Leesburg VA,,VA,2022-10-31,,25,Layoff,https://www.vec.virginia.gov/warn-notices
Amentum,AMENTUM,Oak Harbor,,WA,2022-10-31,2022-12-31,194,Permanent,https://esd.wa.gov/about-employees/WARN
"Argo AI, LLC. (Austin Congress)",ARGO AI (AUSTIN CONGRESS),Austin,Travis,TX,2022-10-27,2022-11-01,10,,https://data.texas.gov/d/8w53-c4f6
"Argo AI, LLC. (Austin 7th Street)",ARGO AI (AUSTIN 7TH STREET),Austin,Travis,TX,2022-10-27,2022-11-01,68,,https://data.texas.gov/d/8w53-c4f6
Conestoga Wood Specialties Corp.,CONESTOGA WOOD SPECIALTIES,Kent,,WA,2022-10-25,2022-12-31,51,Permanent,https://esd.wa.gov/about-employees/WARN
"Universal Protection Service, LLC dba Allied Universal Security Services",UNIVERSAL PROTECTION SERVICE DBA ALLIED UNIVERSAL SECURITY,"Seattle, Kent",,WA,2022-10-21,2022-12-19,1203,Permanent,https://esd.wa.gov/about-employees/WARN
Starry Inc,STARRY,Arlington VA,,VA,2022-10-20,,53,Layoff,https://www.vec.virginia.gov/warn-notices
Golden Services. LLC,GOLDEN,"Fairfax, Reston VA",,VA,2022-10-18,,34,Layoff,https://www.vec.virginia.gov/warn-notices
Genesis Logistics Inc.,GENESIS LOGISTICS,Franconia VA,,VA,2022-10-18,,86,Closure,https://www.vec.virginia.gov/warn-notices
Genesis Logistics,GENESIS LOGISTICS,Richmond VA,,VA,2022-10-18,,35,Closure,https://www.vec.virginia.gov/warn-notices
Helpware Inc.,HELPWARE,Martinsville VA,,VA,2022-10-17,,127,Closure,https://www.vec.virginia.gov/warn-notices
Stadelman Fruit Company,STADELMAN FRUIT,Zillah,,WA,2022-10-17,2022-11-15,381,Permanent,https://esd.wa.gov/about-employees/WARN
"Westex Security Services, Inc.",WESTEX SECURITY,Houston,Harris,TX,2022-10-14,2022-12-21,7,,https://data.texas.gov/d/8w53-c4f6
DXP Enterprises,DXP ENTERPRISES,Houston,Harris,TX,2022-10-14,2022-12-21,4,,https://data.texas.gov/d/8w53-c4f6
HJH Houston 1,HJH HOUSTON 1,Houston,Harris,TX,2022-10-14,2022-12-21,1,,https://data.texas.gov/d/8w53-c4f6
Jacob Engineering,JACOB ENGINEERING,Houston,Harris,TX,2022-10-14,2022-12-21,3,,https://data.texas.gov/d/8w53-c4f6
"Sutton Court Homeowner's Association, Inc.",SUTTON COURT HOMEOWNER'S ASSOCIATION,Houston,Harris,TX,2022-10-14,2022-12-21,2,,https://data.texas.gov/d/8w53-c4f6
Third Coast Terminals,THIRD COAST TERMINALS,Pearland,Brazoria,TX,2022-10-14,2022-12-21,3,,https://data.texas.gov/d/8w53-c4f6
Center Point Towers,CENTER POINT TOWERS,Houston,Harris,TX,2022-10-14,2022-12-21,204,,https://data.texas.gov/d/8w53-c4f6
Center Point Platinum,CENTER POINT PLATINUM,Houston,Harris,TX,2022-10-14,2022-12-21,5,,https://data.texas.gov/d/8w53-c4f6
Center Point Harrisburg Service Center,CENTER POINT HARRISBURG SERVICE CENTER,Houston,Harris,TX,2022-10-14,2022-12-21,5,,https://data.texas.gov/d/8w53-c4f6
Center Point South Houston Center Complex,CENTER POINT SOUTH HOUSTON CENTER COMPLEX,Houston,Harris,TX,2022-10-14,2022-12-21,6,,https://data.texas.gov/d/8w53-c4f6
Centerpoint Addicks Operation Center,CENTERPOINT ADDICKS OPERATION CENTER,Houston,Harris,TX,2022-10-14,2022-12-21,10,,https://data.texas.gov/d/8w53-c4f6
Center Point Energy Control Data Center,CENTER POINT ENERGY CONTROL DATA CENTER,Houston,Harris,TX,2022-10-14,2022-12-21,10,,https://data.texas.gov/d/8w53-c4f6
"GXO Logistics of Texas, LLC (Lancaster)",GXO LOGISTICS OF TEXAS (LANCASTER),Lancaster,Dallas,TX,2022-10-13,2022-12-10,206,,https://data.texas.gov/d/8w53-c4f6
"GXO Logistics of Texas, LLC (Dallas)",GXO LOGISTICS OF TEXAS (DALLAS),Dallas,Dallas,TX,2022-10-13,2022-12-10,56,,https://data.texas.gov/d/8w53-c4f6
"Laird Superfood, Inc",LAIRD SUPERFOOD,Sisters,,OR,2022-10-12,2022-12-12,46,Large Layoff - 10 or more workers,https://data.oregon.gov/d/ijbz-jpx8
Pearson,PEARSON,Hoboken,,NJ,,2022-10-12,107,,https://www.nj.gov/labor/employer-services/warn/
Hill Defense and Federal Solutions,HILL DEFENSE AND FEDERAL,San Antonio,Bexar,TX,2022-10-11,2022-12-12,134,,https://data.texas.gov/d/8w53-c4f6
"Beauty Systems Group, LLC, DBA CosmoPro",BEAUTY SYSTEMS GROUP DBA COSMOPRO,Clackamas,,OR,2022-10-11,2022-12-16,60,Large Layoff - 10 or more workers,https://data.oregon.gov/d/ijbz-jpx8
"Rev.com, Inc",REV COM,Austin,Travis,TX,2022-10-07,2022-10-21,85,,https://data.texas.gov/d/8w53-c4f6
Valley International Cold Storage LLC,VALLEY INTERNATIONAL COLD STORAGE,Harlingen,Cameron,TX,2022-10-04,2022-09-15,64,,https://data.texas.gov/d/8w53-c4f6
VSE Corporation,VSE,Norfolk VA,,VA,2022-10-04,,180,Layoff,https://www.vec.virginia.gov/warn-notices
Quarter North Energy LLC,QUARTER NORTH ENERGY,Houston,Harris,TX,2022-10-01,2022-11-30,43,,https://data.texas.gov/d/8w53-c4f6
Celsius,CELSIUS,Hoboken,,NJ,,2022-09-30,55,,https://www.nj.gov/labor/employer-services/warn/
Hapag-Lloyd America LLC,HAPAG-LLOYD AMERICA,Piscataway,,NJ,,2022-09-30,149,,https://www.nj.gov/labor/employer-services/warn/
Montesano Health and Rehabilitation Center,MONTESANO HEALTH AND REHABILITATION CENTER,Montesano,,WA,2022-09-26,2022-09-14,49,Temporary,https://esd.wa.gov/about-employees/WARN
BayFirst Financial,BAYFIRST FINANCIAL,St. Petersburg,,OR,2022-09-23,2022-11-25,58,Large Layoff - 10 or more workers,https://data.oregon.gov/d/ijbz-jpx8
The James Skinner Company,THE JAMES SKINNER,Paris,Lamar,TX,2022-09-22,2022-09-22,179,,https://data.texas.gov/d/8w53-c4f6
"Compass, Inc",COMPASS,Seattle,,WA,2022-09-21,2022-11-19,271,Permanent,https://esd.wa.gov/about-employees/WARN
Sodexo - CHI Saint Luke's McNair,SODEXO - CHI SAINT LUKE'S MCNAIR,Houston,Harris,TX,2022-09-19,2022-12-15,15,,https://data.texas.gov/d/8w53-c4f6
Sodexo - CHI St Luke's Baylor Medical Center,SODEXO - CHI ST LUKE'S BAYLOR MEDICAL CENTER,Houston,Harris,TX,2022-09-19,2022-12-15,99,,https://data.texas.gov/d/8w53-c4f6
Coram/CVS SPECIALTY,CORAM/CVS SPECIALTY,Totowa,,NJ,,2022-09-18,58,,https://www.nj.gov/labor/employer-services/warn/
Bed Bath & Beyond Inc.,BED BATH BEYOND,Port Reading,,NJ,,2022-09-18,328,,https://www.nj.gov/labor/employer-services/warn/
Falck Northwest Corporation,FALCK NORTHWEST,"Mountlake Terrace, Fife",,WA,2022-09-16,2022-12-15,123,Permanent,https://esd.wa.gov/about-employees/WARN
Rubbermaid Commercial Products LLc,RUBBERMAID COMMERCIAL PRODUCTS,El Paso,El Paso,TX,2022-09-14,2022-11-14,64,,https://data.texas.gov/d/8w53-c4f6
Sealed Air Corporation,SEALED AIR,Carrollton,Denton,TX,2022-09-13,2022-11-18,49,,https://data.texas.gov/d/8w53-c4f6
"S&B Fabrication Services,Ltd.",S B FABRICATION,Baytown,Chambers,TX,2022-09-09,2022-09-07,53,,https://data.texas.gov/d/8w53-c4f6
"Tegra, DBA Latitudes LLC",TEGRA DBA LATITUDES,Portland,,OR,2022-09-08,2022-11-04,48,Permanent closure,https://data.oregon.gov/d/ijbz-jpx8
Amazon Health Services,AMAZON HEALTH,Seattle,,WA,2022-09-07,2022-12-01,159,Permanent,https://esd.wa.gov/about-employees/WARN
Care Medical,CARE MEDICAL,Seattle,,WA,2022-09-07,2022-12-01,236,Permanent,https://esd.wa.gov/about-employees/WARN
Home Point Financial Corporation,HOME POINT FINANCIAL,Dallas,Collin,TX,2022-08-31,2022-11-01,526,,https://data.texas.gov/d/8w53-c4f6
DENNIS Uniform,DENNIS UNIFORM,Portland,,OR,2022-08-30,2022-11-01,71,Large Layoff - 10 or more workers,https://data.oregon.gov/d/ijbz-jpx8
ASARCO Amarillo Refinery,ASARCO AMARILLO REFINERY,Amarillo,Potter,TX,2022-08-29,2022-10-28,57,,https://data.texas.gov/d/8w53-c4f6
"Merit Medical Systems, Inc.",MERIT MEDICAL SYSTEMS,Houston,Harris,TX,2022-08-25,2022-10-25,117,,https://data.texas.gov/d/8w53-c4f6
Southern Star Express LLC - Fort Worth,SOUTHERN STAR EXPRESS - FORT WORTH,Fort Worth,Denton,TX,2022-08-24,2022-08-24,39,,https://data.texas.gov/d/8w53-c4f6
"Southern Star Express, LLC (DDF8)",SOUTHERN STAR EXPRESS (DDF8),Arlington,Tarrant,TX,2022-08-24,2022-09-29,55,,https://data.texas.gov/d/8w53-c4f6
ABM Industries - 902,ABM INDUSTRIES - 902,Houston,Harris,TX,2022-08-23,2022-09-03,13,,https://data.texas.gov/d/8w53-c4f6
ABM Industries - 909,ABM INDUSTRIES - 909,Houston,Harris,TX,2022-08-23,2022-09-03,5,,https://data.texas.gov/d/8w53-c4f6
ABM Industries - 920,ABM INDUSTRIES - 920,Houston,Harris,TX,2022-08-23,2022-09-03,9,,https://data.texas.gov/d/8w53-c4f6
ABM Industries - 915 Gessner,ABM INDUSTRIES - 915 GESSNER,Houston,Harris,TX,2022-08-23,2022-09-03,13,,https://data.texas.gov/d/8w53-c4f6
ABM Industries - 1120,ABM INDUSTRIES - 1120,Houston,Harris,TX,2022-08-23,2022-09-23,9,,https://data.texas.gov/d/8w53-c4f6
ABM Industries - 1140,ABM INDUSTRIES - 1140,Houston,Harris,TX,2022-08-23,2022-09-03,8,,https://data.texas.gov/d/8w53-c4f6
"Columbia Steel Casting Co., Inc.",COLUMBIA STEEL CASTING,Portland,,OR,2022-08-22,2022-10-22,225,Permanent closure,https://data.oregon.gov/d/ijbz-jpx8
Spirit Airlines,SPIRIT AIRLINES,Dallas,Dallas,TX,2022-08-19,2022-09-30,134,,https://data.texas.gov/d/8w53-c4f6
"Royal Ridge Fruit and Cold Storage, LLC",ROYAL RIDGE FRUIT AND COLD STORAGE,Royal City,,WA,2022-08-17,2022-08-17,45,Permanent,https://esd.wa.gov/about-employees/WARN
Signify Health LLC - Austin,SIGNIFY HEALTH - AUSTIN,Austin,Travis,TX,2022-08-10,2022-10-01,9,,https://data.texas.gov/d/8w53-c4f6
Signify Health LLC - Dallas,SIGNIFY HEALTH - DALLAS,Dallas,Dallas,TX,2022-08-09,2022-10-01,29,,https://data.texas.gov/d/8w53-c4f6
Woodland Behavioral/Nursing Center,WOODLAND BEHAVIORAL/NURSING CENTER,Andover,,NJ,,2022-08-08,250,,https://www.nj.gov/labor/employer-services/warn/
First Transit,FIRST TRANSIT,Richmond VA,,VA,2022-08-05,,95,Layoff,https://www.vec.virginia.gov/warn-notices
Akorn Operating Company,AKORN OPERATING,Somerset,,NJ,,2022-07-31,240,,https://www.nj.gov/labor/employer-services/warn/
"GXO Logistics of Texas, LLC",GXO LOGISTICS OF TEXAS,Fort Worth,Tarrant,TX,2022-07-28,2022-09-30,116,,https://data.texas.gov/d/8w53-c4f6
Imaginetics LLC,IMAGINETICS,Auburn,,WA,2022-07-28,2022-07-27,83,Permanent,https://esd.wa.gov/about-employees/WARN
Plano Enterprise Mobility Facility,PLANO ENTERPRISE MOBILITY FACILITY,Plano,Collin,TX,2022-07-27,2022-11-02,69,,https://data.texas.gov/d/8w53-c4f6
F 45 Training Inc.,F 45 TRAINING,Austin,Travis,TX,2022-07-26,2022-09-25,78,,https://data.texas.gov/d/8w53-c4f6
Seville Farms @ Mansfield,SEVILLE FARMS @ MANSFIELD,Mansfield,Tarrant,TX,2022-07-25,2022-07-20,64,,https://data.texas.gov/d/8w53-c4f6
Seville Farms @ Tyler,SEVILLE FARMS @ TYLER,Winona,Smith,TX,2022-07-25,2022-07-20,72,,https://data.texas.gov/d/8w53-c4f6
Seville Farms @ Los Fresnos,SEVILLE FARMS @ LOS FRESNOS,Los Fresnos,Cameron,TX,2022-07-25,2022-07-20,92,,https://data.texas.gov/d/8w53-c4f6
"Captel Service Specialists, LLC",CAPTEL SERVICE SPECIALISTS,Arlington,Tarrant,TX,2022-07-20,2022-09-20,110,,https://data.texas.gov/d/8w53-c4f6
ION Geophysical Corporation,ION GEOPHYSICAL,Houston,Harris,TX,2022-07-19,2022-08-31,125,,https://data.texas.gov/d/8w53-c4f6
Pearl South Padre Island Hotel and Resort,PEARL SOUTH PADRE ISLAND HOTEL AND RESORT,South Padre Is.,Cameron,TX,2022-07-19,2022-09-18,115,,https://data.texas.gov/d/8w53-c4f6
Food City Supermarkets,FOOD CITY SUPERMARKETS,El Paso,El Paso,TX,2022-07-19,2022-09-03,90,,https://data.texas.gov/d/8w53-c4f6
RR Donnelley,RR DONNELLEY,Medford,,OR,2022-07-13,2022-09-11,97,Permanent closure,https://data.oregon.gov/d/ijbz-jpx8
"S&B Fabrication Services,Ltd.",S B FABRICATION,Baytown,Chambers,TX,2022-07-06,2022-09-08,83,,https://data.texas.gov/d/8w53-c4f6
Multi Color Corporation,MULTI COLOR,Dallas,Dallas,TX,2022-07-05,2022-06-28,45,,https://data.texas.gov/d/8w53-c4f6
General Information Services dba HireRight,GENERAL INFORMATION DBA HIRERIGHT,Dallas,Dallas,TX,2022-07-01,2022-09-01,36,,https://data.texas.gov/d/8w53-c4f6
"BioReference Health, LLC,",BIOREFERENCE HEALTH,Elmwood Park,,NJ,,2022-07-01,111,,https://www.nj.gov/labor/employer-services/warn/
KeHe Distributors Inc.-Flower Mound,KEHE DISTRIBUTORS -FLOWER MOUND,Flower Mound,Denton,TX,2022-06-30,2022-08-13,313,,https://data.texas.gov/d/8w53-c4f6
GEO Reentry Services,GEO REENTRY,Trenton,,NJ,,2022-06-30,124,,https://www.nj.gov/labor/employer-services/warn/
Center for Autism and Related Disorders,CENTER FOR AUTISM AND RELATED DISORDERS,Plano,,OR,2022-06-29,2022-08-29,156,Permanent closure,https://data.oregon.gov/d/ijbz-jpx8
VSPOne Olympia,VSPONE OLYMPIA,Lacey,,WA,2022-06-29,2022-07-29,55,Permanent,https://esd.wa.gov/about-employees/WARN
ABM@Avis DFW,ABM@AVIS DFW,Irving,Dallas,TX,2022-06-28,2022-08-01,143,,https://data.texas.gov/d/8w53-c4f6
First Guaranty Mortgage Corp.,FIRST GUARANTY MORTGAGE,Plano,Collin,TX,2022-06-24,2022-06-24,428,,https://data.texas.gov/d/8w53-c4f6
The Coleman Company-Newell Brand,THE COLEMAN -NEWELL BRAND,New Braunfels,Comal,TX,2022-06-23,2022-08-21,47,,https://data.texas.gov/d/8w53-c4f6
Sodexo,SODEXO,"Roanoke, VA VA",,VA,2022-06-21,,98,Closure,https://www.vec.virginia.gov/warn-notices
Zillow Group,ZILLOW GROUP,Coppell,Dallas,TX,2022-06-17,2022-01-03,32,,https://data.texas.gov/d/8w53-c4f6
Amentum (PAE Shared Services LLC),AMENTUM (PAE SHARED ),Virginia Beach VA,,VA,2022-06-15,,42,Layoff,https://www.vec.virginia.gov/warn-notices
"Shining Ocean, Inc. d/b/a Aquamar",SHINING OCEAN D/B/A AQUAMAR,Sumner,,WA,2022-06-13,2022-08-12,116,Permanent,https://esd.wa.gov/about-employees/WARN
Liberty Source PBC,LIBERTY SOURCE PBC,Hampton VA,,VA,2022-06-10,,76,Layoff,https://www.vec.virginia.gov/warn-notices
ID.me Inc.,ID ME,McLean VA,,VA,2022-06-07,,54,Layoff,https://www.vec.virginia.gov/warn-notices
"Schenker, Inc. - Kraft",SCHENKER - KRAFT,Fort Worth,Tarrant,TX,2022-06-06,2022-06-26,45,,https://data.texas.gov/d/8w53-c4f6
"Schenker, Inc. - Kraft, 1006 Railhead",SCHENKER - KRAFT 1006 RAILHEAD,Fort Worth,Tarrant,TX,2022-06-06,2022-06-26,85,,https://data.texas.gov/d/8w53-c4f6
Kershaw Fruit and Cold Storage,KERSHAW FRUIT AND COLD STORAGE,Yakima,,WA,2022-06-06,2022-06-10,125,Permanent,https://esd.wa.gov/about-employees/WARN
NEAS - Power Contractors,NEAS - POWER CONTRACTORS,Gloucester,,NJ,,2022-06-01,59,,https://www.nj.gov/labor/employer-services/warn/
"Soli Organic, Inc",SOLI ORGANIC,Duvall,,WA,2022-05-31,2022-07-31,102,Permanent,https://esd.wa.gov/about-employees/WARN
VIPdesk Connect,VIPDESK CONNECT,Alexandria VA,,VA,2022-05-27,,6,Layoff,https://www.vec.virginia.gov/warn-notices
Hawthorne Gardening Company,HAWTHORNE GARDENING,Vancouver,,WA,2022-05-25,2022-08-01,42,Permanent,https://esd.wa.gov/about-employees/WARN
Daughters of Miriam,DAUGHTERS OF MIRIAM,Clifton,,NJ,,2022-05-23,216,,https://www.nj.gov/labor/employer-services/warn/
Service Response Partners LLC,SERVICE RESPONSE PARTNERS,Auburn,,WA,2022-05-23,2022-07-17,1,Permanent,https://esd.wa.gov/about-employees/WARN
"Dr. Martens Airway USA, LLC - Anchor Pa",DR MARTENS AIRWAY - ANCHOR PA,Portland,,OR,2022-05-18,2022-10-31,31,Permanent closure,https://data.oregon.gov/d/ijbz-jpx8
"Dr. Martens Airway USA, LLC - Anchor Pa",DR MARTENS AIRWAY - ANCHOR PA,Portland,,OR,2022-05-18,2022-09-01,40,Permanent closure,https://data.oregon.gov/d/ijbz-jpx8
Dillard's - Wichita Falls,DILLARD'S - WICHITA FALLS,Wichita Falls,Wichita,TX,2022-05-12,2022-07-14,81,,https://data.texas.gov/d/8w53-c4f6
"Peloton Interactive, Inc.",PELOTON INTERACTIVE,Avenel,,NJ,,2022-05-09,64,,https://www.nj.gov/labor/employer-services/warn/
"Peloton Interactive, Inc.",PELOTON INTERACTIVE,Secaucus,,NJ,,2022-05-09,91,,https://www.nj.gov/labor/employer-services/warn/
"Belden, Inc.",BELDEN,Elizabeth,,NJ,,2022-05-09,54,,https://www.nj.gov/labor/employer-services/warn/
AM LLC,AM,Leesburg VA,,VA,2022-05-05,,175,Layoff,https://www.vec.virginia.gov/warn-notices
"Ideoclick, Inc",IDEOCLICK,Seattle,,WA,2022-05-03,2022-07-02,38,Permanent,https://esd.wa.gov/about-employees/WARN
SSB Manufacturing Company,SSB MANUFACTURING,Fredericksburg VA,,VA,2022-04-29,,128,Closure,https://www.vec.virginia.gov/warn-notices
Imagine One Technology & Management,IMAGINE ONE MANAGEMENT,Norfolk VA,,VA,2022-04-28,,187,Layoff,https://www.vec.virginia.gov/warn-notices
CACI NAVSEA03S Digital & Industrial Operations,CACI NAVSEA03S DIGITAL INDUSTRIAL OPERATIONS,Norfolk VA,,VA,2022-04-28,,80,Layoff,https://www.vec.virginia.gov/warn-notices
"Michaels Stores Procurement Company, Inc.",MICHAELS STORES PROCUREMENT,Fort Worth,Tarrant,TX,2022-04-27,2022-06-24,202,,https://data.texas.gov/d/8w53-c4f6
"Aurolife Pharma, LLC",AUROLIFE PHARMA,Dayton,,NJ,,2022-04-26,99,,https://www.nj.gov/labor/employer-services/warn/
"Gilead Sciences, Inc",GILEAD SCIENCES,Morris Plains,,NJ,,2022-04-22,114,,https://www.nj.gov/labor/employer-services/warn/
Crothall Healthcare,CROTHALL HEALTHCARE,Chesapeake VA,,VA,2022-04-14,,91,Layoff,https://www.vec.virginia.gov/warn-notices
"Funko, LLC",FUNKO,"Everett, Puyallup",,WA,2022-04-07,2022-06-09,258,Permanent,https://esd.wa.gov/about-employees/WARN
Lakeside Book Company,LAKESIDE BOOK,Harrisonburg VA,,VA,2022-04-05,,80,Closure,https://www.vec.virginia.gov/warn-notices
Walmart,WALMART,Bellevue,,WA,2022-04-04,2022-07-15,147,Permanent,https://esd.wa.gov/about-employees/WARN
DHL Supply Chain,DHL SUPPLY CHAIN,Keasbey,,NJ,,2022-04-01,69,,https://www.nj.gov/labor/employer-services/warn/
"Kings Command Foods, LLC",KINGS COMMAND FOODS,Kent,,WA,2022-04-01,2022-04-01,92,Permanent,https://esd.wa.gov/about-employees/WARN
Starplast USA,STARPLAST,Bridgewater,,NJ,,2022-03-31,23,,https://www.nj.gov/labor/employer-services/warn/
Packers Sanitation Services Inc. (PSSI),PACKERS SANITATION (PSSI),Smithfield VA,,VA,2022-03-31,,85,Layoff,https://www.vec.virginia.gov/warn-notices
"ARS-Fresno, LLC.",ARS-FRESNO,Carlsbad,,OR,2022-03-30,2022-05-31,163,Large Layoff - 10 or more workers,https://data.oregon.gov/d/ijbz-jpx8
Devereux Advanced Behavioral Health,DEVEREUX ADVANCED BEHAVIORAL HEALTH,Victoria,Victoria,TX,2022-03-28,2022-05-31,122,,https://data.texas.gov/d/8w53-c4f6
"Disposable Hygiene, LLC",DISPOSABLE HYGIENE,Clifton,,NJ,,2022-03-23,115,,https://www.nj.gov/labor/employer-services/warn/
"ABM Industries Groups, LLC - Houston 1",ABM INDUSTRIES GROUPS - HOUSTON 1,Houston,Harris,TX,2022-03-15,2022-03-31,31,,https://data.texas.gov/d/8w53-c4f6
"ABM Industries Groups, LLC - Houston 2",ABM INDUSTRIES GROUPS - HOUSTON 2,Houston,Harris,TX,2022-03-15,2022-03-31,26,,https://data.texas.gov/d/8w53-c4f6
"ABM Industries Groups, LLC - Fulbright Tower",ABM INDUSTRIES GROUPS - FULBRIGHT TOWER,Houston,Harris,TX,2022-03-15,2022-03-31,18,,https://data.texas.gov/d/8w53-c4f6
"ABM Industries Groups, LLC - Houston 4",ABM INDUSTRIES GROUPS - HOUSTON 4,Houston,Harris,TX,2022-03-15,2022-03-31,19,,https://data.texas.gov/d/8w53-c4f6
"Gateway Logistics Technologies, LLC",GATEWAY LOGISTICS,Carteret,,NJ,,2022-03-15,41,,https://www.nj.gov/labor/employer-services/warn/
NY Daily News,NY DAILY NEWS,Jersey City,,NJ,,2022-03-12,224,,https://www.nj.gov/labor/employer-services/warn/
Wesley Homes,WESLEY HOMES,"Des Moines, Auburn, Puyallup",,WA,2022-03-11,2022-05-14,119,Permanent,https://esd.wa.gov/about-employees/WARN
"Master Brand Home Products, LLC",MASTER BRAND HOME PRODUCTS,Weslaco,Hidalgo,TX,2022-03-08,2022-05-06,109,,https://data.texas.gov/d/8w53-c4f6
Sev1Tech,SEV1TECH,Fort Hood,Bell,TX,2022-03-07,2022-03-07,62,,https://data.texas.gov/d/8w53-c4f6
GALA North America Inc.,GALA NORTH AMERICA,Dublin VA,,VA,2022-03-07,,82,Layoff,https://www.vec.virginia.gov/warn-notices
CACI Technologies LLC,CACI,Norfolk VA,,VA,2022-03-07,,102,Layoff,https://www.vec.virginia.gov/warn-notices
Lakeside Book Company,LAKESIDE BOOK,Cranbury,,NJ,,2022-03-04,164,,https://www.nj.gov/labor/employer-services/warn/
Norgren GT Development LLC,NORGREN GT DEVELOPMENT,Auburn,,WA,2022-03-03,2022-07-01,181,Permanent,https://esd.wa.gov/about-employees/WARN
Management & Training Corp. - MTC Medical LLC  (Giles W. Dalby Correctional Facility),MANAGEMENT TRAINING - MTC MEDICAL (GILES W DALBY CORRECTIONAL FACILITY),Post,Garza,TX,2022-03-01,2022-05-01,206,,https://data.texas.gov/d/8w53-c4f6
Readington Farms,READINGTON FARMS,Whitehouse Station,,NJ,,2022-02-23,203,,https://www.nj.gov/labor/employer-services/warn/
Wyndham Hotels & Resorts,WYNDHAM HOTELS RESORTS,Parsippany,,NJ,,2022-02-16,46,,https://www.nj.gov/labor/employer-services/warn/
"Cognosante, LLC",COGNOSANTE,McAllen,Hidalgo,TX,2022-02-15,2022-04-18,84,,https://data.texas.gov/d/8w53-c4f6
Valiant Integrated Services,VALIANT INTEGRATED,Joint Base Lewis McChord,,WA,2022-02-14,2022-03-31,59,Permanent,https://esd.wa.gov/about-employees/WARN
Peloton,PELOTON,Portland,,OR,2022-02-08,2022-02-08,54,Permanent closure,https://data.oregon.gov/d/ijbz-jpx8
Peloton,PELOTON,Alexandria VA,,VA,2022-02-08,,81,Closure,https://www.vec.virginia.gov/warn-notices
"Congoleum Acquistion, LLC",CONGOLEUM ACQUISTION,Trenton,,NJ,,2022-02-01,29,,https://www.nj.gov/labor/employer-services/warn/
Amentum,AMENTUM,New Boston,Bowie,TX,2022-01-28,2022-03-27,178,,https://data.texas.gov/d/8w53-c4f6
Hawthorne Gardening Company,HAWTHORNE GARDENING,Vancouver,,WA,2022-01-26,2022-04-01,150,Permanent,https://esd.wa.gov/about-employees/WARN
Dynamic Foods,DYNAMIC FOODS,Lubbock,Lubbock,TX,2022-01-24,2022-01-11,80,,https://data.texas.gov/d/8w53-c4f6
Serco Inc.,SERCO,Clintwood VA,,VA,2022-01-19,,163,Closure,https://www.vec.virginia.gov/warn-notices
ABM Industry Group Inc.,ABM INDUSTRY GROUP,"Springfield, Sterling, Woodbridge VA",,VA,2022-01-19,,27,Layoff,https://www.vec.virginia.gov/warn-notices
ABM Industry Group Inc.,ABM INDUSTRY GROUP,"Alexandria, Ashburn, Burke, Fair Oaks, Falls Church, Haymarket, Manassas, McLean, Reston VA",,VA,2022-01-19,,85,Layoff,https://www.vec.virginia.gov/warn-notices
ABM Industry Group Inc.,ABM INDUSTRY GROUP,"Fredericksburg, Stafford VA",,VA,2022-01-19,,25,Layoff,https://www.vec.virginia.gov/warn-notices
Boyd Corporation,BOYD,Portland,,OR,2022-01-17,2022-04-01,40,Permanent closure,https://data.oregon.gov/d/ijbz-jpx8
Marvin and Associates PC,MARVIN AND ASSOCIATES PC,Pemberton,,NJ,,2022-01-12,3,,https://www.nj.gov/labor/employer-services/warn/
GP Downs LLC dba The Flying Lark,GP DOWNS DBA THE FLYING LARK,Grants Pass,,OR,2022-01-07,2022-02-28,226,Permanent closure,https://data.oregon.gov/d/ijbz-jpx8
GP Downs LLC dba The Flying Lark,GP DOWNS DBA THE FLYING LARK,Grants Pass,,OR,2022-01-07,2022-02-28,43,Permanent closure,https://data.oregon.gov/d/ijbz-jpx8
Nordson EFD LLC,NORDSON EFD,Robbinsville,,NJ,,2022-01-07,121,,https://www.nj.gov/labor/employer-services/warn/
The Logistics Company,THE LOGISTICS,Fort Eustis VA,,VA,2022-01-07,,47,Layoff,https://www.vec.virginia.gov/warn-notices
"Stearns Lending, LLC - Corporate Dr.",STEARNS LENDING - CORPORATE DR,Lewisville,Denton,TX,2022-01-06,2022-03-13,348,,https://data.texas.gov/d/8w53-c4f6
Outdoor Research,OUTDOOR RESEARCH,Seattle,,WA,2022-01-06,2022-03-07,55,Temporary,https://esd.wa.gov/about-employees/WARN
"Certech, Inc.",CERTECH,Wood-Ridge,,NJ,,2021-12-31,267,,https://www.nj.gov/labor/employer-services/warn/
"Teligent, Inc.",TELIGENT,Buena,,NJ,,2021-12-17,133,,https://www.nj.gov/labor/employer-services/warn/
"Monitronics International, Inc. dba Brinks Home",MONITRONICS INTERNATIONAL DBA BRINKS HOME,Dallas,Dallas,TX,2021-12-16,2021-12-17,42,,https://data.texas.gov/d/8w53-c4f6
"Monitronics International, Inc. d/b/a Brinks Home",MONITRONICS INTERNATIONAL D/B/A BRINKS HOME,"Seattle, Tacoma, Snoqualmie, Spokane",,WA,2021-12-16,2021-12-17,4,Permanent,https://esd.wa.gov/about-employees/WARN
Central Freight Lines - San Antonio,CENTRAL FREIGHT LINES - SAN ANTONIO,San Antonio,Bexar,TX,2021-12-13,2021-12-17,66,,https://data.texas.gov/d/8w53-c4f6
Central Freight Lines,CENTRAL FREIGHT LINES,Waco,McLennan,TX,2021-12-13,2021-12-13,153,,https://data.texas.gov/d/8w53-c4f6
Central Freight Lines - Houston,CENTRAL FREIGHT LINES - HOUSTON,Houston,Harris,TX,2021-12-13,2021-12-13,162,,https://data.texas.gov/d/8w53-c4f6
"Central Freight Lines, Inc.",CENTRAL FREIGHT LINES,Ft. Worth,Tarrant,TX,2021-12-13,2021-12-13,292,,https://data.texas.gov/d/8w53-c4f6
"Change Healthcare Operations, LLC",CHANGE HEALTHCARE OPERATIONS,Greenville,Hunt,TX,2021-12-06,2022-02-04,145,,https://data.texas.gov/d/8w53-c4f6
Laredo Transit Management-El Metro Transit,LAREDO TRANSIT MANAGEMENT-EL METRO TRANSIT,Laredo,Webb,TX,2021-11-30,2022-01-31,168,,https://data.texas.gov/d/8w53-c4f6
United Chelsea Kitchen,UNITED CHELSEA KITCHEN,Newark,,NJ,,2021-11-29,103,,https://www.nj.gov/labor/employer-services/warn/
Compass Group dba: Chartwells,COMPASS GROUP DBA: CHARTWELLS,Woodbridge,,NJ,,2021-11-28,103,,https://www.nj.gov/labor/employer-services/warn/
Watsonville Community Hospital,WATSONVILLE COMMUNITY HOSPITAL,Prosser,,WA,2021-11-26,2022-01-28,1,Permanent,https://esd.wa.gov/about-employees/WARN
"Marshal S. Frumin, M.D.",MARSHAL S FRUMIN M D,Sugar Land,Fort Bend,TX,2021-11-23,2021-12-31,6,,https://data.texas.gov/d/8w53-c4f6
"BitTitan, Inc",BITTITAN,Bellevue,,WA,2021-11-17,2022-01-14,70,Permanent,https://esd.wa.gov/about-employees/WARN
Cypress Creek Emergency Medical Services,CYPRESS CREEK EMERGENCY MEDICAL,Spring,Montgomery,TX,2021-11-13,2021-11-13,102,,https://data.texas.gov/d/8w53-c4f6
Zillow Group,ZILLOW GROUP,Coppell,Dallas,TX,2021-11-04,2022-01-03,32,,https://data.texas.gov/d/8w53-c4f6
YMCA - Waco,YMCA - WACO,Waco,McLennan,TX,2021-11-04,2021-12-31,127,,https://data.texas.gov/d/8w53-c4f6
Zillow Group,ZILLOW GROUP,Seattle,,WA,2021-11-04,2022-01-03,96,Permanent,https://esd.wa.gov/about-employees/WARN
IDEXX Laboratories,IDEXX LABORATORIES,Totowa,,NJ,,2021-11-01,68,,https://www.nj.gov/labor/employer-services/warn/
Embassy Suites Employer D/B/A Embassy Suites by Hilton Secaucus Meadowlands,EMBASSY SUITES EMPLOYER D/B/A EMBASSY SUITES BY HILTON SECAUCUS MEADOWLANDS,Secaucus,,NJ,,2021-10-31,49,,https://www.nj.gov/labor/employer-services/warn/
"Odle Management Group, LLC",ODLE MANAGEMENT GROUP,El Paso,El Paso,TX,2021-10-29,2021-10-25,134,,https://data.texas.gov/d/8w53-c4f6
Bed Bath & Beyond Inc.,BED BATH BEYOND,Burlington,,NJ,,2021-10-29,124,,https://www.nj.gov/labor/employer-services/warn/
Odle Management Group,ODLE MANAGEMENT GROUP,Monroe VA,,VA,2021-10-29,,130,Layoff,https://www.vec.virginia.gov/warn-notices
Essex Bank,ESSEX BANK,Henrico VA,,VA,2021-10-29,,51,Closure,https://www.vec.virginia.gov/warn-notices
Foss Maritime Company,FOSS MARITIME,Seattle,,WA,2021-10-29,2021-12-29,115,Permanent,https://esd.wa.gov/about-employees/WARN
Transdev,TRANSDEV,Lorton VA,,VA,2021-10-26,,137,Layoff,https://www.vec.virginia.gov/warn-notices
Hematology Oncology Associates PC,HEMATOLOGY ONCOLOGY ASSOCIATES PC,Medford,,OR,2021-10-22,2021-12-31,95,Permanent closure,https://data.oregon.gov/d/ijbz-jpx8
Luminant Mining Co.-Martin Lake Liberty Mine,LUMINANT MINING -MARTIN LAKE LIBERTY MINE,Tatum,Rusk,TX,2021-10-11,2021-12-26,160,,https://data.texas.gov/d/8w53-c4f6
"Cosette Pharmaceuticals, Inc.",COSETTE PHARMACEUTICALS,South Plainfield,,NJ,,2021-10-08,94,,https://www.nj.gov/labor/employer-services/warn/
AbbVie Inc,ABBVIE,North Brunswick,,NJ,,2021-10-08,16,,https://www.nj.gov/labor/employer-services/warn/
AbbVie Inc,ABBVIE,Madison,,NJ,,2021-10-08,10,,https://www.nj.gov/labor/employer-services/warn/
The Logistics Company,THE LOGISTICS,Ft Eustis VA,,VA,2021-10-08,,45,Layoff,https://www.vec.virginia.gov/warn-notices
Your Event & Party Corp,YOUR EVENT PARTY,Vineland,,NJ,,2021-10-02,3,,https://www.nj.gov/labor/employer-services/warn/
Eclipse Senior Living Support Center,ECLIPSE SENIOR LIVING SUPPORT CENTER,Lake Oswego,,OR,2021-10-01,2021-12-01,171,Permanent closure,https://data.oregon.gov/d/ijbz-jpx8
Mott's LLP,MOTT'S,Avenel,,NJ,,2021-10-01,51,,https://www.nj.gov/labor/employer-services/warn/
"United Airlines, Inc.",UNITED AIRLINES,Newark,,NJ,,2021-10-01,796,,https://www.nj.gov/labor/employer-services/warn/
InterContinental-Stephen F Austin,INTERCONTINENTAL-STEPHEN F AUSTIN,Austin,Travis,TX,2021-09-30,2020-11-30,35,,https://data.texas.gov/d/8w53-c4f6
"Pratt Retail Specialties, LLC",PRATT RETAIL SPECIALTIES,Dayton,,NJ,,2021-09-30,76,,https://www.nj.gov/labor/employer-services/warn/
NPL,NPL,Garland,Dallas,TX,2021-09-27,2021-10-16,60,,https://data.texas.gov/d/8w53-c4f6
NPL - Shiloh Rd.,NPL - SHILOH RD,Garland,Dallas,TX,2021-09-27,2021-10-16,6,,https://data.texas.gov/d/8w53-c4f6
The Children's Shelter-Family Tapestry,THE CHILDREN'S SHELTER-FAMILY TAPESTRY,San Antonio,Bexar,TX,2021-09-22,2021-11-20,41,,https://data.texas.gov/d/8w53-c4f6
4 Leaf LLC,4 LEAF,Portland,,OR,2021-09-17,2021-09-30,63,Permanent closure,https://data.oregon.gov/d/ijbz-jpx8
PSEG Power,PSEG POWER,Newark,,NJ,,2021-09-13,6,,https://www.nj.gov/labor/employer-services/warn/
Sulzer,SULZER,Portland,,OR,2021-09-10,2022-08-26,10,Permanent closure,https://data.oregon.gov/d/ijbz-jpx8
Sulzer,SULZER,Portland,,OR,2021-09-10,2022-07-01,16,Permanent closure,https://data.oregon.gov/d/ijbz-jpx8
Sulzer,SULZER,Portland,,OR,2021-09-10,2022-04-29,5,Permanent closure,https://data.oregon.gov/d/ijbz-jpx8
Sulzer,SULZER,Portland,,OR,2021-09-10,2022-04-01,6,Permanent closure,https://data.oregon.gov/d/ijbz-jpx8
Sulzer,SULZER,Portland,,OR,2021-09-10,2022-01-14,12,Permanent closure,https://data.oregon.gov/d/ijbz-jpx8
Sulzer,SULZER,Portland,,OR,2021-09-10,2021-11-12,14,Permanent closure,https://data.oregon.gov/d/ijbz-jpx8
Novartis Pharmaceuticals Corporation,NOVARTIS PHARMACEUTICALS,East Hanover,,NJ,,2021-09-10,186,,https://www.nj.gov/labor/employer-services/warn/
Lambertville Hospitality,LAMBERTVILLE HOSPITALITY,Lambertville,,NJ,,2021-09-10,39,,https://www.nj.gov/labor/employer-services/warn/
Targa Investments Inc,TARGA INVESTMENTS,Lambertville,,NJ,,2021-09-10,182,,https://www.nj.gov/labor/employer-services/warn/
Rab Lighting,RAB LIGHTING,NA,,NJ,,2021-09-10,1,,https://www.nj.gov/labor/employer-services/warn/
CEVA Logistics - Raytheon Facility,CEVA LOGISTICS - RAYTHEON FACILITY,Carrollton,Denton,TX,2021-09-09,2021-11-09,87,,https://data.texas.gov/d/8w53-c4f6
Disney Streaming Technology LLC,DISNEY STREAMING,The Woodlands,Montgomery,TX,2021-09-09,2021-11-10,63,,https://data.texas.gov/d/8w53-c4f6
The Woodlands Enterprises LLC,THE WOODLANDS ENTERPRISES,The Woodlands,Montgomery,TX,2021-09-09,2021-11-10,181,,https://data.texas.gov/d/8w53-c4f6
"Kampack, Inc.",KAMPACK,Newark,,NJ,,2021-08-31,97,,https://www.nj.gov/labor/employer-services/warn/
Amentum,AMENTUM,New Boston,Bowie,TX,2021-08-30,2021-10-29,92,,https://data.texas.gov/d/8w53-c4f6
Leidos-Killeen,LEIDOS-KILLEEN,Killeen,Bell,TX,2021-08-30,2021-09-29,60,,https://data.texas.gov/d/8w53-c4f6
"Publishers Circulation Fulfillment, Inc.",PUBLISHERS CIRCULATION FULFILLMENT,Perth Amboy,,NJ,,2021-08-28,148,,https://www.nj.gov/labor/employer-services/warn/
"Wells Enterpries, Inc.",WELLS ENTERPRIES,Lakewood,,NJ,,2021-08-27,82,,https://www.nj.gov/labor/employer-services/warn/
Green Beans Coffee,GREEN BEANS COFFEE,Newark,,NJ,,2021-08-27,8,,https://www.nj.gov/labor/employer-services/warn/
Basic Energy Services-Denver City,BASIC ENERGY -DENVER CITY,Denver City,Yoakum,TX,2021-08-17,2021-10-19,57,,https://data.texas.gov/d/8w53-c4f6
Basic Energy Services-Andrews2,BASIC ENERGY -ANDREWS2,Andrews,Andrews,TX,2021-08-17,2021-10-19,63,,https://data.texas.gov/d/8w53-c4f6
Basic Energy Services-Big Springs2,BASIC ENERGY -BIG SPRINGS2,Big Spring,Howard,TX,2021-08-17,2021-10-19,135,,https://data.texas.gov/d/8w53-c4f6
Basic Energy Services-Ft Worth-ALM Regent,BASIC ENERGY -FT WORTH-ALM REGENT,Ft. Worth,Tarrant,TX,2021-08-17,2021-10-19,120,,https://data.texas.gov/d/8w53-c4f6
Basic Energy Services-Andrews,BASIC ENERGY -ANDREWS,Andrews,Andrews,TX,2021-08-17,2021-10-19,63,,https://data.texas.gov/d/8w53-c4f6
Basic Energy Services-Kennedy,BASIC ENERGY -KENNEDY,Kenedy,Karnes,TX,2021-08-17,2021-10-19,56,,https://data.texas.gov/d/8w53-c4f6
Lifeways - Umatilla County,LIFEWAYS - UMATILLA COUNTY,Pendleton,,OR,2021-08-13,2021-10-13,100,Permanent closure,https://data.oregon.gov/d/ijbz-jpx8
Staples Contract & Commercial LLC,STAPLES CONTRACT COMMERCIAL,Secaucus,,NJ,,2021-08-13,194,,https://www.nj.gov/labor/employer-services/warn/
Garland Behvaioral Hospital,GARLAND BEHVAIORAL HOSPITAL,Garland,Dallas,TX,2021-08-09,2021-10-07,119,,https://data.texas.gov/d/8w53-c4f6
Interim Healthcare-San Antonio,INTERIM HEALTHCARE-SAN ANTONIO,San Antonio,Bexar,TX,2021-08-02,2021-10-01,366,,https://data.texas.gov/d/8w53-c4f6
Comprehensive Decommissioning Intenational (Oyster Creek),COMPREHENSIVE DECOMMISSIONING INTENATIONAL (OYSTER CREEK),Forked River,,NJ,,2021-08-01,92,,https://www.nj.gov/labor/employer-services/warn/
First Transit - Portland,FIRST TRANSIT - PORTLAND,Portland,,OR,2021-07-30,2021-09-30,170,Permanent closure,https://data.oregon.gov/d/ijbz-jpx8
First Transit - Beaverton,FIRST TRANSIT - BEAVERTON,Beaverton,,OR,2021-07-30,2021-09-30,99,Permanent closure,https://data.oregon.gov/d/ijbz-jpx8
First Transit - Multnomah,FIRST TRANSIT - MULTNOMAH,Portland,,OR,2021-07-30,2021-09-30,127,Permanent closure,https://data.oregon.gov/d/ijbz-jpx8
Pacon Manufacturing Corporation,PACON MANUFACTURING,Somerset,,NJ,,2021-07-30,150,,https://www.nj.gov/labor/employer-services/warn/
Five Star U Street Parking (IAD),FIVE STAR U STREET PARKING (IAD),Dulles VA,,VA,2021-07-30,,106,Layoff,https://www.vec.virginia.gov/warn-notices
Five Star U Street Parking (DCA),FIVE STAR U STREET PARKING (DCA),Arlington VA,,VA,2021-07-30,,109,Layoff,https://www.vec.virginia.gov/warn-notices
Crothall Healthcare-DeTar Healthcare,CROTHALL HEALTHCARE-DETAR HEALTHCARE,Victoria,Victoria,TX,2021-07-27,2021-09-30,53,,https://data.texas.gov/d/8w53-c4f6
Management & Training-Willacy County Regional Correction,MANAGEMENT TRAINING-WILLACY COUNTY REGIONAL CORRECTION,Raymondville,Willacy,TX,2021-07-27,2021-09-30,186,,https://data.texas.gov/d/8w53-c4f6
Stadelman Fruit Company,STADELMAN FRUIT,Zillah,,WA,2021-07-26,2021-08-31,120,Permanent,https://esd.wa.gov/about-employees/WARN
Aramark,ARAMARK,Nashville,,OR,2021-07-22,2021-08-31,402,Permanent closure,https://data.oregon.gov/d/ijbz-jpx8
U.S. Well Services - Pleasanton,U S WELL - PLEASANTON,Pleasanton,Atascosa,TX,2021-07-09,2021-09-07,66,,https://data.texas.gov/d/8w53-c4f6
Mondelez Global LLC,MONDELEZ GLOBAL,Fair Lawn,,NJ,,2021-07-09,593,,https://www.nj.gov/labor/employer-services/warn/
The Logistics Company,THE LOGISTICS,Fort Eustis VA,,VA,2021-07-09,,41,Layoff,https://www.vec.virginia.gov/warn-notices
The Logistics Company,THE LOGISTICS,Fort Lee VA,,VA,2021-07-09,,119,Layoff,https://www.vec.virginia.gov/warn-notices
Tranter Inc.,TRANTER,Wichita Falls,Wichita,TX,2021-07-07,2021-10-01,78,,https://data.texas.gov/d/8w53-c4f6
"Xevo, Inc",XEVO,Bellevue,,WA,2021-07-07,2021-07-07,173,Permanent,https://esd.wa.gov/about-employees/WARN
Mentor Oregon,MENTOR OREGON,Portland,,OR,2021-07-06,2021-09-30,177,Permanent closure,https://data.oregon.gov/d/ijbz-jpx8
Fusion Logistics Inc. - Farmers Branch,FUSION LOGISTICS - FARMERS BRANCH,Farmers Branch,Dallas,TX,2021-07-03,2021-07-12,57,,https://data.texas.gov/d/8w53-c4f6
Fusion Logistics Inc. - Garland,FUSION LOGISTICS - GARLAND,Garland,Dallas,TX,2021-07-03,2021-07-12,50,,https://data.texas.gov/d/8w53-c4f6
Fusion Logistics  Inc. - Coppell,FUSION LOGISTICS - COPPELL,Coppell,Dallas,TX,2021-07-03,2021-07-12,62,,https://data.texas.gov/d/8w53-c4f6
Fusion Logistics Inc. - Ft. Worth,FUSION LOGISTICS - FT WORTH,Fort Worth,Tarrant,TX,2021-07-03,2021-07-12,53,,https://data.texas.gov/d/8w53-c4f6
Fusion Logistics Inc. - Houston,FUSION LOGISTICS - HOUSTON,Houston,Harris,TX,2021-07-03,2021-07-12,81,,https://data.texas.gov/d/8w53-c4f6
Katerra,KATERRA,Seattle,,WA,2021-07-02,2021-07-08,1,Permanent,https://esd.wa.gov/about-employees/WARN
"XPO Logistics Supply Chain, LLC",XPO LOGISTICS SUPPLY CHAIN,San Antonio,Bexar,TX,2021-07-01,2021-08-02,29,,https://data.texas.gov/d/8w53-c4f6
Turner Industries,TURNER INDUSTRIES,Paris,Lamar,TX,2021-07-01,2021-08-30,250,,https://data.texas.gov/d/8w53-c4f6
"Cubic ITS, Inc.",CUBIC ITS,Sugar Land,Fort Bend,TX,2021-07-01,2022-02-01,80,,https://data.texas.gov/d/8w53-c4f6
Saddle Brook Marriott,SADDLE BROOK MARRIOTT,Saddle Brook,,NJ,,2021-06-30,67,,https://www.nj.gov/labor/employer-services/warn/
Donnelley Financial Solutions (DFIN),DONNELLEY FINANCIAL (DFIN),Secaucus,,NJ,,2021-06-30,143,,https://www.nj.gov/labor/employer-services/warn/
Capital One,CAPITAL ONE,Statewide VA,,VA,2021-06-30,,147,Layoff,https://www.vec.virginia.gov/warn-notices
Medline Industries,MEDLINE INDUSTRIES,Neptune,,NJ,,2021-06-28,146,,https://www.nj.gov/labor/employer-services/warn/
Academy,ACADEMY,Haboken,,NJ,,2021-06-25,0,,https://www.nj.gov/labor/employer-services/warn/
Accureference medical,ACCUREFERENCE MEDICAL,Linden,,NJ,,2021-06-24,0,,https://www.nj.gov/labor/employer-services/warn/
Genetworx,GENETWORX,Glen Allen VA,,VA,2021-06-18,,31,Layoff,https://www.vec.virginia.gov/warn-notices
Genetworx,GENETWORX,Glen Allen VA,,VA,2021-06-18,,24,Layoff,https://www.vec.virginia.gov/warn-notices
Genetworx,GENETWORX,Glen Allen VA,,VA,2021-06-18,,6,Layoff,https://www.vec.virginia.gov/warn-notices
TT Electronics (IRC),TT ELECTRONICS (IRC),Corpus Christi,Nueces,TX,2021-06-16,2021-08-16,73,,https://data.texas.gov/d/8w53-c4f6
General Dynamics Information Technology (GDIT),GENERAL DYNAMICS INFORMATION (GDIT),Rosslyn VA,,VA,2021-06-16,,73,Layoff,https://www.vec.virginia.gov/warn-notices
Mott's LLP (Keurig/Dr. Pepper),MOTT'S (KEURIG/DR PEPPER),Carteret,,NJ,,2021-06-09,137,,https://www.nj.gov/labor/employer-services/warn/
Electronic Transaction Consultants,ELECTRONIC TRANSACTION CONSULTANTS,Richardson,Dallas,TX,2021-06-07,2021-07-30,34,,https://data.texas.gov/d/8w53-c4f6
Smithfield Fresh Meats Corporation (Pet Foods),SMITHFIELD FRESH MEATS (PET FOODS),Smithfield VA,,VA,2021-06-07,,59,Layoff,https://www.vec.virginia.gov/warn-notices
"Progenity, Inc.-Fuller Dr.",PROGENITY -FULLER DR,Irving,Dallas,TX,2021-06-04,2021-08-06,51,,https://data.texas.gov/d/8w53-c4f6
Katerra Inc.,KATERRA,Jersey City,,NJ,,2021-06-04,169,,https://www.nj.gov/labor/employer-services/warn/
OMNIPLEX World Services,OMNIPLEX WORLD,Dulles VA,,VA,2021-06-04,,258,Layoff,https://www.vec.virginia.gov/warn-notices
"Progenity, Inc.-Riverside Dr.",PROGENITY -RIVERSIDE DR,Irving,Dallas,TX,2021-06-01,2021-08-06,9,,https://data.texas.gov/d/8w53-c4f6
"Mattison Pathology, LLP dba Avero Diagnotics",MATTISON PATHOLOGY DBA AVERO DIAGNOTICS,Irving,Dallas,TX,2021-06-01,2021-08-06,5,,https://data.texas.gov/d/8w53-c4f6
Mattison Pathollogy dba Avero Diagnotics-Fuller Dr.,MATTISON PATHOLLOGY DBA AVERO DIAGNOTICS-FULLER DR,Irving,Dallas,TX,2021-06-01,2021-08-06,7,,https://data.texas.gov/d/8w53-c4f6
Katerra Inc.,KATERRA,Carrollton,Dallas,TX,2021-06-01,2021-06-04,82,,https://data.texas.gov/d/8w53-c4f6
Texas Golden Peanut -ADM,TEXAS GOLDEN PEANUT -ADM,El Paso,El Paso,TX,2021-06-01,2021-07-31,86,,https://data.texas.gov/d/8w53-c4f6
Katerra,KATERRA,Seattle,,WA,2021-06-01,2021-06-04,117,Permanent,https://esd.wa.gov/about-employees/WARN
"Apex Xpress, Inc.",APEX XPRESS,Secaucus,,NJ,,2021-05-31,49,,https://www.nj.gov/labor/employer-services/warn/
Marriott - Key Bridge,MARRIOTT - KEY BRIDGE,Arlington VA,,VA,2021-05-27,,89,Layoff,https://www.vec.virginia.gov/warn-notices
"Electronic Transaction Consultants, LLC",ELECTRONIC TRANSACTION CONSULTANTS,Seattle,,WA,2021-05-27,2021-07-30,65,Permanent,https://esd.wa.gov/about-employees/WARN
Probe Group North America LLC,PROBE GROUP NORTH AMERICA,Lewisville,Denton,TX,2021-05-25,2021-07-31,150,,https://data.texas.gov/d/8w53-c4f6
U.S. Well Services,U S WELL,San Angelo,Tom Green,TX,2021-05-24,2021-07-20,63,,https://data.texas.gov/d/8w53-c4f6
U.S. Well Services - Pleasanton,U S WELL - PLEASANTON,Pleasanton,Atascosa,TX,2021-05-24,2021-07-23,108,,https://data.texas.gov/d/8w53-c4f6
"AIG Technologies, Inc.",AIG,Fort Worth,Tarrant,TX,2021-05-20,2021-07-23,63,,https://data.texas.gov/d/8w53-c4f6
Durham School Services,DURHAM SCHOOL,Spokane,,WA,2021-05-20,2021-07-01,22,Permanent,https://esd.wa.gov/about-employees/WARN
Collins Aerospace,COLLINS AEROSPACE,Everett,,WA,2021-05-19,2021-07-23,65,Permanent,https://esd.wa.gov/about-employees/WARN
GEODIS,GEODIS,Monroe Township,,NJ,,2021-05-18,363,,https://www.nj.gov/labor/employer-services/warn/
The Children's Shelter-Family Tapestry,THE CHILDREN'S SHELTER-FAMILY TAPESTRY,San Antonio,Bexar,TX,2021-05-14,2021-07-13,93,,https://data.texas.gov/d/8w53-c4f6
Legend Energy Service-Longview,LEGEND ENERGY SERVICE-LONGVIEW,Longview,Gregg,TX,2021-05-12,2021-05-15,118,,https://data.texas.gov/d/8w53-c4f6
Rosetta Stone,ROSETTA STONE,Harrisonburg VA,,VA,2021-05-11,,64,Layoff,https://www.vec.virginia.gov/warn-notices
Rosetta Stone,ROSETTA STONE,Arlington VA,,VA,2021-05-11,,97,Layoff,https://www.vec.virginia.gov/warn-notices
"Rosetta Stone, LLC",ROSETTA STONE,Seattle,,WA,2021-05-11,2021-07-11,16,Permanent,https://esd.wa.gov/about-employees/WARN
Aramark Educational Services - SFASU,ARAMARK EDUCATIONAL - SFASU,Nacogdoches,Nacogdoches,TX,2021-05-06,2021-06-30,215,,https://data.texas.gov/d/8w53-c4f6
Yakima Herald-Republic,YAKIMA HERALD-REPUBLIC,Yakima,,WA,2021-05-04,2021-07-08,40,Permanent,https://esd.wa.gov/about-employees/WARN
Reliant Transportation,RELIANT TRANSPORTATION,Justin,Denton,TX,2021-05-03,2021-05-29,259,,https://data.texas.gov/d/8w53-c4f6
Reliant Transportation-West Lot,RELIANT TRANSPORTATION-WEST LOT,Haslet,Tarrant,TX,2021-05-03,2021-05-29,98,,https://data.texas.gov/d/8w53-c4f6
PAE Shared Services LLC,PAE SHARED,VA,,VA,2021-04-30,,48,Layoff,https://www.vec.virginia.gov/warn-notices
EnerVest Ltd.,ENERVEST,Houston,Harris,TX,2021-04-29,2021-06-28,111,,https://data.texas.gov/d/8w53-c4f6
Global Safety Textiles (GST),GLOBAL SAFETY TEXTILES (GST),"South Hill, VA VA",,VA,2021-04-29,,130,Closure,https://www.vec.virginia.gov/warn-notices
Concentrix CVG,CONCENTRIX CVG,Laredo,Webb,TX,2021-04-28,2021-08-21,422,,https://data.texas.gov/d/8w53-c4f6
Art Asset-Dallas,ART ASSET-DALLAS,Grand Prairie,Dallas,TX,2021-04-26,2021-04-23,7,,https://data.texas.gov/d/8w53-c4f6
Art Asset-Austin 1,ART ASSET-AUSTIN 1,Austin,Travis,TX,2021-04-26,2021-04-23,5,,https://data.texas.gov/d/8w53-c4f6
Art Asset-Houston,ART ASSET-HOUSTON,Houston,Harris,TX,2021-04-26,2021-04-23,12,,https://data.texas.gov/d/8w53-c4f6
Art Asset-San Antonio North,ART ASSET-SAN ANTONIO NORTH,San Antonio,Bexar,TX,2021-04-26,2021-04-23,3,,https://data.texas.gov/d/8w53-c4f6
Art Asset-San Antonio Central,ART ASSET-SAN ANTONIO CENTRAL,San Antonio,Bexar,TX,2021-04-26,2021-04-23,2,,https://data.texas.gov/d/8w53-c4f6
Art Asset-Austin Corporate,ART ASSET-AUSTIN CORPORATE,Austin,Williamson,TX,2021-04-26,2021-04-23,9,,https://data.texas.gov/d/8w53-c4f6
Art Asset-El Paso,ART ASSET-EL PASO,El Paso,El Paso,TX,2021-04-26,2021-04-23,1,,https://data.texas.gov/d/8w53-c4f6
Art Asset-Killeen,ART ASSET-KILLEEN,Killeen,Bell,TX,2021-04-26,2021-04-23,2,,https://data.texas.gov/d/8w53-c4f6
Art Asset-Brownsville,ART ASSET-BROWNSVILLE,Weslaco,Hidalgo,TX,2021-04-26,2021-04-23,2,,https://data.texas.gov/d/8w53-c4f6
"Conduit Global-kgb USA, Inc.",CONDUIT GLOBAL-KGB,San Antonio,Bexar,TX,2021-04-26,2021-07-26,245,,https://data.texas.gov/d/8w53-c4f6
"The Hain Celestial Group, Inc",THE HAIN CELESTIAL GROUP,Moonachie,,NJ,,2021-04-24,143,,https://www.nj.gov/labor/employer-services/warn/
"Hain Celestial Group, Inc.",HAIN CELESTIAL GROUP,Moonachie,,NJ,,2021-04-24,143,,https://www.nj.gov/labor/employer-services/warn/
"Texas Capital Bank, NA - MCA",TEXAS CAPITAL BANK - MCA,Richardson,Dallas,TX,2021-04-23,2021-05-07,95,,https://data.texas.gov/d/8w53-c4f6
Thriftbooks - Portland Processing Cente,THRIFTBOOKS - PORTLAND PROCESSING CENTE,Portland,,OR,2021-04-22,2021-06-01,70,Permanent closure,https://data.oregon.gov/d/ijbz-jpx8
"Hydro Systems USA, Inc.",HYDRO SYSTEMS,Kent,,WA,2021-04-22,2021-07-31,46,Permanent,https://esd.wa.gov/about-employees/WARN
Five Star Senior Living Inc.,FIVE STAR SENIOR LIVING,San Antonio,Bexar,TX,2021-04-20,2021-04-30,63,,https://data.texas.gov/d/8w53-c4f6
Sodexo-Texoma Medical Center,SODEXO-TEXOMA MEDICAL CENTER,Denison,Grayson,TX,2021-04-19,2021-06-20,105,,https://data.texas.gov/d/8w53-c4f6
Leidos-VA Austin IT Center,LEIDOS-VA AUSTIN IT CENTER,Austin,Travis,TX,2021-04-16,2021-06-06,140,,https://data.texas.gov/d/8w53-c4f6
Perspecta Inc.,PERSPECTA,Chantilly VA,,VA,2021-04-16,,107,Layoff,https://www.vec.virginia.gov/warn-notices
Perspecta Inc.,PERSPECTA,Norfolk VA,,VA,2021-04-16,,374,Layoff,https://www.vec.virginia.gov/warn-notices
"DSU-Peterbilt & GMC, Inc.",DSU-PETERBILT GMC,Kelso,,WA,2021-04-16,2021-05-31,67,Permanent,https://esd.wa.gov/about-employees/WARN
Union Pacific Palestine Car Facility,UNION PACIFIC PALESTINE CAR FACILITY,Palestine,Anderson,TX,2021-04-15,2021-06-14,57,,https://data.texas.gov/d/8w53-c4f6
Frontier Communications Corp.-Citizens Telecom Services,FRONTIER COMMUNICATIONS -CITIZENS TELECOM,Allen,Collin,TX,2021-04-15,2021-06-30,33,,https://data.texas.gov/d/8w53-c4f6
Kindred Hospital - Mansfield,KINDRED HOSPITAL - MANSFIELD,Mansfield,Tarrant,TX,2021-04-15,2021-06-14,156,,https://data.texas.gov/d/8w53-c4f6
Kepro (Keystone Peer Review Organization Inc),KEPRO (KEYSTONE PEER REVIEW ORGANIZATION ),Henrico VA,,VA,2021-04-12,,9,Closure,https://www.vec.virginia.gov/warn-notices
GDC Technics,GDC TECHNICS,San Antonio,Bexar,TX,2021-04-09,2021-04-09,56,,https://data.texas.gov/d/8w53-c4f6
GDC Technics - Ft. Worth,GDC TECHNICS - FT WORTH,Fort Worth,Denton,TX,2021-04-09,2021-04-09,120,,https://data.texas.gov/d/8w53-c4f6
New Road Pharmacy and Surgical,NEW ROAD PHARMACY AND SURGICAL,Parsippany,,NJ,,2021-04-09,1,,https://www.nj.gov/labor/employer-services/warn/
YMCA of Greater Seattle,YMCA OF GREATER SEATTLE,Seattle,,WA,2021-04-06,2021-03-23,1213,Permanent,https://esd.wa.gov/about-employees/WARN
DSU-Peterbuilt & GMC Inc,DSU-PETERBUILT GMC,Portland,,OR,2021-04-05,2021-05-31,260,Other,https://data.oregon.gov/d/ijbz-jpx8
"United Airlines, Inc.",UNITED AIRLINES,Newark,,NJ,,2021-04-01,3899,,https://www.nj.gov/labor/employer-services/warn/
"Fresenius Health Partners, I c.",FRESENIUS HEALTH PARTNERS I C,Austin,Travis,TX,2021-03-31,2021-05-31,121,,https://data.texas.gov/d/8w53-c4f6
Furr's Fresh Buffet-McAllen,FURR'S FRESH BUFFET-MCALLEN,McAllen,Hidalgo,TX,2021-03-31,2021-06-04,71,,https://data.texas.gov/d/8w53-c4f6
General Dynamics Information Technology (GDIT),GENERAL DYNAMICS INFORMATION (GDIT),Arlington VA,,VA,2021-03-30,,180,Layoff,https://www.vec.virginia.gov/warn-notices
Scholastic Book Fairs,SCHOLASTIC BOOK FAIRS,Robbinsville,,NJ,,2021-03-29,70,,https://www.nj.gov/labor/employer-services/warn/
Ovintive USA Inc.,OVINTIVE,Karnes City,Karnes,TX,2021-03-25,2021-07-31,95,,https://data.texas.gov/d/8w53-c4f6
Southeast Frozen Foods,SOUTHEAST FROZEN FOODS,Sandston VA,,VA,2021-03-25,,68,Closure,https://www.vec.virginia.gov/warn-notices
"CSG Systems, Inc.",CSG SYSTEMS,Austin,Travis,TX,2021-03-23,2021-06-30,57,,https://data.texas.gov/d/8w53-c4f6
The  J.M. Smuckers Company,THE J M SMUCKERS,Suffolk VA,,VA,2021-03-23,,76,Closure,https://www.vec.virginia.gov/warn-notices
"Thyssenkrupp Supply Chain Services, Inc.",THYSSENKRUPP SUPPLY CHAIN,Houston,Harris,TX,2021-03-18,2021-07-31,30,,https://data.texas.gov/d/8w53-c4f6
Renaissance Dallas Addison Hotel,RENAISSANCE DALLAS ADDISON HOTEL,Addison,Dallas,TX,2021-03-18,2020-03-16,134,,https://data.texas.gov/d/8w53-c4f6
Dallas Marriott Las Colinas,DALLAS MARRIOTT LAS COLINAS,Irving,Dallas,TX,2021-03-18,2020-03-16,59,,https://data.texas.gov/d/8w53-c4f6
Renaisance Dallas Addison Hotel - Ft. Worth,RENAISANCE DALLAS ADDISON HOTEL - FT WORTH,Ft. Worth,Tarrant,TX,2021-03-18,2020-03-16,53,,https://data.texas.gov/d/8w53-c4f6
Plastics Extrusion Machinery LLC,PLASTICS EXTRUSION MACHINERY,Tumwater,,WA,2021-03-18,2021-04-30,21,Permanent,https://esd.wa.gov/about-employees/WARN
Hanesbrand Inc.,HANESBRAND,Stuart VA,,VA,2021-03-16,,146,Closure,https://www.vec.virginia.gov/warn-notices
Hilton-Austin,HILTON-AUSTIN,Austin,Travis,TX,2021-03-12,2021-02-18,64,,https://data.texas.gov/d/8w53-c4f6
Walmart #5931,WALMART #5931,Dallas,Dallas,TX,2021-03-09,2021-03-30,217,,https://data.texas.gov/d/8w53-c4f6
Saalex Solutions Inc,SAALEX,Keyport,,WA,2021-03-09,2021-04-30,50,Permanent,https://esd.wa.gov/about-employees/WARN
"Wonderful Citrus Packing, LLC",WONDERFUL CITRUS PACKING,Mission,Hidalgo,TX,2021-03-05,2021-03-04,141,,https://data.texas.gov/d/8w53-c4f6
"Relyant Global, LLC",RELYANT GLOBAL,San Juan,Hidalgo,TX,2021-03-02,2021-05-07,70,,https://data.texas.gov/d/8w53-c4f6
Keyword Studios US Inc.,KEYWORD STUDIOS,Bothell,,WA,2021-03-01,2021-05-09,42,Permanent,https://esd.wa.gov/about-employees/WARN
"Envision Physician Services, LLC",ENVISION PHYSICIAN,Parsippany,,NJ,,2021-02-27,240,,https://www.nj.gov/labor/employer-services/warn/
PERFORMANT,PERFORMANT,Grants Pass,,OR,2021-02-26,2021-04-25,60,Reduction,https://data.oregon.gov/d/ijbz-jpx8
PERFORMANT,PERFORMANT,Grants Pass,,OR,2021-02-26,2021-03-01,31,Reduction,https://data.oregon.gov/d/ijbz-jpx8
"Horizon Group USA, Inc.",HORIZON GROUP,Cranburry,,NJ,,2021-02-26,32,,https://www.nj.gov/labor/employer-services/warn/
West Texas Medical Associates,WEST TEXAS MEDICAL ASSOCIATES,San Angelo,Tom Green,TX,2021-02-25,2021-04-03,114,,https://data.texas.gov/d/8w53-c4f6
Keyword Studios US Inc.,KEYWORD STUDIOS,Bothell,,WA,2021-02-25,2021-04-30,10,Permanent,https://esd.wa.gov/about-employees/WARN
"XPO Logistics Supply Chain, Inc",XPO LOGISTICS SUPPLY CHAIN,Everett,,WA,2021-02-22,2021-04-19,104,Permanent,https://esd.wa.gov/about-employees/WARN
American Airlines-DFW,AMERICAN AIRLINES-DFW,DFW Airport,Tarrant,TX,2021-02-21,2020-04-01,2475,,https://data.texas.gov/d/8w53-c4f6
"Quality Food Centers, Inc",QUALITY FOOD CENTERS,Seattle,,WA,2021-02-18,2021-04-24,109,Permanent,https://esd.wa.gov/about-employees/WARN
Coca Cola North America,COCA COLA NORTH AMERICA,Grand Prairie,Dallas,TX,2021-02-15,2021-04-15,76,,https://data.texas.gov/d/8w53-c4f6
"Marriott Hotel Services,Inc.",MARRIOTT HOTEL,Newark,,NJ,,2021-02-12,76,,https://www.nj.gov/labor/employer-services/warn/
Keyword Studios / VMC Consulting Corporation,KEYWORD STUDIOS / VMC CONSULTING,Bothell,,WA,2021-02-12,2021-04-16,18,Permanent,https://esd.wa.gov/about-employees/WARN
"Flying Food Group, LLC",FLYING FOOD GROUP,SeaTac,,WA,2021-02-11,2021-04-01,65,Permanent,https://esd.wa.gov/about-employees/WARN
Triumph Aerospace Structures,TRIUMPH AEROSPACE STRUCTURES,Spokane,,WA,2021-02-11,2021-03-30,136,Permanent,https://esd.wa.gov/about-employees/WARN
Hilton Anatole,HILTON ANATOLE,Dallas,Dallas,TX,2021-02-10,2021-04-10,206,,https://data.texas.gov/d/8w53-c4f6
Seadrill Americas-West Neptune,SEADRILL AMERICAS-WEST NEPTUNE,Houston,Harris,TX,2021-02-08,2021-03-01,162,,https://data.texas.gov/d/8w53-c4f6
CBRE,CBRE,Dallas,Dallas,TX,2021-02-08,2021-04-30,193,,https://data.texas.gov/d/8w53-c4f6
American Airlines-DFW Hangar,AMERICAN AIRLINES-DFW HANGAR,DFW Airport,Tarrant,TX,2021-02-05,2021-04-01,50,,https://data.texas.gov/d/8w53-c4f6
American Airlines-DFW Admin Bldg,AMERICAN AIRLINES-DFW ADMIN BLDG,DFW Airport,Tarrant,TX,2021-02-05,2020-04-01,16,,https://data.texas.gov/d/8w53-c4f6
American Airlines-HDQ,AMERICAN AIRLINES-HDQ,Ft. Worth,Tarrant,TX,2021-02-05,2020-04-01,229,,https://data.texas.gov/d/8w53-c4f6
American Airlines-HDQ2,AMERICAN AIRLINES-HDQ2,Ft. Worth,Tarrant,TX,2021-02-05,2021-04-01,41,,https://data.texas.gov/d/8w53-c4f6
American Airlines - Ft Worth,AMERICAN AIRLINES - FT WORTH,Fort Worth,Tarrant,TX,2021-02-05,2021-04-02,9,,https://data.texas.gov/d/8w53-c4f6
American Airlines-Flight Training,AMERICAN AIRLINES-FLIGHT TRAINING,Ft. Worth,Tarrant,TX,2021-02-05,2021-04-01,103,,https://data.texas.gov/d/8w53-c4f6
American Airlines-Delta Hanger,AMERICAN AIRLINES-DELTA HANGER,DFW Airport,Dallas,TX,2021-02-05,2020-04-01,38,,https://data.texas.gov/d/8w53-c4f6
American Airlines-SRO,AMERICAN AIRLINES-SRO,Ft. Worth,Tarrant,TX,2021-02-05,2021-04-01,2,,https://data.texas.gov/d/8w53-c4f6
Washington Potato Company,WASHINGTON POTATO,Warden,,WA,2021-02-05,2021-02-05,62,Permanent,https://esd.wa.gov/about-employees/WARN
Panasonic Avionics,PANASONIC AVIONICS,Bothell,,WA,2021-02-04,2021-04-05,135,Permanent,https://esd.wa.gov/about-employees/WARN
American Green Building Maintenance Inc.,AMERICAN GREEN BUILDING MAINTENANCE,Norfolk VA,,VA,2021-02-03,,150,Layoff,https://www.vec.virginia.gov/warn-notices
Columbia Commercial Building Products,COLUMBIA COMMERCIAL BUILDING PRODUCTS,Rockwall,Rockwall,TX,2021-02-01,2021-04-02,59,,https://data.texas.gov/d/8w53-c4f6
Popular Bank - Hoboken,POPULAR BANK - HOBOKEN,Hoboken,,NJ,,2021-02-01,14,,https://www.nj.gov/labor/employer-services/warn/
Popular Bank - North Bergen,POPULAR BANK - NORTH BERGEN,North Bergen,,NJ,,2021-02-01,14,,https://www.nj.gov/labor/employer-services/warn/
First Transit,FIRST TRANSIT,Arlington VA,,VA,2021-02-01,,68,Layoff,https://www.vec.virginia.gov/warn-notices
Canada Dry Bottling Company - East Brunswick,CANADA DRY BOTTLING - EAST BRUNSWICK,East Brunswick,,NJ,,2021-01-31,22,,https://www.nj.gov/labor/employer-services/warn/
Canada Dry Bottling Company - Hackensack,CANADA DRY BOTTLING - HACKENSACK,Hackensack,,NJ,,2021-01-31,44,,https://www.nj.gov/labor/employer-services/warn/
Hackensack Meridian Health - Long Term Care,HACKENSACK MERIDIAN HEALTH - LONG TERM CARE,Edison,,NJ,,2021-01-31,181,,https://www.nj.gov/labor/employer-services/warn/
"Walmart Stores, Inc.",WALMART STORES,Bentonville,,NJ,,2021-01-31,494,,https://www.nj.gov/labor/employer-services/warn/
Simple,SIMPLE,Portland,,OR,2021-01-29,2021-06-11,47,Permanent closure,https://data.oregon.gov/d/ijbz-jpx8
Simple,SIMPLE,Portland,,OR,2021-01-29,2021-05-14,95,Permanent closure,https://data.oregon.gov/d/ijbz-jpx8
Simple,SIMPLE,Portland,,OR,2021-01-29,2021-05-07,1,Permanent closure,https://data.oregon.gov/d/ijbz-jpx8
Simple,SIMPLE,Portland,,OR,2021-01-29,2021-04-02,37,Permanent closure,https://data.oregon.gov/d/ijbz-jpx8
azlo,AZLO,Portland,,OR,2021-01-29,2021-04-02,122,Permanent closure,https://data.oregon.gov/d/ijbz-jpx8
Flying Food Group,FLYING FOOD GROUP,Sterling VA,,VA,2021-01-29,,74,Layoff,https://www.vec.virginia.gov/warn-notices
Aramark,ARAMARK,Chesapeake VA,,VA,2021-01-29,,17,Layoff,https://www.vec.virginia.gov/warn-notices
Aramark,ARAMARK,"Glen Allen, Chester, Henrico VA",,VA,2021-01-29,,98,Layoff,https://www.vec.virginia.gov/warn-notices
"Trinity Rail Maintenance Services, Inc.",TRINITY RAIL MAINTENANCE,Vidor,Orange,TX,2021-01-28,2021-04-30,59,,https://data.texas.gov/d/8w53-c4f6
CACI-ISS,CACI-ISS,San Antonio,Bexar,TX,2021-01-28,2021-02-28,73,,https://data.texas.gov/d/8w53-c4f6
Air Wisconsin Airline,AIR WISCONSIN AIRLINE,Dulles VA,,VA,2021-01-28,,140,Layoff,https://www.vec.virginia.gov/warn-notices
Baylor Scott & White Health-Elm St,BAYLOR SCOTT WHITE HEALTH-ELM ST,Dallas,Dallas,TX,2021-01-27,2021-03-03,46,,https://data.texas.gov/d/8w53-c4f6
Baylor Scott & White Health-Main St,BAYLOR SCOTT WHITE HEALTH-MAIN ST,Dallas,Dallas,TX,2021-01-27,2021-03-03,25,,https://data.texas.gov/d/8w53-c4f6
Baylor Scott & White Health-Round Rock,BAYLOR SCOTT WHITE HEALTH-ROUND ROCK,Round Rock,Williamson,TX,2021-01-27,2021-03-03,83,,https://data.texas.gov/d/8w53-c4f6
Baylor Scott & White Health-Austin,BAYLOR SCOTT WHITE HEALTH-AUSTIN,Austin,Travis,TX,2021-01-27,2021-03-03,62,,https://data.texas.gov/d/8w53-c4f6
Transdev Inc.,TRANSDEV,Leesburg VA,,VA,2021-01-27,,112,Layoff,https://www.vec.virginia.gov/warn-notices
Genworth,GENWORTH,Richmond VA,,VA,2021-01-26,,95,Layoff,https://www.vec.virginia.gov/warn-notices
Lucite International,LUCITE INTERNATIONAL,Nederland,Jefferson,TX,2021-01-25,2021-05-01,99,,https://data.texas.gov/d/8w53-c4f6
Kings Supermarkets - Bernardsville,KINGS SUPERMARKETS - BERNARDSVILLE,Bernardsville,,NJ,,2021-01-23,53,,https://www.nj.gov/labor/employer-services/warn/
Gibraltar US,GIBRALTAR,San Benito,Cameron,TX,2021-01-21,2021-03-22,96,,https://data.texas.gov/d/8w53-c4f6
Wells Fargo,WELLS FARGO,Glen Allen VA,,VA,2021-01-21,,320,Layoff,https://www.vec.virginia.gov/warn-notices
Essentra,ESSENTRA,Moorestown,,NJ,,2021-01-18,118,,https://www.nj.gov/labor/employer-services/warn/
Aramark,ARAMARK,Bellingham,,WA,2021-01-15,2020-03-15,183,Permanent,https://esd.wa.gov/about-employees/WARN
Johnson Controls-Ruskin Rooftop Systems,JOHNSON CONTROLS-RUSKIN ROOFTOP SYSTEMS,Carrollton,Dallas,TX,2021-01-14,2021-03-31,151,,https://data.texas.gov/d/8w53-c4f6
Alliance Data Card Services,ALLIANCE DATA CARD,San Antonio,Bexar,TX,2021-01-14,2021-04-01,50,,https://data.texas.gov/d/8w53-c4f6
ADS Alliance Data Systems,ADS ALLIANCE DATA SYSTEMS,San Antonio,Bexar,TX,2021-01-13,2021-04-01,50,,https://data.texas.gov/d/8w53-c4f6
"Kings Super Markets, Inc. - Gillette",KINGS SUPER MARKETS - GILLETTE,Gillette,,NJ,,2021-01-12,59,,https://www.nj.gov/labor/employer-services/warn/
GEO Group,GEO GROUP,Trenton,,NJ,,2021-01-12,52,,https://www.nj.gov/labor/employer-services/warn/
Kings Super Markets - Hoboken,KINGS SUPER MARKETS - HOBOKEN,Hoboken,,NJ,,2021-01-12,41,,https://www.nj.gov/labor/employer-services/warn/
Kings Super Markets - Maplewood,KINGS SUPER MARKETS - MAPLEWOOD,Maplewood,,NJ,,2021-01-12,49,,https://www.nj.gov/labor/employer-services/warn/
Kings Super Markets - Ridgewood,KINGS SUPER MARKETS - RIDGEWOOD,Ridgewood,,NJ,,2021-01-12,57,,https://www.nj.gov/labor/employer-services/warn/
Kings Super Markets - Warren,KINGS SUPER MARKETS - WARREN,Warren,,NJ,,2021-01-12,64,,https://www.nj.gov/labor/employer-services/warn/
"Kings Super Markets, Inc. - Corporate Office",KINGS SUPER MARKETS - CORPORATE OFFICE,Parsippany,,NJ,,2021-01-12,116,,https://www.nj.gov/labor/employer-services/warn/
Museum of Pop Culture,MUSEUM OF POP CULTURE,Seattle,,WA,2021-01-12,2021-01-18,7,Temporary,https://esd.wa.gov/about-employees/WARN
Joy Global Underground Mining LLC. (Komatsu Mining Corp. Group),JOY GLOBAL UNDERGROUND MINING (KOMATSU MINING GROUP),Bluefield VA,,VA,2021-01-11,,128,Closure,https://www.vec.virginia.gov/warn-notices
"Par-Pak, Inc.",PAR-PAK,Houston,Harris,TX,2021-01-08,2021-03-25,1,,https://data.texas.gov/d/8w53-c4f6
Albertsons #3064,ALBERTSONS #3064,Bellaire,Harris,TX,2021-01-08,2021-02-20,67,,https://data.texas.gov/d/8w53-c4f6
SunPower,SUNPOWER,Hillsboro,,OR,2021-01-07,2021-09-30,9,Permanent closure,https://data.oregon.gov/d/ijbz-jpx8
SunPower,SUNPOWER,Hillsboro,,OR,2021-01-07,2021-03-09,172,Permanent closure,https://data.oregon.gov/d/ijbz-jpx8
"Double Down Interactive, LLC",DOUBLE DOWN INTERACTIVE,Seattle,,WA,2021-01-07,2021-03-08,55,Permanent,https://esd.wa.gov/about-employees/WARN
"VT Industries, Inc.",VT INDUSTRIES,Universal City,Bexar,TX,2021-01-06,2021-03-12,104,,https://data.texas.gov/d/8w53-c4f6
Transform SR LLC-San Antonio,TRANSFORM SR -SAN ANTONIO,San Antonio,Bexar,TX,2021-01-06,2021-03-07,67,,https://data.texas.gov/d/8w53-c4f6
DHL - Baytown,DHL - BAYTOWN,Baytown,Harris,TX,2021-01-05,2021-03-15,97,,https://data.texas.gov/d/8w53-c4f6
Ralph Lauren Corporation,RALPH LAUREN,Nutley,,NJ,,2021-01-01,54,,https://www.nj.gov/labor/employer-services/warn/
MEGAPONE LLC,MEGAPONE,ALPHARETTA,,NJ,,2020-12-31,0,,https://www.nj.gov/labor/employer-services/warn/
Safran,SAFRAN,wall Township,,NJ,,2020-12-31,27,,https://www.nj.gov/labor/employer-services/warn/
"National Micro Rentals, Inc",NATIONAL MICRO RENTALS,Monroe Twp,,NJ,,2020-12-31,80,,https://www.nj.gov/labor/employer-services/warn/
"Schweitzer-Mauduit International, Inc.",SCHWEITZER-MAUDUIT INTERNATIONAL,Spotswood,,NJ,,2020-12-31,98,,https://www.nj.gov/labor/employer-services/warn/
Hackensack Meridian Health,HACKENSACK MERIDIAN HEALTH,Edison,,NJ,,2020-12-31,754,,https://www.nj.gov/labor/employer-services/warn/
"Paulsboro Refining Company, LLC",PAULSBORO REFINING,Paulsboro,,NJ,,2020-12-31,250,,https://www.nj.gov/labor/employer-services/warn/
USV Optical.Inc.,USV OPTICAL,Blackwood,,NJ,,2020-12-30,299,,https://www.nj.gov/labor/employer-services/warn/
Global Life Sciences Solutions USA LLC / cytiva,GLOBAL LIFE SCIENCES / CYTIVA,Issaquah,,WA,2020-12-29,2021-02-28,61,Permanent,https://esd.wa.gov/about-employees/WARN
Saalex Solutions Inc,SAALEX,Keyport,,WA,2020-12-29,2021-02-28,48,Permanent,https://esd.wa.gov/about-employees/WARN
IBEX,IBEX,New Braunfels,Comal,TX,2020-12-22,2021-02-16,248,,https://data.texas.gov/d/8w53-c4f6
BoomerangTube LLC - FM 3361,BOOMERANGTUBE - FM 3361,Liberty,Liberty,TX,2020-12-22,2020-12-23,150,,https://data.texas.gov/d/8w53-c4f6
Wellmore Coal Company LLC,WELLMORE COAL,Buchanan VA,,VA,2020-12-22,,61,Closure,https://www.vec.virginia.gov/warn-notices
ACCC Insurance Company,ACCC INSURANCE,Houston,Harris,TX,2020-12-21,2020-12-30,122,,https://data.texas.gov/d/8w53-c4f6
Durham School Services,DURHAM SCHOOL,Lakewood,,WA,2020-12-21,2021-02-25,44,Permanent,https://esd.wa.gov/about-employees/WARN
Sandvik Machining Solutions USA,SANDVIK MACHINING,Fair Lawn,,NJ,,2020-12-20,90,,https://www.nj.gov/labor/employer-services/warn/
Rolls-Royce North America,ROLLS-ROYCE NORTH AMERICA,Prince George VA,,VA,2020-12-16,,187,Closure,https://www.vec.virginia.gov/warn-notices
"Halliburton Energy Services, Inc. - Carrollton",HALLIBURTON ENERGY - CARROLLTON,Carrollton,Dallas,TX,2020-12-15,2020-12-15,216,,https://data.texas.gov/d/8w53-c4f6
"Parsley Energy, Inc. - Midland",PARSLEY ENERGY - MIDLAND,Midland,Midland,TX,2020-12-15,2021-02-15,100,,https://data.texas.gov/d/8w53-c4f6
EVO Transportation,EVO TRANSPORTATION,Austin,Travis,TX,2020-12-15,2021-01-09,104,,https://data.texas.gov/d/8w53-c4f6
NPL - Central Point - Grants Pass,NPL - CENTRAL POINT - GRANTS PASS,Grants Pass,,OR,2020-12-15,2021-02-15,67,Permanent closure,https://data.oregon.gov/d/ijbz-jpx8
Hyatt Regency DFW,HYATT REGENCY DFW,DFW Airport,Tarrant,TX,2020-12-14,2020-12-04,111,,https://data.texas.gov/d/8w53-c4f6
Manitou Equipment America,MANITOU EQUIPMENT AMERICA,Waco,McLennan,TX,2020-12-14,2021-02-26,149,,https://data.texas.gov/d/8w53-c4f6
"Laz Parking Texas, LLC",LAZ PARKING TEXAS,Dallas,Dallas,TX,2020-12-14,2020-11-23,135,,https://data.texas.gov/d/8w53-c4f6
"Patrician Window Coverings, Inc.",PATRICIAN WINDOW COVERINGS,Webster,Harris,TX,2020-12-10,2021-02-12,95,,https://data.texas.gov/d/8w53-c4f6
Progress Rail Services Corporation,PROGRESS RAIL,Tacoma,,WA,2020-12-10,2021-02-09,54,Permanent,https://esd.wa.gov/about-employees/WARN
Morrison Healthcare - University of Texas Medical Branch,MORRISON HEALTHCARE - UNIVERSITY OF TEXAS MEDICAL BRANCH,Galveston,Galveston,TX,2020-12-08,2020-12-23,149,,https://data.texas.gov/d/8w53-c4f6
Angleton Danbury Hospital,ANGLETON DANBURY HOSPITAL,Angleton,Brazoria,TX,2020-12-08,2020-12-23,12,,https://data.texas.gov/d/8w53-c4f6
League City Campus Hospital,LEAGUE CITY CAMPUS HOSPITAL,League City,Galveston,TX,2020-12-08,2020-12-23,15,,https://data.texas.gov/d/8w53-c4f6
Clear Lake Campus Hospital,CLEAR LAKE CAMPUS HOSPITAL,Webster,Harris,TX,2020-12-08,2020-12-23,27,,https://data.texas.gov/d/8w53-c4f6
LEH-S Presa St,LEH-S PRESA ST,San Antonio,Bexar,TX,2020-12-08,2021-02-03,33,,https://data.texas.gov/d/8w53-c4f6
LEH -BDA Crossing,LEH -BDA CROSSING,San Antonio,Bexar,TX,2020-12-08,2021-02-03,50,,https://data.texas.gov/d/8w53-c4f6
LEH-Elmendorf,LEH-ELMENDORF,Elmendorf,Bexar,TX,2020-12-08,2021-02-03,5,,https://data.texas.gov/d/8w53-c4f6
LEH-Falls City,LEH-FALLS CITY,Falls City,Karnes,TX,2020-12-08,2021-02-03,4,,https://data.texas.gov/d/8w53-c4f6
Allied Universal Security Services,ALLIED UNIVERSAL SECURITY,Arlington,Tarrant,TX,2020-12-08,2021-01-31,88,,https://data.texas.gov/d/8w53-c4f6
Tom Thumb #2574,TOM THUMB #2574,Ft. Worth,Tarrant,TX,2020-12-08,2021-02-27,11,,https://data.texas.gov/d/8w53-c4f6
Tom Thumb #2642,TOM THUMB #2642,Dallas,Dallas,TX,2020-12-08,2021-02-27,17,,https://data.texas.gov/d/8w53-c4f6
Tom Thumb #1788,TOM THUMB #1788,Plano,Collin,TX,2020-12-08,2021-02-27,17,,https://data.texas.gov/d/8w53-c4f6
Tom Thumb #1786,TOM THUMB #1786,Grand Prairie,Dallas,TX,2020-12-08,2021-02-27,16,,https://data.texas.gov/d/8w53-c4f6
Tom Thumb #2578,TOM THUMB #2578,Garland,Dallas,TX,2020-12-08,2021-02-27,10,,https://data.texas.gov/d/8w53-c4f6
Tom Thumb #3658,TOM THUMB #3658,Arlington,Tarrant,TX,2020-12-08,2021-02-27,16,,https://data.texas.gov/d/8w53-c4f6
Tom Thumb #1781,TOM THUMB #1781,Coppell,Dallas,TX,2020-12-08,2021-02-27,10,,https://data.texas.gov/d/8w53-c4f6
"Parsley Energy, Inc.-Congress Ave",PARSLEY ENERGY -CONGRESS AVE,Austin,Travis,TX,2020-12-07,2021-02-08,85,,https://data.texas.gov/d/8w53-c4f6
"Parsley Energy, Inc.-ABA",PARSLEY ENERGY -ABA,Austin,Travis,TX,2020-12-07,2021-02-08,2,,https://data.texas.gov/d/8w53-c4f6
"Parsley Energy, Inc.-Colorado St.",PARSLEY ENERGY -COLORADO ST,Austin,Travis,TX,2020-12-07,2021-02-08,147,,https://data.texas.gov/d/8w53-c4f6
Francesca's Holdings Corp - Clay Rd.,FRANCESCA'S HOLDINGS - CLAY RD,Houston,Harris,TX,2020-12-04,2021-01-13,223,,https://data.texas.gov/d/8w53-c4f6
"Sable Permian Resourcces Operating, LLC - Big Lake",SABLE PERMIAN RESOURCCES OPERATING - BIG LAKE,Big Lake,Reagan,TX,2020-12-04,2021-02-02,81,,https://data.texas.gov/d/8w53-c4f6
"Sable Permian Resources Operating, LLC",SABLE PERMIAN RESOURCES OPERATING,Houston,Harris,TX,2020-12-04,2021-02-02,100,,https://data.texas.gov/d/8w53-c4f6
"Soundair Repair Group, LLC",SOUNDAIR REPAIR GROUP,Snohomish,,WA,2020-12-04,2020-12-04,6,Permanent,https://esd.wa.gov/about-employees/WARN
Life Cycle Engineering Inc,LIFE CYCLE ENGINEERING,Bremerton,,WA,2020-12-04,2020-12-19,60,Temporary,https://esd.wa.gov/about-employees/WARN
Hyatt Corporation / Hyatt Regency Lake Washington,HYATT / HYATT REGENCY LAKE WASHINGTON,Renton,,WA,2020-12-04,2020-12-04,1,Permanent,https://esd.wa.gov/about-employees/WARN
Southwest - Customer Service & Support,SOUTHWEST - CUSTOMER SERVICE SUPPORT,San Antonio,Bexar,TX,2020-12-03,2021-03-15,106,,https://data.texas.gov/d/8w53-c4f6
Southwest - San Antonio Int'l Airport,SOUTHWEST - SAN ANTONIO INT'L AIRPORT,San Antonio,Bexar,TX,2020-12-03,2021-03-05,36,,https://data.texas.gov/d/8w53-c4f6
Southwest - Customer Service and Support,SOUTHWEST - CUSTOMER SERVICE AND SUPPORT,Houston,Harris,TX,2020-12-03,2021-03-15,79,,https://data.texas.gov/d/8w53-c4f6
Southwest-Dallas Love Field,SOUTHWEST-DALLAS LOVE FIELD,Dallas,Dallas,TX,2020-12-03,2021-03-15,465,,https://data.texas.gov/d/8w53-c4f6
Southwest-ABA,SOUTHWEST-ABA,Austin,Travis,TX,2020-12-03,2021-03-15,77,,https://data.texas.gov/d/8w53-c4f6
Southwest-Dallas,SOUTHWEST-DALLAS,Dallas,Dallas,TX,2020-12-03,2021-04-01,10,,https://data.texas.gov/d/8w53-c4f6
Southwest - William P. Hobby,SOUTHWEST - WILLIAM P HOBBY,Houston,Harris,TX,2020-12-03,2021-03-15,54,,https://data.texas.gov/d/8w53-c4f6
Southwest Airlines,SOUTHWEST AIRLINES,Portland,,OR,2020-12-03,2021-03-15,85,Large Layoff - 10 or more workers,https://data.oregon.gov/d/ijbz-jpx8
Southwest Airlines Co.,SOUTHWEST AIRLINES,Arlington VA,,VA,2020-12-03,,60,Layoff,https://www.vec.virginia.gov/warn-notices
Southwest Airlines Co.,SOUTHWEST AIRLINES,SeaTac,,WA,2020-12-03,2021-03-15,42,Temporary,https://esd.wa.gov/about-employees/WARN
Exxon Mobil Campus,EXXON MOBIL CAMPUS,Spring,Harris,TX,2020-12-02,2021-02-02,677,,https://data.texas.gov/d/8w53-c4f6
ExxonMobil Hughes Landing - 1735,EXXONMOBIL HUGHES LANDING - 1735,The Woodlands,Montgomery,TX,2020-12-02,2021-02-02,35,,https://data.texas.gov/d/8w53-c4f6
ExxonMobil Hughes Landing - 1725,EXXONMOBIL HUGHES LANDING - 1725,The Woodlands,Montgomery,TX,2020-12-02,2021-02-02,10,,https://data.texas.gov/d/8w53-c4f6
Lord & Taylor - Bridgewater,LORD TAYLOR - BRIDGEWATER,Bridgewater,,NJ,,2020-12-01,55,,https://www.nj.gov/labor/employer-services/warn/
Lord & Taylor - Freehold,LORD TAYLOR - FREEHOLD,Freehold,,NJ,,2020-12-01,54,,https://www.nj.gov/labor/employer-services/warn/
Lord & Taylor - Livingston,LORD TAYLOR - LIVINGSTON,Livingston,,NJ,,2020-12-01,37,,https://www.nj.gov/labor/employer-services/warn/
Lord & Taylor - Paramus,LORD TAYLOR - PARAMUS,Paramus,,NJ,,2020-12-01,75,,https://www.nj.gov/labor/employer-services/warn/
Lord & Taylor - Paramus (2),LORD TAYLOR - PARAMUS (2),Paramus,,NJ,,2020-12-01,50,,https://www.nj.gov/labor/employer-services/warn/
Lord & Taylor - Rockaway,LORD TAYLOR - ROCKAWAY,Rockaway,,NJ,,2020-12-01,37,,https://www.nj.gov/labor/employer-services/warn/
Lord & Taylor - Wayne,LORD TAYLOR - WAYNE,Wayne,,NJ,,2020-12-01,51,,https://www.nj.gov/labor/employer-services/warn/
Lord & Taylor - Westfield,LORD TAYLOR - WESTFIELD,Westfield,,NJ,,2020-12-01,89,,https://www.nj.gov/labor/employer-services/warn/
Lord & Taylor -Lawrenceville,LORD TAYLOR -LAWRENCEVILLE,Lawrenceville,,NJ,,2020-12-01,60,,https://www.nj.gov/labor/employer-services/warn/
Stork  (A FLUOR Company),STORK (A FLUOR ),Dayton,Liberty,TX,2020-11-30,2021-01-29,18,,https://data.texas.gov/d/8w53-c4f6
Fluor - Port Neches,FLUOR - PORT NECHES,Port Neches,Jefferson,TX,2020-11-30,2021-01-29,113,,https://data.texas.gov/d/8w53-c4f6
ConocoPhillips - 935 N.,CONOCOPHILLIPS - 935 N,Houston,Harris,TX,2020-11-30,2021-02-01,0,,https://data.texas.gov/d/8w53-c4f6
ConocoPhillips - Park Row,CONOCOPHILLIPS - PARK ROW,Houston,Harris,TX,2020-11-30,2021-02-01,0,,https://data.texas.gov/d/8w53-c4f6
TitleMax of Virginia Inc. and TMX Finance of Virginia Inc.,TITLEMAX OF VIRGINIA AND TMX FINANCE OF VIRGINIA,"Charlottesville, Harrisonburg, Danville, Martinsville VA",,VA,2020-11-30,,10,Closure,https://www.vec.virginia.gov/warn-notices
TitleMax of Virginia Inc. and TMX Finance of Virginia Inc.,TITLEMAX OF VIRGINIA AND TMX FINANCE OF VIRGINIA,"Galax, Marian, Bristol, Fairlawn, Roanoke VA",,VA,2020-11-30,,17,Closure,https://www.vec.virginia.gov/warn-notices
TitleMax of Virginia Inc. and TMX Finance of Virginia Inc.,TITLEMAX OF VIRGINIA AND TMX FINANCE OF VIRGINIA,"Arlington, Alexandria, Dale City, Fairfax, Falls Church, Leesburg, Springfield, Woodbridge, Manassas VA",,VA,2020-11-30,,46,Closure,https://www.vec.virginia.gov/warn-notices
TitleMax of Virginia Inc. and TMX Finance of Virginia Inc.,TITLEMAX OF VIRGINIA AND TMX FINANCE OF VIRGINIA,"Hampton, Virginia Beach, Chesapeake, Newport News, Portsmouth, Suffolk, Yorktown, Franklin, Stafford VA",,VA,2020-11-30,,55,Closure,https://www.vec.virginia.gov/warn-notices
TitleMax of Virginia Inc. and TMX Finance of Virginia Inc.,TITLEMAX OF VIRGINIA AND TMX FINANCE OF VIRGINIA,"Lynchburg, Richmond, Colonial Heights, Mechanicsville, Emporia, Chester, Petersburg, Farmville VA",,VA,2020-11-30,,38,Closure,https://www.vec.virginia.gov/warn-notices
Villasport,VILLASPORT,Beaverton,,OR,2020-11-25,2021-01-18,66,Reduction,https://data.oregon.gov/d/ijbz-jpx8
The Neiman Marcus Group LLC,THE NEIMAN MARCUS GROUP,Mountainside,,NJ,,2020-11-25,2,,https://www.nj.gov/labor/employer-services/warn/
The Neiman Marcus Group LLC - Paramus,THE NEIMAN MARCUS GROUP - PARAMUS,Paramus,,NJ,,2020-11-25,42,,https://www.nj.gov/labor/employer-services/warn/
The Neiman Marcus Group LLC - Short Hills,THE NEIMAN MARCUS GROUP - SHORT HILLS,Short Hills,,NJ,,2020-11-25,56,,https://www.nj.gov/labor/employer-services/warn/
Compass Group Eurest - Airport FWY,COMPASS GROUP EUREST - AIRPORT FWY,Fort Worth,Tarrant,TX,2020-11-24,2020-12-01,2,,https://data.texas.gov/d/8w53-c4f6
Compass Group Eurest - Hwy 360,COMPASS GROUP EUREST - HWY 360,Fort Worth,Tarrant,TX,2020-11-24,2020-12-01,12,,https://data.texas.gov/d/8w53-c4f6
Compass Group Eurest - American Blvd.,COMPASS GROUP EUREST - AMERICAN BLVD,Fort Worth,Tarrant,TX,2020-11-24,2020-12-01,2,,https://data.texas.gov/d/8w53-c4f6
Compass Group Eurest - One Transformation Way,COMPASS GROUP EUREST - ONE TRANSFORMATION WAY,Fort Worth,Tarrant,TX,2020-11-24,2020-12-01,4,,https://data.texas.gov/d/8w53-c4f6
Compass Group Eurest,COMPASS GROUP EUREST,Fort Worth,Tarrant,TX,2020-11-24,2020-12-01,32,,https://data.texas.gov/d/8w53-c4f6
"Hilite Industries-Automotive, LLC",HILITE INDUSTRIES-AUTOMOTIVE,Carrollton,Dallas,TX,2020-11-24,2021-01-19,139,,https://data.texas.gov/d/8w53-c4f6
Compass Group Eurest - 4501 Hwy 360,COMPASS GROUP EUREST - 4501 HWY 360,Fort Worth,Tarrant,TX,2020-11-24,2020-12-01,37,,https://data.texas.gov/d/8w53-c4f6
Washington Metropolitan Area Transit Authority (WMATA),WASHINGTON METROPOLITAN AREA TRANSIT AUTHORITY (WMATA),"Alexandria, Arlington, Fairfax, Falls Church & Vienna VA",,VA,2020-11-23,,1141,Layoff,https://www.vec.virginia.gov/warn-notices
Seattle Theater Group,SEATTLE THEATER GROUP,Seattle,,WA,2020-11-23,2020-12-05,93,Permanent,https://esd.wa.gov/about-employees/WARN
Tailored Shared Services,TAILORED SHARED,Houston,Harris,TX,2020-11-18,2020-08-21,61,,https://data.texas.gov/d/8w53-c4f6
Southwest-Hobby Airport,SOUTHWEST-HOBBY AIRPORT,Houston,Harris,TX,2020-11-18,2021-01-25,35,,https://data.texas.gov/d/8w53-c4f6
Southwest - Dallas Lovefield Airport,SOUTHWEST - DALLAS LOVEFIELD AIRPORT,Dallas,Dallas,TX,2020-11-18,2021-01-25,82,,https://data.texas.gov/d/8w53-c4f6
National Conference Center,NATIONAL CONFERENCE CENTER,Leesburg VA,,VA,2020-11-18,,180,Layoff,https://www.vec.virginia.gov/warn-notices
InSite Wireless,INSITE WIRELESS,Alexandria VA,,VA,2020-11-18,,32,Layoff,https://www.vec.virginia.gov/warn-notices
"Elmer's Restaurants, Inc",ELMER'S RESTAURANTS,"Vancouver, Tacoma",,WA,2020-11-18,2020-11-18,94,Temporary,https://esd.wa.gov/about-employees/WARN
Museum of Pop Culture,MUSEUM OF POP CULTURE,Seattle,,WA,2020-11-18,2020-11-18,12,Temporary,https://esd.wa.gov/about-employees/WARN
Sur La Table,SUR LA TABLE,Alexandria VA,,VA,2020-11-17,,29,Layoff,https://www.vec.virginia.gov/warn-notices
Providence,PROVIDENCE,Portland,,OR,2020-11-16,2021-01-15,177,Other,https://data.oregon.gov/d/ijbz-jpx8
Providence,PROVIDENCE,Portland,,OR,2020-11-16,2021-01-15,5,Reduction,https://data.oregon.gov/d/ijbz-jpx8
Macy's Inc,MACY'S,Portland,,OR,2020-11-16,2021-01-18,83,Permanent closure,https://data.oregon.gov/d/ijbz-jpx8
Boise Cascade - Elgin Plywood Facility,BOISE CASCADE - ELGIN PLYWOOD FACILITY,Elgin,,OR,2020-11-16,2021-01-01,229,Permanent closure,https://data.oregon.gov/d/ijbz-jpx8
Performance Food Group Customized Distribution,PERFORMANCE FOOD GROUP CUSTOMIZED DISTRIBUTION,Westampton,,NJ,,2020-11-16,59,,https://www.nj.gov/labor/employer-services/warn/
Alaris Health at Boulevard East,ALARIS HEALTH AT BOULEVARD EAST,Guttenberg,,NJ,,2020-11-15,100,,https://www.nj.gov/labor/employer-services/warn/
XPO Logistics Supply-Lancaster,XPO LOGISTICS SUPPLY-LANCASTER,Lancaster,Dallas,TX,2020-11-13,2021-01-10,53,,https://data.texas.gov/d/8w53-c4f6
Elmer's Restaurants,ELMER'S RESTAURANTS,Portland,,OR,2020-11-13,2020-11-13,280,Temporary Layoff,https://data.oregon.gov/d/ijbz-jpx8
Electronic Transaction Consultants,ELECTRONIC TRANSACTION CONSULTANTS,Richardson,Dallas,TX,2020-11-12,2021-01-04,68,,https://data.texas.gov/d/8w53-c4f6
"Briad Lodging Group Branchburg II, LLC",BRIAD LODGING GROUP BRANCHBURG II,Branchburg,,NJ,,2020-11-10,11,,https://www.nj.gov/labor/employer-services/warn/
"Briad Lodging Group TPS, LLC",BRIAD LODGING GROUP TPS,Branchburg,,NJ,,2020-11-10,11,,https://www.nj.gov/labor/employer-services/warn/
Dave & Busters,DAVE BUSTERS,Wayne,,NJ,,2020-11-08,107,,https://www.nj.gov/labor/employer-services/warn/
Sodexo-El Paso,SODEXO-EL PASO,El Paso,El Paso,TX,2020-11-06,2020-03-01,177,,https://data.texas.gov/d/8w53-c4f6
Southwest - Dallas Lovefield Airport,SOUTHWEST - DALLAS LOVEFIELD AIRPORT,Dallas,Dallas,TX,2020-11-06,2021-01-11,8,,https://data.texas.gov/d/8w53-c4f6
Southwest - William P. Hobby Airport,SOUTHWEST - WILLIAM P HOBBY AIRPORT,Houston,Harris,TX,2020-11-06,2021-01-11,8,,https://data.texas.gov/d/8w53-c4f6
Sodexo-Austin,SODEXO-AUSTIN,Austin,Travis,TX,2020-11-06,2020-03-01,80,,https://data.texas.gov/d/8w53-c4f6
Boston Scientific Corporation,BOSTON SCIENTIFIC,"Bothell, WA",,WA,2020-11-06,2020-12-06,230,Permanent,https://esd.wa.gov/about-employees/WARN
CDI HS - Muleshoe Center,CDI HS - MULESHOE CENTER,Muleshoe,Bailey,TX,2020-11-02,2020-12-31,9,,https://data.texas.gov/d/8w53-c4f6
CDI HS - Central Office Admin,CDI HS - CENTRAL OFFICE ADMIN,Laredo,Webb,TX,2020-11-02,2020-12-31,13,,https://data.texas.gov/d/8w53-c4f6
CDI HS - Alice Center,CDI HS - ALICE CENTER,Alice,Jim Wells,TX,2020-11-02,2020-12-31,13,,https://data.texas.gov/d/8w53-c4f6
CDI HS - Crystal City Satellite,CDI HS - CRYSTAL CITY SATELLITE,Crystal City,Zavala,TX,2020-11-02,2020-12-31,10,,https://data.texas.gov/d/8w53-c4f6
CDI HS - Eagle Pass II Center,CDI HS - EAGLE PASS II CENTER,Eagle Pass,Maverick,TX,2020-11-02,2020-12-31,20,,https://data.texas.gov/d/8w53-c4f6
CDI HS - Eagle Pass I/T Center,CDI HS - EAGLE PASS I/T CENTER,Eagle Pass,Maverick,TX,2020-11-02,2020-12-31,25,,https://data.texas.gov/d/8w53-c4f6
CDI HS - Falfurrias Center,CDI HS - FALFURRIAS CENTER,Falfurrias,Brooks,TX,2020-11-02,2020-12-31,14,,https://data.texas.gov/d/8w53-c4f6
CDI HS - Floydada Center,CDI HS - FLOYDADA CENTER,Floydada,Floyd,TX,2020-11-02,2020-12-31,9,,https://data.texas.gov/d/8w53-c4f6
CDI HS - Henry Bonilla Center,CDI HS - HENRY BONILLA CENTER,Laredo,Webb,TX,2020-11-02,2020-12-31,13,,https://data.texas.gov/d/8w53-c4f6
CDI HS - Laredo Norton Admin,CDI HS - LAREDO NORTON ADMIN,Laredo,Webb,TX,2020-11-02,2020-12-31,19,,https://data.texas.gov/d/8w53-c4f6
CDI HS - Mathis Center,CDI HS - MATHIS CENTER,Mathis,San Patricio,TX,2020-11-02,2020-12-31,15,,https://data.texas.gov/d/8w53-c4f6
CDI HS - Pearsall Center,CDI HS - PEARSALL CENTER,Pearsall,Frio,TX,2020-11-02,2020-12-31,10,,https://data.texas.gov/d/8w53-c4f6
CDI HS - Plainview Center,CDI HS - PLAINVIEW CENTER,Plainview,Hale,TX,2020-11-02,2020-12-31,5,,https://data.texas.gov/d/8w53-c4f6
CDI HS - Rio Grande City Center,CDI HS - RIO GRANDE CITY CENTER,Rio Grande City,Starr,TX,2020-11-02,2020-12-31,25,,https://data.texas.gov/d/8w53-c4f6
CDI HS - Roma Center,CDI HS - ROMA CENTER,Roma,Starr,TX,2020-11-02,2020-12-31,23,,https://data.texas.gov/d/8w53-c4f6
CDI HS - Uvalde Center,CDI HS - UVALDE CENTER,Uvalde,Uvalde,TX,2020-11-02,2020-12-31,12,,https://data.texas.gov/d/8w53-c4f6
CDI HS - Lubbock Center,CDI HS - LUBBOCK CENTER,Lubbock,Lubbock,TX,2020-11-02,2020-12-31,14,,https://data.texas.gov/d/8w53-c4f6
"Spirit Airlines, Inc,",SPIRIT AIRLINES,Miramar,,NJ,,2020-10-31,1,,https://www.nj.gov/labor/employer-services/warn/
"United Airlines, Inc.",UNITED AIRLINES,Newark,,NJ,,2020-10-30,141,,https://www.nj.gov/labor/employer-services/warn/
Aramark,ARAMARK,Tacoma,,WA,2020-10-30,2020-03-16,96,Temporary,https://esd.wa.gov/about-employees/WARN
Aramark,ARAMARK,Tacoma,,WA,2020-10-30,2020-03-16,3,Permanent,https://esd.wa.gov/about-employees/WARN
Aramark,ARAMARK,Tacoma,,WA,2020-10-30,2020-04-07,52,Temporary,https://esd.wa.gov/about-employees/WARN
Aramark,ARAMARK,Tacoma,,WA,2020-10-30,2020-04-07,2,Permanent,https://esd.wa.gov/about-employees/WARN
Aramark,ARAMARK,Seattle,,WA,2020-10-30,2020-03-16,407,Temporary,https://esd.wa.gov/about-employees/WARN
Aramark,ARAMARK,Seattle,,WA,2020-10-30,2020-03-16,16,Permanent,https://esd.wa.gov/about-employees/WARN
"SPIN Seattle, LLC",SPIN SEATTLE,Seattle,,WA,2020-10-30,2020-03-17,40,Temporary,https://esd.wa.gov/about-employees/WARN
Alorica-Austin,ALORICA-AUSTIN,Austin,Travis,TX,2020-10-29,2020-12-31,712,,https://data.texas.gov/d/8w53-c4f6
TransAlta,TRANSALTA,Centralia,,WA,2020-10-29,2021-01-04,64,Permanent,https://esd.wa.gov/about-employees/WARN
Cheddar's Scratch Kitchen - McAllen,CHEDDAR'S SCRATCH KITCHEN - MCALLEN,McAllen,Hidalgo,TX,2020-10-28,2020-12-30,52,,https://data.texas.gov/d/8w53-c4f6
Regal Cinema-Tomball,REGAL CINEMA-TOMBALL,Tomball,Harris,TX,2020-10-27,2020-10-08,51,,https://data.texas.gov/d/8w53-c4f6
Regal Cinema-Houston,REGAL CINEMA-HOUSTON,Houston,Harris,TX,2020-10-27,2020-10-08,49,,https://data.texas.gov/d/8w53-c4f6
VillaSport - Katy,VILLASPORT - KATY,Katy,Fort Bend,TX,2020-10-27,2020-12-21,43,,https://data.texas.gov/d/8w53-c4f6
VillaSport - Cypress,VILLASPORT - CYPRESS,Cypress,Harris,TX,2020-10-27,2020-12-21,47,,https://data.texas.gov/d/8w53-c4f6
VillaSport,VILLASPORT,The Woodlands,Montgomery,TX,2020-10-27,2020-12-21,48,,https://data.texas.gov/d/8w53-c4f6
The Airlie Hotel,THE AIRLIE HOTEL,Warrenton VA,,VA,2020-10-26,,95,Layoff,https://www.vec.virginia.gov/warn-notices
Grand Hyatt Dallas-Ft Worth,GRAND HYATT DALLAS-FT WORTH,DFW Airport,Tarrant,TX,2020-10-23,2020-03-22,75,,https://data.texas.gov/d/8w53-c4f6
SYUFY Enterprises - VillaSport,SYUFY ENTERPRISES - VILLASPORT,Beaverton,,OR,2020-10-23,2020-12-21,59,Reduction,https://data.oregon.gov/d/ijbz-jpx8
GBT US LLC.,GBT,Jersey City,,NJ,,2020-10-23,90,,https://www.nj.gov/labor/employer-services/warn/
RGI Laundry (Goodwill Rappahannock),RGI LAUNDRY (GOODWILL RAPPAHANNOCK),Fredericksburg VA,,VA,2020-10-23,,20,Layoff,https://www.vec.virginia.gov/warn-notices
"Remedy Applications, Inc.",REMEDY APPLICATIONS,Austin,Travis,TX,2020-10-22,2020-10-22,82,,https://data.texas.gov/d/8w53-c4f6
"Carlson Paving Products, Inc",CARLSON PAVING PRODUCTS,Tacoma,,WA,2020-10-22,2021-12-31,63,Permanent,https://esd.wa.gov/about-employees/WARN
Transform SR LLC - Round Rock,TRANSFORM SR - ROUND ROCK,Round Rock,Williamson,TX,2020-10-20,2020-12-12,170,,https://data.texas.gov/d/8w53-c4f6
Methodist Southlake Hospital,METHODIST SOUTHLAKE HOSPITAL,Southlake,Denton,TX,2020-10-20,2020-12-19,153,,https://data.texas.gov/d/8w53-c4f6
"Sonoco Products Yakima, WA - Plastics Operation",SONOCO PRODUCTS YAKIMA WA - PLASTICS OPERATION,Yakima,,WA,2020-10-20,2020-12-20,133,Permanent,https://esd.wa.gov/about-employees/WARN
Aramark-Whataburger Field,ARAMARK-WHATABURGER FIELD,Corpus Ch,Nueces,TX,2020-10-16,2020-10-16,86,,https://data.texas.gov/d/8w53-c4f6
Aramark-Minute Maid Park,ARAMARK-MINUTE MAID PARK,Houston,Harris,TX,2020-10-16,2020-10-16,751,,https://data.texas.gov/d/8w53-c4f6
Aramark-Cynthia Woods Mitchell Pavillion,ARAMARK-CYNTHIA WOODS MITCHELL PAVILLION,The Woodlands,Montgomery,TX,2020-10-16,2020-10-16,75,,https://data.texas.gov/d/8w53-c4f6
Hyatt Regency Hotel,HYATT REGENCY HOTEL,Dallas,Dallas,TX,2020-10-16,2020-03-18,101,,https://data.texas.gov/d/8w53-c4f6
Aramark - AT&T Center,ARAMARK - AT T CENTER,San Antonio,Bexar,TX,2020-10-16,2020-10-16,287,,https://data.texas.gov/d/8w53-c4f6
Freeport-McMoRan (DBA Phelps Dodge Industries),FREEPORT-MCMORAN (DBA PHELPS DODGE INDUSTRIES),Elizabeth,,NJ,,2020-10-16,48,,https://www.nj.gov/labor/employer-services/warn/
"Transom Highlights Holdings Corp dba Gene Juarez Salons, Spas, and Academies",TRANSOM HIGHLIGHTS HOLDINGS DBA GENE JUAREZ SALONS SPAS AND ACADEMIES,Seattle,,WA,2020-10-16,2020-10-14,71,Permanent,https://esd.wa.gov/about-employees/WARN
"Transom Highlights Holdings Corp dba Gene Juarez Salons, Spas, and Academies",TRANSOM HIGHLIGHTS HOLDINGS DBA GENE JUAREZ SALONS SPAS AND ACADEMIES,Puget Sound Area,,WA,2020-10-16,2020-03-17,166,Temporary,https://esd.wa.gov/about-employees/WARN
Transocean Offshore Deepwater Drilling-Deepwater Asgard,TRANSOCEAN OFFSHORE DEEPWATER DRILLING-DEEPWATER ASGARD,Houston,Harris,TX,2020-10-15,2020-12-01,100,,https://data.texas.gov/d/8w53-c4f6
HMSHost - Elwood,HMSHOST - ELWOOD,Elwood,,NJ,,2020-10-15,2,,https://www.nj.gov/labor/employer-services/warn/
HMSHost - Galloway,HMSHOST - GALLOWAY,Galloway,,NJ,,2020-10-15,36,,https://www.nj.gov/labor/employer-services/warn/
HMSHost - Milltown,HMSHOST - MILLTOWN,Milltown,,NJ,,2020-10-15,4,,https://www.nj.gov/labor/employer-services/warn/
HMSHost - Mt. Laurel,HMSHOST - MT LAUREL,Mt. Laurel,,NJ,,2020-10-15,10,,https://www.nj.gov/labor/employer-services/warn/
HMSHost - Pennsgrove,HMSHOST - PENNSGROVE,Pennsgrove,,NJ,,2020-10-15,4,,https://www.nj.gov/labor/employer-services/warn/
HMSHost - Penssgrove,HMSHOST - PENSSGROVE,Pennsgrove,,NJ,,2020-10-15,7,,https://www.nj.gov/labor/employer-services/warn/
HMSHost - Pomona,HMSHOST - POMONA,Pomona,,NJ,,2020-10-15,36,,https://www.nj.gov/labor/employer-services/warn/
HMSHost - Secaucus,HMSHOST - SECAUCUS,Secaucus,,NJ,,2020-10-15,2,,https://www.nj.gov/labor/employer-services/warn/
HMSHost - South Amboy,HMSHOST - SOUTH AMBOY,South Amboy,,NJ,,2020-10-15,53,,https://www.nj.gov/labor/employer-services/warn/
HMSHost - Trenton,HMSHOST - TRENTON,Trenton,,NJ,,2020-10-15,4,,https://www.nj.gov/labor/employer-services/warn/
HMSHost - Trenton,HMSHOST - TRENTON,Trenton,,NJ,,2020-10-15,0,,https://www.nj.gov/labor/employer-services/warn/
HMSHost - Wall Township,HMSHOST - WALL TOWNSHIP,Wall Township,,NJ,,2020-10-15,8,,https://www.nj.gov/labor/employer-services/warn/
HMSHost - Woodbridge,HMSHOST - WOODBRIDGE,Woodbridge,,NJ,,2020-10-15,15,,https://www.nj.gov/labor/employer-services/warn/
HMSHost - Woodbridge,HMSHOST - WOODBRIDGE,Woodbridge,,NJ,,2020-10-15,24,,https://www.nj.gov/labor/employer-services/warn/
HMSHost -Cranbury,HMSHOST -CRANBURY,Cranbury,,NJ,,2020-10-15,55,,https://www.nj.gov/labor/employer-services/warn/
HMSHost -Ridgefield,HMSHOST -RIDGEFIELD,Ridgefield,,NJ,,2020-10-15,3,,https://www.nj.gov/labor/employer-services/warn/
HMSHost -Starbucks Terminal C,HMSHOST -STARBUCKS TERMINAL C,Newark,,NJ,,2020-10-15,223,,https://www.nj.gov/labor/employer-services/warn/
HMSHost Corporation - Elizabeth,HMSHOST - ELIZABETH,Elizabeth,,NJ,,2020-10-15,169,,https://www.nj.gov/labor/employer-services/warn/
HMSHost Corporation -Starbucks,HMSHOST -STARBUCKS,Newark,,NJ,,2020-10-15,223,,https://www.nj.gov/labor/employer-services/warn/
HMSHost- Cherry Hill,HMSHOST- CHERRY HILL,Cherry Hill,,NJ,,2020-10-15,14,,https://www.nj.gov/labor/employer-services/warn/
HMSHost- Montvale,HMSHOST- MONTVALE,Montvale,,NJ,,2020-10-15,33,,https://www.nj.gov/labor/employer-services/warn/
VCU Health System,VCU HEALTH SYSTEM,Richmond VA,,VA,2020-10-15,,635,Layoff,https://www.vec.virginia.gov/warn-notices
Wyndham - Riverside Suites Sales,WYNDHAM - RIVERSIDE SUITES SALES,San Antonio,Bexar,TX,2020-10-13,2020-09-18,3,,https://data.texas.gov/d/8w53-c4f6
Turner Industries,TURNER INDUSTRIES,Paris,Lamar,TX,2020-10-13,2020-12-11,190,,https://data.texas.gov/d/8w53-c4f6
Kinyo Virginia Beach INC,KINYO VIRGINIA BEACH,Virginia Beach VA,,VA,2020-10-12,,59,Layoff,https://www.vec.virginia.gov/warn-notices
Southrest Inc. dba The Woodmark,SOUTHREST DBA THE WOODMARK,Kirkland,,WA,2020-10-07,2020-10-05,86,Permanent,https://esd.wa.gov/about-employees/WARN
SMI Hotel Group,SMI HOTEL GROUP,Richmond VA,,VA,2020-10-06,,77,Layoff,https://www.vec.virginia.gov/warn-notices
"Securitas Critical Infrastructure Services, Inc.",SECURITAS CRITICAL INFRASTRUCTURE,Glen Rose,Somervell,TX,2020-10-05,2020-12-07,142,,https://data.texas.gov/d/8w53-c4f6
Prime EFS LLC,PRIME EFS,Bellmawr,,NJ,,2020-10-03,115,,https://www.nj.gov/labor/employer-services/warn/
Prime EFS LLC,PRIME EFS,Elizabeth,,NJ,,2020-10-03,96,,https://www.nj.gov/labor/employer-services/warn/
Prime EFS LLC,PRIME EFS,Monachie,,NJ,,2020-10-03,63,,https://www.nj.gov/labor/employer-services/warn/
Spirit Airlines Inc.,SPIRIT AIRLINES,Egg Harbor Township,,NJ,,2020-10-01,59,,https://www.nj.gov/labor/employer-services/warn/
"United Airlines, Inc.",UNITED AIRLINES,Newark,,NJ,,2020-10-01,7264,,https://www.nj.gov/labor/employer-services/warn/
"Frontier Airlines, Inc.",FRONTIER AIRLINES,Denver,,NJ,,2020-10-01,138,,https://www.nj.gov/labor/employer-services/warn/
Airport Management Services and Hudson Group,AIRPORT MANAGEMENT AND HUDSON GROUP,East Rutherford,,NJ,,2020-10-01,114,,https://www.nj.gov/labor/employer-services/warn/
JAFFA FOOD SERVICE INC ( MANHATTAN BAGEL),JAFFA FOOD SERVICE ( MANHATTAN BAGEL),Sayreville,,NJ,,2020-10-01,1,,https://www.nj.gov/labor/employer-services/warn/
united airlines,UNITED AIRLINES,Chicago,,NJ,,2020-10-01,16000,,https://www.nj.gov/labor/employer-services/warn/
LE TOTE Inc,LE TOTE,"Fairfax, VA",,VA,2020-10-01,,49,Closure,https://www.vec.virginia.gov/warn-notices
DoubleTree - Hilton Portland,DOUBLETREE - HILTON PORTLAND,Portland,,OR,2020-09-30,2020-09-30,59,Reduction,https://data.oregon.gov/d/ijbz-jpx8
"Golden Touch Transportation of NY, Inc.",GOLDEN TOUCH TRANSPORTATION OF NY,Newark,,NJ,,2020-09-30,150,,https://www.nj.gov/labor/employer-services/warn/
European Gourmet Foods Inc.,EUROPEAN GOURMET FOODS,Woodland Park,,NJ,,2020-09-30,29,,https://www.nj.gov/labor/employer-services/warn/
WHM revere LLC (Wyndham Hotel),WHM REVERE (WYNDHAM HOTEL),Florham Park,,NJ,,2020-09-30,154,,https://www.nj.gov/labor/employer-services/warn/
Aramark at Drew University,ARAMARK AT DREW UNIVERSITY,Madison,,NJ,,2020-09-30,48,,https://www.nj.gov/labor/employer-services/warn/
Flight Centre Travel Groupi USA,FLIGHT CENTRE TRAVEL GROUPI,Montvale,,NJ,,2020-09-30,166,,https://www.nj.gov/labor/employer-services/warn/
Busch Gardens Williamsburg,BUSCH GARDENS WILLIAMSBURG,Williamsburg VA,,VA,2020-09-30,,1810,Layoff,https://www.vec.virginia.gov/warn-notices
The Expo Group Inc.,THE EXPO GROUP,Irving,Dallas,TX,2020-09-29,2020-03-11,114,,https://data.texas.gov/d/8w53-c4f6
SP+,SP+,Portland,,OR,2020-09-25,2020-03-24,89,Reduction,https://data.oregon.gov/d/ijbz-jpx8
"Compass Group USA, Inc.",COMPASS GROUP,Seattle,,WA,2020-09-25,2020-11-22,105,Permanent,https://esd.wa.gov/about-employees/WARN
Hyatt Corporation Motif Seattle,HYATT MOTIF SEATTLE,Seattle,,WA,2020-09-24,2020-09-25,60,Permanent,https://esd.wa.gov/about-employees/WARN
Neiman Marcus,NEIMAN MARCUS,Paramus,,NJ,,2020-09-23,42,,https://www.nj.gov/labor/employer-services/warn/
Meritex LLC dba Park Hotels and Resorts,MERITEX DBA PARK HOTELS AND RESORTS,Piscataway,,NJ,,2020-09-21,99,,https://www.nj.gov/labor/employer-services/warn/
Boeing,BOEING,Puget Sound Area,,WA,2020-09-21,2020-11-20,530,Permanent,https://esd.wa.gov/about-employees/WARN
Hyatt Corporation / Hyatt Regency Bellevue,HYATT / HYATT REGENCY BELLEVUE,Bellevue,,WA,2020-09-21,2020-09-18,148,Permanent,https://esd.wa.gov/about-employees/WARN
Freeman Company-Davis St.,FREEMAN -DAVIS ST,Dallas,Dallas,TX,2020-09-18,2020-09-23,33,,https://data.texas.gov/d/8w53-c4f6
Freeman Audio Visual -San Antonio,FREEMAN AUDIO VISUAL -SAN ANTONIO,San Antonio,Bexar,TX,2020-09-18,2020-06-30,1,,https://data.texas.gov/d/8w53-c4f6
Freeman Company -San Antonio,FREEMAN -SAN ANTONIO,San Antonio,Bexar,TX,2020-09-18,2020-06-30,15,,https://data.texas.gov/d/8w53-c4f6
"Freeman Corporate, LLC",FREEMAN CORPORATE,Dallas,Dallas,TX,2020-09-18,2020-09-23,28,,https://data.texas.gov/d/8w53-c4f6
Freeman Digi Ventures,FREEMAN DIGI VENTURES,Dallas,Dallas,TX,2020-09-18,2020-09-23,3,,https://data.texas.gov/d/8w53-c4f6
Freeman Digi Ventures-Davis St.,FREEMAN DIGI VENTURES-DAVIS ST,Dallas,Dallas,TX,2020-09-18,2020-09-23,2,,https://data.texas.gov/d/8w53-c4f6
"Freeman Expositions, LLC",FREEMAN EXPOSITIONS,Dallas,Dallas,TX,2020-09-18,2020-09-23,21,,https://data.texas.gov/d/8w53-c4f6
Freeman Expositions-Davis St.,FREEMAN EXPOSITIONS-DAVIS ST,Dallas,Dallas,TX,2020-09-18,2020-09-23,20,,https://data.texas.gov/d/8w53-c4f6
Freeman Audio Visual,FREEMAN AUDIO VISUAL,Dallas,Dallas,TX,2020-09-18,2020-09-23,57,,https://data.texas.gov/d/8w53-c4f6
Freeman Company,FREEMAN,Dallas,Dallas,TX,2020-09-18,2020-09-23,83,,https://data.texas.gov/d/8w53-c4f6
Freeman Expositions,FREEMAN EXPOSITIONS,San Antonio,Bexar,TX,2020-09-18,2020-06-30,34,,https://data.texas.gov/d/8w53-c4f6
PF Chang's,PF CHANG'S,Hillsboro,,OR,2020-09-18,2020-09-18,75,Other,https://data.oregon.gov/d/ijbz-jpx8
PF Chang's - Eugene,PF CHANG'S - EUGENE,Eugene,,OR,2020-09-18,2020-09-18,75,Other,https://data.oregon.gov/d/ijbz-jpx8
Compass/Flik (dba UVA Inn at Darden),COMPASS/FLIK (DBA UVA INN AT DARDEN),Charlottesville VA,,VA,2020-09-18,,56,Layoff,https://www.vec.virginia.gov/warn-notices
Omni Richmond Hotel,OMNI RICHMOND HOTEL,Richmond VA,,VA,2020-09-18,,103,Layoff,https://www.vec.virginia.gov/warn-notices
P.F. Chang's China Bistro,P F CHANG'S CHINA BISTRO,Bellevue,,WA,2020-09-18,2020-03-19,75,Temporary,https://esd.wa.gov/about-employees/WARN
Sodexo,SODEXO,Redmond,,WA,2020-09-18,2020-03-12,122,Temporary,https://esd.wa.gov/about-employees/WARN
Sur La Table Store 17,SUR LA TABLE STORE 17,Houston,Harris,TX,2020-09-17,2020-09-01,10,,https://data.texas.gov/d/8w53-c4f6
P.F. Chang's -McAllen,P F CHANG'S -MCALLEN,McAllen,Hidalgo,TX,2020-09-17,2020-03-01,75,,https://data.texas.gov/d/8w53-c4f6
P.F. Chang's -Waco,P F CHANG'S -WACO,Waco,McLennan,TX,2020-09-17,2020-03-01,75,,https://data.texas.gov/d/8w53-c4f6
"P.F. Chang's -Colony,TX",P F CHANG'S -COLONY TX,The Colony,Denton,TX,2020-09-17,2020-03-01,75,,https://data.texas.gov/d/8w53-c4f6
"P.F. Chang's -Allen,TX",P F CHANG'S -ALLEN TX,Allen,Collin,TX,2020-09-17,2020-03-01,75,,https://data.texas.gov/d/8w53-c4f6
P.F. Chang's -Basse Rd,P F CHANG'S -BASSE RD,San Antonio,Bexar,TX,2020-09-17,2020-03-01,75,,https://data.texas.gov/d/8w53-c4f6
Sodexo - Gresham-Barlow SD,SODEXO - GRESHAM-BARLOW SD,Gresham,,OR,2020-09-17,2020-03-13,85,Temporary Layoff,https://data.oregon.gov/d/ijbz-jpx8
Sodexo - Salem-Keizer SD,SODEXO - SALEM-KEIZER SD,Salem,,OR,2020-09-17,2020-03-13,358,Temporary Layoff,https://data.oregon.gov/d/ijbz-jpx8
Sodexo - Medford SD,SODEXO - MEDFORD SD,Medford,,OR,2020-09-17,2020-03-13,111,Temporary Layoff,https://data.oregon.gov/d/ijbz-jpx8
OMNI Charlottesville Hotel,OMNI CHARLOTTESVILLE HOTEL,Charlottesville VA,,VA,2020-09-17,,101,Layoff,https://www.vec.virginia.gov/warn-notices
P.F. Chang's China Bistro,P F CHANG'S CHINA BISTRO,"McLean, Woodbridge, Arlington, Fairfax VA",,VA,2020-09-17,,306,Closure,https://www.vec.virginia.gov/warn-notices
Amentum,AMENTUM,Virginia Beach VA,,VA,2020-09-17,,91,Layoff,https://www.vec.virginia.gov/warn-notices
P.F. Chang's China Bistro,P F CHANG'S CHINA BISTRO,Richmond VA,,VA,2020-09-17,,75,Layoff,https://www.vec.virginia.gov/warn-notices
National Railroad Passenger Corporation (Amtrak),NATIONAL RAILROAD PASSENGER (AMTRAK),Seattle,,WA,2020-09-16,2020-09-30,2,Permanent,https://esd.wa.gov/about-employees/WARN
National Railroad Passenger Corporation (Amtrak),NATIONAL RAILROAD PASSENGER (AMTRAK),Seattle,,WA,2020-09-16,2020-10-01,141,Temporary,https://esd.wa.gov/about-employees/WARN
"Lags Spine and Sportscare Medical Centers, Inc. d/b/a Lags Medical Centers",LAGS SPINE AND SPORTSCARE MEDICAL CENTERS D/B/A LAGS MEDICAL CENTERS,Vancouver,,WA,2020-09-15,2020-11-02,5,Permanent,https://esd.wa.gov/about-employees/WARN
Hilton Woodcliff Lake,HILTON WOODCLIFF LAKE,Woodcliff Lake,,NJ,,2020-09-14,95,,https://www.nj.gov/labor/employer-services/warn/
AHG Montclair Beverage LLC,AHG MONTCLAIR BEVERAGE,Montclair,,NJ,,2020-09-14,64,,https://www.nj.gov/labor/employer-services/warn/
"IPIC Theaters, LLC.",IPIC THEATERS,For Lee,,NJ,,2020-09-12,124,,https://www.nj.gov/labor/employer-services/warn/
Century 21 - American Dream,CENTURY 21 - AMERICAN DREAM,East Rutherford,,NJ,,2020-09-11,70,,https://www.nj.gov/labor/employer-services/warn/
Century 21 - Distribution & Corporate Offices,CENTURY 21 - DISTRIBUTION CORPORATE OFFICES,Secaucus,,NJ,,2020-09-11,757,,https://www.nj.gov/labor/employer-services/warn/
"Century 21 Department Stores, LLC",CENTURY 21 DEPARTMENT STORES,Secaucus,,NJ,,2020-09-11,757,,https://www.nj.gov/labor/employer-services/warn/
Century 21 Stores - Jersey Gardens,CENTURY 21 STORES - JERSEY GARDENS,Elizabeth,,NJ,,2020-09-11,33,,https://www.nj.gov/labor/employer-services/warn/
Century 21 Stores - Morristown,CENTURY 21 STORES - MORRISTOWN,Morristown,,NJ,,2020-09-11,29,,https://www.nj.gov/labor/employer-services/warn/
Century 21 Stores - Paramus Store,CENTURY 21 STORES - PARAMUS STORE,Paramus,,NJ,,2020-09-11,74,,https://www.nj.gov/labor/employer-services/warn/
Booking.com (USA) Inc,BOOKING COM ( ),Bellevue,,WA,2020-09-10,2020-09-12,235,Permanent,https://esd.wa.gov/about-employees/WARN
Dave & Buster's,DAVE BUSTER'S,Happy Valley,,OR,2020-09-08,2020-11-08,84,Reduction,https://data.oregon.gov/d/ijbz-jpx8
"Dave & Buster's, Inc",DAVE BUSTER'S,Auburn,,WA,2020-09-08,2020-11-08,85,Permanent,https://esd.wa.gov/about-employees/WARN
Z Gallerie Store #68,Z GALLERIE STORE #68,Houston,Harris,TX,2020-09-04,2020-07-01,9,,https://data.texas.gov/d/8w53-c4f6
Z Gallerie Store #51,Z GALLERIE STORE #51,Dallas,Dallas,TX,2020-09-04,2020-07-01,6,,https://data.texas.gov/d/8w53-c4f6
JC Penney - Plano2     (Collin Creek Mall),JC PENNEY - PLANO2 (COLLIN CREEK MALL),Plano,Collin,TX,2020-09-04,2020-11-16,144,,https://data.texas.gov/d/8w53-c4f6
SeaWorld of Texas LLC dba SeaWorld San Antonio dba Aquatica San Antonio,SEAWORLD OF TEXAS DBA SEAWORLD SAN ANTONIO DBA AQUATICA SAN ANTONIO,San Antonio,Bexar,TX,2020-09-04,2020-09-04,242,,https://data.texas.gov/d/8w53-c4f6
Z Gallerie Store #17,Z GALLERIE STORE #17,Ft. Worth,Tarrant,TX,2020-09-04,2020-09-15,5,,https://data.texas.gov/d/8w53-c4f6
LAGS Medical Center - Portland,LAGS MEDICAL CENTER - PORTLAND,Portland,,OR,2020-09-03,2020-11-02,7,Small Layoff  1 – 10 workers,https://data.oregon.gov/d/ijbz-jpx8
LAGS Medical Center - Salem,LAGS MEDICAL CENTER - SALEM,Salem,,OR,2020-09-03,2020-11-02,4,Small Layoff  1 – 10 workers,https://data.oregon.gov/d/ijbz-jpx8
HPC Developer - Wild Oak Ranch Resort,HPC DEVELOPER - WILD OAK RANCH RESORT,San Antonio,Bexar,TX,2020-09-02,2020-11-13,34,,https://data.texas.gov/d/8w53-c4f6
HV Global Mgmt Corp. - Wild Oak Ranch Resort,HV GLOBAL MGMT - WILD OAK RANCH RESORT,San Antonio,Bexar,TX,2020-09-02,2020-11-13,66,,https://data.texas.gov/d/8w53-c4f6
HV Global Marketing Corp. - Wild Oak Ranch Resort,HV GLOBAL MARKETING - WILD OAK RANCH RESORT,San Antonio,Bexar,TX,2020-09-02,2020-11-13,1,,https://data.texas.gov/d/8w53-c4f6
"Avis Budget Car Rental, LLC",AVIS BUDGET CAR RENTAL,Tukwila,,WA,2020-09-02,2020-09-05,1,Permanent,https://esd.wa.gov/about-employees/WARN
Live Nation-Austin,LIVE NATION-AUSTIN,Austin,Travis,TX,2020-09-01,2020-05-01,43,,https://data.texas.gov/d/8w53-c4f6
Live Nation-Pharr,LIVE NATION-PHARR,Pharr,Hidalgo,TX,2020-09-01,2020-05-01,253,,https://data.texas.gov/d/8w53-c4f6
Live Nation-Dallas,LIVE NATION-DALLAS,Dallas,Dallas,TX,2020-09-01,2020-04-01,77,,https://data.texas.gov/d/8w53-c4f6
Live Nation-W Loop St,LIVE NATION-W LOOP ST,Houston,Harris,TX,2020-09-01,2020-04-01,51,,https://data.texas.gov/d/8w53-c4f6
Live Nation-Caroline St,LIVE NATION-CAROLINE ST,Houston,Harris,TX,2020-09-01,2020-08-31,85,,https://data.texas.gov/d/8w53-c4f6
Bon Appetit,BON APPETIT,Portland,,OR,2020-09-01,2020-09-30,224,Other,https://data.oregon.gov/d/ijbz-jpx8
Bon Appetit,BON APPETIT,Portland,,OR,2020-09-01,2020-09-30,170,Reduction,https://data.oregon.gov/d/ijbz-jpx8
PGE - Boardman,PGE - BOARDMAN,Boardman,,OR,2020-09-01,2020-11-05,22,Permanent closure,https://data.oregon.gov/d/ijbz-jpx8
Hudson Group,HUDSON GROUP,Seattle,,WA,2020-09-01,2020-08-31,89,Permanent,https://esd.wa.gov/about-employees/WARN
Big Fish Games,BIG FISH GAMES,Seattle,,WA,2020-09-01,2020-09-01,217,Permanent,https://esd.wa.gov/about-employees/WARN
Avis Budget Car Rental,AVIS BUDGET CAR RENTAL,Austin,Travis,TX,2020-08-31,2020-04-01,3,,https://data.texas.gov/d/8w53-c4f6
Airport Management Services and Hudson Group,AIRPORT MANAGEMENT AND HUDSON GROUP,East Rutherford,,NJ,,2020-08-31,87,,https://www.nj.gov/labor/employer-services/warn/
Grand Lux Cafe,GRAND LUX CAFE,Cherry Hill,,NJ,,2020-08-31,117,,https://www.nj.gov/labor/employer-services/warn/
Avis Budget Car Rental,AVIS BUDGET CAR RENTAL,"Ashburn, Arlington, Dulles & Springfield VA",,VA,2020-08-31,,27,Layoff,https://www.vec.virginia.gov/warn-notices
Avis Budget Group,AVIS BUDGET GROUP,"Virginia Beach, Newport News & Norfolk VA",,VA,2020-08-31,,86,Layoff,https://www.vec.virginia.gov/warn-notices
Avis Budget Car Rental,AVIS BUDGET CAR RENTAL,Richmond VA,,VA,2020-08-31,,4,Layoff,https://www.vec.virginia.gov/warn-notices
Boeing,BOEING,Puget Sound Area,,WA,2020-08-31,2020-10-30,592,Permanent,https://esd.wa.gov/about-employees/WARN
"thyssenkrupp Materials, LLC",THYSSENKRUPP MATERIALS,Auburn,,WA,2020-08-31,2020-10-30,60,Permanent,https://esd.wa.gov/about-employees/WARN
"Sandvik Special Metals, LLC",SANDVIK SPECIAL METALS,Kennewick,,WA,2020-08-31,2020-10-30,50,Permanent,https://esd.wa.gov/about-employees/WARN
Scoobeez - San Antonio,SCOOBEEZ - SAN ANTONIO,San Antonio,Bexar,TX,2020-08-30,2020-11-01,63,,https://data.texas.gov/d/8w53-c4f6
Equinor US,EQUINOR,Austin,Travis,TX,2020-08-28,2020-11-01,228,,https://data.texas.gov/d/8w53-c4f6
Scoobeez Inc-Farmers Branch,SCOOBEEZ -FARMERS BRANCH,Farmers Branch,Dallas,TX,2020-08-28,2020-11-01,45,,https://data.texas.gov/d/8w53-c4f6
"Scoobeez, Inc.-Ft. Worth",SCOOBEEZ -FT WORTH,Ft. Worth,Tarrant,TX,2020-08-28,2020-11-01,89,,https://data.texas.gov/d/8w53-c4f6
"Scoobeez, Inc.-Garland",SCOOBEEZ -GARLAND,Garland,Dallas,TX,2020-08-28,2020-11-01,69,,https://data.texas.gov/d/8w53-c4f6
"Scoobeez, Inc.-Austin",SCOOBEEZ -AUSTIN,Austin,Travis,TX,2020-08-28,2020-11-01,71,,https://data.texas.gov/d/8w53-c4f6
Avis Budget Car Rental-El Paso,AVIS BUDGET CAR RENTAL-EL PASO,El Paso,El Paso,TX,2020-08-28,2020-04-01,12,,https://data.texas.gov/d/8w53-c4f6
"CEC Entertainment, Inc.",CEC ENTERTAINMENT,Irving,Dallas,TX,2020-08-28,2020-09-30,95,,https://data.texas.gov/d/8w53-c4f6
Stanley Black & Decker,STANLEY BLACK DECKER,Kennilworth,,NJ,,2020-08-28,119,,https://www.nj.gov/labor/employer-services/warn/
Marriott - Richmond,MARRIOTT - RICHMOND,Richmond VA,,VA,2020-08-28,,50,Layoff,https://www.vec.virginia.gov/warn-notices
SW Hotels-Westin Galleria,SW HOTELS-WESTIN GALLERIA,Dallas,Dallas,TX,2020-08-27,2020-10-30,89,,https://data.texas.gov/d/8w53-c4f6
GEO Secure Services - Eagle Pass,GEO SECURE - EAGLE PASS,Eagle Pass,Maverick,TX,2020-08-27,2020-10-27,174,,https://data.texas.gov/d/8w53-c4f6
JW Marriot Resort and SPA - San Antonio,JW MARRIOT RESORT AND SPA - SAN ANTONIO,San Antonio,Bexar,TX,2020-08-27,2020-10-30,461,,https://data.texas.gov/d/8w53-c4f6
Marriott Rivercenter Hotel,MARRIOTT RIVERCENTER HOTEL,San Antonio,Bexar,TX,2020-08-27,2010-10-30,237,,https://data.texas.gov/d/8w53-c4f6
Marriott Riverwalk,MARRIOTT RIVERWALK,San Antonio,Bexar,TX,2020-08-27,2020-10-30,45,,https://data.texas.gov/d/8w53-c4f6
Bon Appetit Management Company,BON APPETIT MANAGEMENT,Seattle,,WA,2020-08-27,2020-09-30,116,Permanent,https://esd.wa.gov/about-employees/WARN
Renaissance Dallas at Plano Legacy West Hotel,RENAISSANCE DALLAS AT PLANO LEGACY WEST HOTEL,Plano,Collin,TX,2020-08-26,2020-10-30,66,,https://data.texas.gov/d/8w53-c4f6
Power Wellness Management LLC as manager for the Virtua Fitness Canter-Moorestown,POWER WELLNESS MANAGEMENT AS MANAGER FOR THE VIRTUA FITNESS CANTER-MOORESTOWN,Lombard,,NJ,,2020-08-26,120,,https://www.nj.gov/labor/employer-services/warn/
Sheraton Gunter San Antonio,SHERATON GUNTER SAN ANTONIO,San Antonio,Bexar,TX,2020-08-25,2020-10-23,38,,https://data.texas.gov/d/8w53-c4f6
Simmons Pet Food,SIMMONS PET FOOD,Pennsauken,,NJ,,2020-08-24,176,,https://www.nj.gov/labor/employer-services/warn/
"Arctic Circle Enterprises, LLC",ARCTIC CIRCLE ENTERPRISES,Kent,,WA,2020-08-24,2020-08-31,66,Permanent,https://esd.wa.gov/about-employees/WARN
Bed Bath & Beyonf Inc.,BED BATH BEYONF,Totowa,,NJ,,2020-08-22,148,,https://www.nj.gov/labor/employer-services/warn/
"AJS Supermarkets, LLC",AJS SUPERMARKETS,Hillside,,NJ,,2020-08-21,172,,https://www.nj.gov/labor/employer-services/warn/
"Compass Group, dba Chartwells Higher Education at Montclair State University",COMPASS GROUP DBA CHARTWELLS HIGHER EDUCATION AT MONTCLAIR STATE UNIVERSITY,Montclair,,NJ,,2020-08-21,105,,https://www.nj.gov/labor/employer-services/warn/
"Stellar Partners, Inc",STELLAR PARTNERS,SeaTac,,WA,2020-08-21,2020-10-15,12,Permanent,https://esd.wa.gov/about-employees/WARN
Museum of Pop Culture,MUSEUM OF POP CULTURE,Seattle,,WA,2020-08-21,2020-08-21,32,Permanent,https://esd.wa.gov/about-employees/WARN
Hilton-Austin,HILTON-AUSTIN,Austin,Travis,TX,2020-08-20,2020-08-31,77,,https://data.texas.gov/d/8w53-c4f6
"Exela Enterprise Solutions, LLC",EXELA ENTERPRISE,Austin,Travis,TX,2020-08-20,2020-11-01,81,,https://data.texas.gov/d/8w53-c4f6
YMCA of Greater Seattle,YMCA OF GREATER SEATTLE,Seattle,,WA,2020-08-19,2020-08-03,66,Permanent,https://esd.wa.gov/about-employees/WARN
"Smith Industries, LLC",SMITH INDUSTRIES,Midland,Midland,TX,2020-08-18,2020-08-31,72,,https://data.texas.gov/d/8w53-c4f6
Signature Flight Support LLC,SIGNATURE FLIGHT SUPPORT,Atlantic City,,NJ,,2020-08-18,0,,https://www.nj.gov/labor/employer-services/warn/
Washington State Convention Center,WASHINGTON STATE CONVENTION CENTER,Seattle,,WA,2020-08-17,2020-03-31,148,Temporary,https://esd.wa.gov/about-employees/WARN
Horizon Group USA,HORIZON GROUP,WARREN,,NJ,,2020-08-16,37,,https://www.nj.gov/labor/employer-services/warn/
LAIKA,LAIKA,Hillsboro,,OR,2020-08-14,2020-09-01,50,Large Layoff - 10 or more workers,https://data.oregon.gov/d/ijbz-jpx8
Legacy Financial Partners/Brehne Financial Partners,LEGACY FINANCIAL PARTNERS/BREHNE FINANCIAL PARTNERS,Fairfield,,NJ,,2020-08-14,1,,https://www.nj.gov/labor/employer-services/warn/
Rex Staffing LLC-Country Fresh Products,REX STAFFING -COUNTRY FRESH PRODUCTS,Houston,Harris,TX,2020-08-13,2020-10-11,310,,https://data.texas.gov/d/8w53-c4f6
"IPIC Theaters, LLC",IPIC THEATERS,Austin,Travis,TX,2020-08-13,2020-08-13,37,,https://data.texas.gov/d/8w53-c4f6
Yoga Works - Uptown,YOGA WORKS - UPTOWN,Houston,Fort Bend,TX,2020-08-12,2020-03-17,24,,https://data.texas.gov/d/8w53-c4f6
HMS Host - San Antonio,HMS HOST - SAN ANTONIO,San Antonio,Bexar,TX,2020-08-12,2020-10-15,121,,https://data.texas.gov/d/8w53-c4f6
Carlisle Interconnect Technologies,CARLISLE INTERCONNECT,Kent,,WA,2020-08-12,2020-08-12,595,Permanent,https://esd.wa.gov/about-employees/WARN
HMSHost,HMSHOST,SeaTac,,WA,2020-08-12,2020-10-15,251,Permanent,https://esd.wa.gov/about-employees/WARN
HMSHost,HMSHOST,Spokane,,WA,2020-08-12,2020-10-15,46,Permanent,https://esd.wa.gov/about-employees/WARN
"MV Transportation, Inc",MV TRANSPORTATION,"Seattle, Woodinville",,WA,2020-08-12,2020-10-12,145,Permanent,https://esd.wa.gov/about-employees/WARN
"Seadrill Americas, Inc.",SEADRILL AMERICAS,Houston,Harris,TX,2020-08-11,2020-10-01,168,,https://data.texas.gov/d/8w53-c4f6
HMSHost,HMSHOST,Portland,,OR,2020-08-11,2020-10-15,51,Reduction,https://data.oregon.gov/d/ijbz-jpx8
PostalMile Inc,POSTALMILE,Norfolk VA,,VA,2020-08-11,,61,Layoff,https://www.vec.virginia.gov/warn-notices
PostalMile Inc.,POSTALMILE,Richmond VA,,VA,2020-08-11,,31,Layoff,https://www.vec.virginia.gov/warn-notices
"Argosy LP, DBA Argosy Cruises",ARGOSY DBA ARGOSY CRUISES,Seattle,,WA,2020-08-11,2020-08-03,49,Permanent,https://esd.wa.gov/about-employees/WARN
"Argosy LP, DBA Argosy Cruises",ARGOSY DBA ARGOSY CRUISES,Seattle,,WA,2020-08-11,2020-08-03,9,Temporary,https://esd.wa.gov/about-employees/WARN
Embassy Suites Employer LLC,EMBASSY SUITES EMPLOYER,Tukwila,,WA,2020-08-10,2020-03-20,27,Temporary,https://esd.wa.gov/about-employees/WARN
Embassy Suites Employer LLC,EMBASSY SUITES EMPLOYER,Tukwila,,WA,2020-08-10,2020-08-27,6,Permanent,https://esd.wa.gov/about-employees/WARN
"IPIC Theaters, LLC",IPIC THEATERS,Redmond,,WA,2020-08-06,2020-08-03,65,Permanent,https://esd.wa.gov/about-employees/WARN
JC Penney - McAllen,JC PENNEY - MCALLEN,McAllen,Hidalgo,TX,2020-08-05,2020-07-26,137,,https://data.texas.gov/d/8w53-c4f6
The Briar Club,THE BRIAR CLUB,Houston,Harris,TX,2020-08-05,2020-08-04,23,,https://data.texas.gov/d/8w53-c4f6
"Expedia Group, Inc.",EXPEDIA GROUP,Dallas,Dallas,TX,2020-08-04,2020-10-07,116,,https://data.texas.gov/d/8w53-c4f6
"Sky Chefs, Inc",SKY CHEFS,SeaTac,,WA,2020-08-04,2020-10-01,360,Permanent,https://esd.wa.gov/about-employees/WARN
Neiman Marcus Group,NEIMAN MARCUS GROUP,Bellevue,,WA,2020-08-03,2020-10-02,95,Permanent,https://esd.wa.gov/about-employees/WARN
ADESA/automative Finance Corporation,ADESA/AUTOMATIVE FINANCE,Manville,,NJ,,2020-08-01,76,,https://www.nj.gov/labor/employer-services/warn/
Hudson Group-Airport Mgt Services,HUDSON GROUP-AIRPORT MGT,Dallas,Dallas,TX,2020-07-31,2020-07-31,81,,https://data.texas.gov/d/8w53-c4f6
Embassy Suites Portland-Downtown,EMBASSY SUITES PORTLAND-DOWNTOWN,Portland,,OR,2020-07-31,2020-03-20,70,Large Layoff - 10 or more workers,https://data.oregon.gov/d/ijbz-jpx8
"LSG Group - Sky Chefs, Inc",LSG GROUP - SKY CHEFS,Portland,,OR,2020-07-31,2020-10-01,193,Large Layoff - 10 or more workers,https://data.oregon.gov/d/ijbz-jpx8
Teleperformance USA,TELEPERFORMANCE,Mahwah,,NJ,,2020-07-31,72,,https://www.nj.gov/labor/employer-services/warn/
Keurig Dr Pepper Inc.,KEURIG DR PEPPER,Plano,,NJ,,2020-07-31,69,,https://www.nj.gov/labor/employer-services/warn/
Airport Management Services and Hudson Group,AIRPORT MANAGEMENT AND HUDSON GROUP,East Rutherford,,NJ,,2020-07-31,80,,https://www.nj.gov/labor/employer-services/warn/
Cinepolis USA,CINEPOLIS,Hackettstown,,NJ,,2020-07-31,0,,https://www.nj.gov/labor/employer-services/warn/
Sodexo,SODEXO,Williamsburg VA,,VA,2020-07-31,,80,Layoff,https://www.vec.virginia.gov/warn-notices
Hudson Group,HUDSON GROUP,Seattle,,WA,2020-07-31,2020-07-31,91,Permanent,https://esd.wa.gov/about-employees/WARN
Hilton Hotel Employer LLC,HILTON HOTEL EMPLOYER,Vancouver,,WA,2020-07-31,2020-03-22,125,Temporary,https://esd.wa.gov/about-employees/WARN
Hilton Hotel Employer LLC,HILTON HOTEL EMPLOYER,Vancouver,,WA,2020-07-31,2020-07-31,6,Permanent,https://esd.wa.gov/about-employees/WARN
Boeing,BOEING,Puget Sound Area,,WA,2020-07-31,2020-10-02,940,Permanent,https://esd.wa.gov/about-employees/WARN
Alaska Airlines,ALASKA AIRLINES,"Seatac, Seattle",,WA,2020-07-31,2020-10-01,1583,Permanent,https://esd.wa.gov/about-employees/WARN
Spirit,SPIRIT,DFW Airport,Dallas,TX,2020-07-30,2020-10-01,238,,https://data.texas.gov/d/8w53-c4f6
Wyndham - San Antonio,WYNDHAM - SAN ANTONIO,San Antonio,Bexar,TX,2020-07-30,2020-07-03,139,,https://data.texas.gov/d/8w53-c4f6
"Wyndham Revere, LLC",WYNDHAM REVERE,Dallas,Dallas,TX,2020-07-29,2020-09-30,52,,https://data.texas.gov/d/8w53-c4f6
Alaska Airlines - Portland Internationa,ALASKA AIRLINES - PORTLAND INTERNATIONA,Portland,,OR,2020-07-29,2020-10-01,277,Reduction,https://data.oregon.gov/d/ijbz-jpx8
Hilton Hotel Employer LLC,HILTON HOTEL EMPLOYER,Seattle,,WA,2020-07-29,2020-03-08,88,Temporary,https://esd.wa.gov/about-employees/WARN
Doubletree Management LLC,DOUBLETREE MANAGEMENT,Seattle,,WA,2020-07-29,2020-03-08,88,Temporary,https://esd.wa.gov/about-employees/WARN
"Worthy Hotels, Inc",WORTHY HOTELS,Spokane,,WA,2020-07-29,2020-03-12,115,Permanent,https://esd.wa.gov/about-employees/WARN
"Worthy Hotels, Inc",WORTHY HOTELS,Spokane,,WA,2020-07-29,2020-03-12,159,Temporary,https://esd.wa.gov/about-employees/WARN
NatureBridge,NATUREBRIDGE,Port Angeles,,WA,2020-07-29,2020-08-15,21,Permanent,https://esd.wa.gov/about-employees/WARN
CWT,CWT,San Antonio,Bexar,TX,2020-07-28,2020-04-01,102,,https://data.texas.gov/d/8w53-c4f6
DoubleTree Employer LLC,DOUBLETREE EMPLOYER,Spokane,,WA,2020-07-28,2020-03-20,90,Temporary,https://esd.wa.gov/about-employees/WARN
GE Healthcare,GE HEALTHCARE,Seattle,,WA,2020-07-28,2020-09-30,66,Permanent,https://esd.wa.gov/about-employees/WARN
Wyndhgam Vacation Ownership,WYNDHGAM VACATION OWNERSHIP,Austin,Travis,TX,2020-07-27,2020-04-03,81,,https://data.texas.gov/d/8w53-c4f6
Brennan's of Houston,BRENNAN'S OF HOUSTON,Houston,Harris,TX,2020-07-27,2020-07-27,90,,https://data.texas.gov/d/8w53-c4f6
Guest Services,GUEST,Mt. Rainier,,WA,2020-07-27,2020-09-25,5,Permanent,https://esd.wa.gov/about-employees/WARN
"PCC Aerostructures Protective Coatings, Inc",PCC AEROSTRUCTURES PROTECTIVE COATINGS,Kent,,WA,2020-07-27,2020-07-31,34,Permanent,https://esd.wa.gov/about-employees/WARN
"Gaming Laboratories International, LLC",GAMING LABORATORIES INTERNATIONAL,Lakewood,,NJ,,2020-07-24,56,,https://www.nj.gov/labor/employer-services/warn/
SSP America,SSP AMERICA,Seattle,,WA,2020-07-24,2020-09-24,228,Temporary,https://esd.wa.gov/about-employees/WARN
American Queen Steamboat Company,AMERICAN QUEEN STEAMBOAT,Vancouver,,WA,2020-07-24,2020-09-24,250,Permanent,https://esd.wa.gov/about-employees/WARN
Hector Garza Center,HECTOR GARZA CENTER,San Antonio,Bexar,TX,2020-07-23,2020-09-25,140,,https://data.texas.gov/d/8w53-c4f6
Hilton - Plano,HILTON - PLANO,Plano,Collin,TX,2020-07-23,2020-07-20,105,,https://data.texas.gov/d/8w53-c4f6
Visionworks #86,VISIONWORKS #86,San Antonio,Bexar,TX,2020-07-23,2020-04-04,9,,https://data.texas.gov/d/8w53-c4f6
Visionworks #32,VISIONWORKS #32,Midland,Midland,TX,2020-07-23,2020-04-04,3,,https://data.texas.gov/d/8w53-c4f6
Nike - Childcare,NIKE - CHILDCARE,Beaverton,,OR,2020-07-23,2020-10-01,192,Reduction,https://data.oregon.gov/d/ijbz-jpx8
Nike,NIKE,Beaverton,,OR,2020-07-23,2020-10-01,308,Reduction,https://data.oregon.gov/d/ijbz-jpx8
Nike,NIKE,Beaverton,,OR,2020-07-23,2020-07-23,700,Reduction,https://data.oregon.gov/d/ijbz-jpx8
American Queen Steamboat Company,AMERICAN QUEEN STEAMBOAT,New Albany,,OR,2020-07-22,2020-09-24,250,Large Layoff - 10 or more workers,https://data.oregon.gov/d/ijbz-jpx8
Vesta,VESTA,Lake Oswego,,OR,2020-07-22,2020-07-22,20,Permanent closure,https://data.oregon.gov/d/ijbz-jpx8
Walmart Inc. Store #2171,WALMART STORE #2171,Princeton,,NJ,,2020-07-22,205,,https://www.nj.gov/labor/employer-services/warn/
Printpack,PRINTPACK,Orange,Orange,TX,2020-07-21,2020-09-18,58,,https://data.texas.gov/d/8w53-c4f6
Pioneer Pacific College,PIONEER PACIFIC COLLEGE,Portland,,OR,2020-07-21,2020-07-31,41,Permanent closure,https://data.oregon.gov/d/ijbz-jpx8
Pioneer Pacific College - Beaverton,PIONEER PACIFIC COLLEGE - BEAVERTON,Beaverton,,OR,2020-07-21,2020-07-31,39,Permanent closure,https://data.oregon.gov/d/ijbz-jpx8
Pioneer Pacific College - Springfield,PIONEER PACIFIC COLLEGE - SPRINGFIELD,Springfield,,OR,2020-07-21,2020-07-31,51,Permanent closure,https://data.oregon.gov/d/ijbz-jpx8
Sodexo - San Antonio,SODEXO - SAN ANTONIO,San Antonio,Bexar,TX,2020-07-20,2020-07-30,319,,https://data.texas.gov/d/8w53-c4f6
Nike (Lifeworks) - Beaverton,NIKE (LIFEWORKS) - BEAVERTON,Beaverton,,OR,2020-07-20,2020-10-20,66,Reduction,https://data.oregon.gov/d/ijbz-jpx8
Nike (Lifeworks) - Hillsboro,NIKE (LIFEWORKS) - HILLSBORO,Hillsboro,,OR,2020-07-20,2020-09-25,23,Reduction,https://data.oregon.gov/d/ijbz-jpx8
Nike (Lifeworks) - Beaverton,NIKE (LIFEWORKS) - BEAVERTON,Beaverton,,OR,2020-07-20,2020-09-25,355,Reduction,https://data.oregon.gov/d/ijbz-jpx8
BJ Services - San Antonio,BJ - SAN ANTONIO,San Antonio,Bexar,TX,2020-07-19,2020-08-02,195,,https://data.texas.gov/d/8w53-c4f6
JC Penney - Lewisville,JC PENNEY - LEWISVILLE,Lewisville,Denton,TX,2020-07-17,2020-09-23,87,,https://data.texas.gov/d/8w53-c4f6
Jc Penney-Dallas,JC PENNEY-DALLAS,Dallas,Dallas,TX,2020-07-17,2020-09-23,89,,https://data.texas.gov/d/8w53-c4f6
Hilton Anatole,HILTON ANATOLE,Dallas,Dallas,TX,2020-07-17,2020-07-17,620,,https://data.texas.gov/d/8w53-c4f6
PSA Airlines (DCA),PSA AIRLINES (DCA),Arlington VA,,VA,2020-07-17,,270,Layoff,https://www.vec.virginia.gov/warn-notices
PSA Airlines (ORF),PSA AIRLINES (ORF),Norfolk VA,,VA,2020-07-17,,87,Layoff,https://www.vec.virginia.gov/warn-notices
ExpressJet Airlines LLC,EXPRESSJET AIRLINES,Richmond VA,,VA,2020-07-17,,36,Layoff,https://www.vec.virginia.gov/warn-notices
"Nordstrom, Inc",NORDSTROM,Seattle,,WA,2020-07-17,2020-05-08,521,Permanent,https://esd.wa.gov/about-employees/WARN
Spirit AeroSystems Inc.,SPIRIT AEROSYSTEMS,San Antonio,Bexar,TX,2020-07-16,2020-08-17,72,,https://data.texas.gov/d/8w53-c4f6
ASARCO- Amarillo Refinery,ASARCO- AMARILLO REFINERY,Amarillo,Potter,TX,2020-07-16,2020-09-15,213,,https://data.texas.gov/d/8w53-c4f6
Visionworks #262,VISIONWORKS #262,Round Rock,Williamson,TX,2020-07-16,2020-04-04,8,,https://data.texas.gov/d/8w53-c4f6
"Exterran Energy Solutions, LP - Houston",EXTERRAN ENERGY - HOUSTON,Houston,Harris,TX,2020-07-16,2020-09-17,174,,https://data.texas.gov/d/8w53-c4f6
JC Penney - Plano,JC PENNEY - PLANO,Plano,Collin,TX,2020-07-16,2020-09-13,717,,https://data.texas.gov/d/8w53-c4f6
Paradise Lagardere,PARADISE LAGARDERE,Dulles VA,,VA,2020-07-16,,330,Layoff,https://www.vec.virginia.gov/warn-notices
"VSM-Rostra, LLC",VSM-ROSTRA,Newark,,NJ,,2020-07-15,87,,https://www.nj.gov/labor/employer-services/warn/
American Airlines,AMERICAN AIRLINES,SeaTac,,WA,2020-07-15,2020-10-01,3,Permanent,https://esd.wa.gov/about-employees/WARN
American Airlines,AMERICAN AIRLINES,Seattle,,WA,2020-07-15,2020-10-01,111,Temporary,https://esd.wa.gov/about-employees/WARN
Yoga Works Inc.,YOGA WORKS,Arlington VA,,VA,2020-07-14,,73,Layoff,https://www.vec.virginia.gov/warn-notices
Electro Rent,ELECTRO RENT,Roanoke,Denton,TX,2020-07-13,2020-07-01,2,,https://data.texas.gov/d/8w53-c4f6
Basic Energy Services-Denver City,BASIC ENERGY -DENVER CITY,Denver City,Yoakum,TX,2020-07-10,2020-03-10,102,,https://data.texas.gov/d/8w53-c4f6
"Basic Energy Services - Big Spring, TX",BASIC ENERGY - BIG SPRING TX,Big Spring,Howard,TX,2020-07-10,2020-03-27,114,,https://data.texas.gov/d/8w53-c4f6
Transform SR LLC #45446,TRANSFORM SR #45446,Dallas,Dallas,TX,2020-07-10,2020-09-11,57,,https://data.texas.gov/d/8w53-c4f6
DynCorp International LLC,DYNCORP INTERNATIONAL,Joint Base Lewis McChord,,WA,2020-07-10,2020-07-09,51,Permanent,https://esd.wa.gov/about-employees/WARN
Triumph Aerospace Structures,TRIUMPH AEROSPACE STRUCTURES,Spokane,,WA,2020-07-10,2020-07-20,10,Permanent,https://esd.wa.gov/about-employees/WARN
C. Baldwin Hotel - Curio Collection by Hilton,C BALDWIN HOTEL - CURIO COLLECTION BY HILTON,Houston,Fort Bend,TX,2020-07-09,2020-03-20,144,,https://data.texas.gov/d/8w53-c4f6
Visionworks #120,VISIONWORKS #120,Katy,Fort Bend,TX,2020-07-09,2020-04-04,2,,https://data.texas.gov/d/8w53-c4f6
Pilot Thomas Logistics - Midland,PILOT THOMAS LOGISTICS - MIDLAND,Midland,Midland,TX,2020-07-09,2020-03-20,56,,https://data.texas.gov/d/8w53-c4f6
Yoga Works Inc,YOGA WORKS,Fairfax VA,,VA,2020-07-09,,42,Layoff,https://www.vec.virginia.gov/warn-notices
"United Airlines, Inc",UNITED AIRLINES,Seattle,,WA,2020-07-09,2020-10-01,259,Temporary,https://esd.wa.gov/about-employees/WARN
Dallas Fort Worth International,DALLAS FORT WORTH INTERNATIONAL,Dallas,Dallas,TX,2020-07-08,2020-10-01,71,,https://data.texas.gov/d/8w53-c4f6
"Borusan Mannesmann Pipe U.S., Inc.",BORUSAN MANNESMANN PIPE U S,Baytown,Harris,TX,2020-07-08,2020-07-01,114,,https://data.texas.gov/d/8w53-c4f6
United - PDX,UNITED - PDX,Portland,,OR,2020-07-08,2020-10-01,119,Reduction,https://data.oregon.gov/d/ijbz-jpx8
United - PDX,UNITED - PDX,Portland,,OR,2020-07-08,2020-10-01,3,Reduction,https://data.oregon.gov/d/ijbz-jpx8
United Airlines (Washington Dulles International Airport),UNITED AIRLINES (WASHINGTON DULLES INTERNATIONAL AIRPORT),Dulles VA,,VA,2020-07-08,,3036,Layoff,https://www.vec.virginia.gov/warn-notices
United Airlines (Ronald Reagan Washington National Airport),UNITED AIRLINES (RONALD REAGAN WASHINGTON NATIONAL AIRPORT),Arlington VA,,VA,2020-07-08,,116,Layoff,https://www.vec.virginia.gov/warn-notices
Transocean Deepwater Inc.- Discover Inspiration,TRANSOCEAN DEEPWATER - DISCOVER INSPIRATION,Houston,Fort Bend,TX,2020-07-07,2020-09-15,110,,https://data.texas.gov/d/8w53-c4f6
Katerra,KATERRA,Seattle,,WA,2020-07-07,2020-07-01,41,Permanent,https://esd.wa.gov/about-employees/WARN
"Delta Air Lines, Inc.",DELTA AIR LINES,Seattle,,WA,2020-07-07,2020-10-01,74,Temporary,https://esd.wa.gov/about-employees/WARN
arauco - Albany,ARAUCO - ALBANY,Albany,,OR,2020-07-06,2020-07-06,75,Reduction,https://data.oregon.gov/d/ijbz-jpx8
Hampton Inn & Suites - Portland,HAMPTON INN SUITES - PORTLAND,Portland,,OR,2020-07-06,2020-06-30,41,Reduction,https://data.oregon.gov/d/ijbz-jpx8
KHRG Alexis LLC (Kimpton Alexis Hotel),KHRG ALEXIS (KIMPTON ALEXIS HOTEL),Seattle,,WA,2020-07-06,2020-03-20,83,Permanent,https://esd.wa.gov/about-employees/WARN
"GSC Wholesale, LLC dba Grocers Supply",GSC WHOLESALE DBA GROCERS SUPPLY,Houston,Harris,TX,2020-07-03,2020-09-04,90,,https://data.texas.gov/d/8w53-c4f6
Brident-Westheimer Rd,BRIDENT-WESTHEIMER RD,Houston,Harris,TX,2020-07-02,2020-07-31,6,,https://data.texas.gov/d/8w53-c4f6
Brident-Broadway,BRIDENT-BROADWAY,Houston,Harris,TX,2020-07-02,2020-07-31,4,,https://data.texas.gov/d/8w53-c4f6
Brident-Long Point RD,BRIDENT-LONG POINT RD,Houston,Harris,TX,2020-07-02,2020-07-31,3,,https://data.texas.gov/d/8w53-c4f6
Brident-Tidwell Rd,BRIDENT-TIDWELL RD,Houston,Harris,TX,2020-07-02,2020-07-31,3,,https://data.texas.gov/d/8w53-c4f6
Brident-Edgebrook Dr,BRIDENT-EDGEBROOK DR,Houston,Harris,TX,2020-07-02,2020-07-31,2,,https://data.texas.gov/d/8w53-c4f6
Brident-E. Fwy,BRIDENT-E FWY,Houston,Harris,TX,2020-07-02,2020-07-31,2,,https://data.texas.gov/d/8w53-c4f6
Brident-W Camp Widsom,BRIDENT-W CAMP WIDSOM,Dallas,Dallas,TX,2020-07-02,2020-07-31,4,,https://data.texas.gov/d/8w53-c4f6
Brident-Crosstimbers,BRIDENT-CROSSTIMBERS,Houston,Harris,TX,2020-07-02,2020-07-31,2,,https://data.texas.gov/d/8w53-c4f6
Brident-Greens Rd,BRIDENT-GREENS RD,Houston,Harris,TX,2020-07-02,2020-07-31,1,,https://data.texas.gov/d/8w53-c4f6
Brident-Airline Dr.,BRIDENT-AIRLINE DR,Houston,Harris,TX,2020-07-02,2020-07-31,3,,https://data.texas.gov/d/8w53-c4f6
Brident-Gulf Fwy,BRIDENT-GULF FWY,Houston,Harris,TX,2020-07-02,2020-07-31,5,,https://data.texas.gov/d/8w53-c4f6
Brident-SW Military,BRIDENT-SW MILITARY,San Antonio,Bexar,TX,2020-07-02,2020-07-31,5,,https://data.texas.gov/d/8w53-c4f6
Brident-W. Bellfort Ave,BRIDENT-W BELLFORT AVE,Houston,Harris,TX,2020-07-02,2020-07-31,5,,https://data.texas.gov/d/8w53-c4f6
Brident-8706 Fredericksburg,BRIDENT-8706 FREDERICKSBURG,San Antonio,Bexar,TX,2020-07-02,2020-07-31,1,,https://data.texas.gov/d/8w53-c4f6
Brident-W Commerce,BRIDENT-W COMMERCE,San Antonio,Bexar,TX,2020-07-02,2020-07-31,3,,https://data.texas.gov/d/8w53-c4f6
Brident-3655 Fredericksburg,BRIDENT-3655 FREDERICKSBURG,San Antonio,Bexar,TX,2020-07-02,2020-07-31,1,,https://data.texas.gov/d/8w53-c4f6
Brident-2000 SE. Loop,BRIDENT-2000 SE LOOP,San Antonio,Bexar,TX,2020-07-02,2020-07-31,1,,https://data.texas.gov/d/8w53-c4f6
Brident-Bellaire bBlvd,BRIDENT-BELLAIRE BBLVD,Houston,Harris,TX,2020-07-02,2020-07-31,5,,https://data.texas.gov/d/8w53-c4f6
Electro Rent,ELECTRO RENT,Roanoke,Denton,TX,2020-07-01,2020-07-01,3,,https://data.texas.gov/d/8w53-c4f6
The Lycra Co.,THE LYCRA,La Porte,Harris,TX,2020-06-30,2020-08-31,79,,https://data.texas.gov/d/8w53-c4f6
PCC Wyman Gordon,PCC WYMAN GORDON,Houston,Harris,TX,2020-06-30,2020-07-02,10,,https://data.texas.gov/d/8w53-c4f6
Hilton Portland Downtown,HILTON PORTLAND DOWNTOWN,Portland,,OR,2020-06-30,2020-03-22,330,Other,https://data.oregon.gov/d/ijbz-jpx8
The Coca -Cola Company Odwalla's - Port,THE COCA -COLA ODWALLA'S - PORT,Portland,,OR,2020-06-30,2020-08-31,30,Permanent closure,https://data.oregon.gov/d/ijbz-jpx8
Sodexo,SODEXO,Matawan,,NJ,,2020-06-30,71,,https://www.nj.gov/labor/employer-services/warn/
Sodexo,SODEXO,Lakewood,,NJ,,2020-06-30,53,,https://www.nj.gov/labor/employer-services/warn/
Senneca / Thermoseal,SENNECA / THERMOSEAL,Gloucester City,,NJ,,2020-06-30,47,,https://www.nj.gov/labor/employer-services/warn/
Destination Maternity Corporation,DESTINATION MATERNITY,Moorestown,,NJ,,2020-06-30,111,,https://www.nj.gov/labor/employer-services/warn/
Delaware North Companies Inc.,DELAWARE NORTH COMPANIES,Richmond VA,,VA,2020-06-30,,80,Layoff,https://www.vec.virginia.gov/warn-notices
Amentum,AMENTUM,Whidbey Island,,WA,2020-06-30,2020-08-28,13,Permanent,https://esd.wa.gov/about-employees/WARN
Coca Cola / Odwalla's,COCA COLA / ODWALLA'S,Tukwila,,WA,2020-06-30,2020-08-31,32,Permanent,https://esd.wa.gov/about-employees/WARN
Hard Rock Café-San Antonio,HARD ROCK CAFÉ-SAN ANTONIO,San Antonio,Bexar,TX,2020-06-29,2020-04-13,138,,https://data.texas.gov/d/8w53-c4f6
Boeing,BOEING,Puget Sound Area,,WA,2020-06-29,2020-08-28,668,Permanent,https://esd.wa.gov/about-employees/WARN
Spire Hospitality-Embassy Suites,SPIRE HOSPITALITY-EMBASSY SUITES,Laredo,Webb,TX,2020-06-26,2020-07-01,58,,https://data.texas.gov/d/8w53-c4f6
Ponderay Newsprint Company,PONDERAY NEWSPRINT,Usk,,WA,2020-06-26,2020-06-25,148,Permanent,https://esd.wa.gov/about-employees/WARN
Spire Hospitality,SPIRE HOSPITALITY,"Lynnwood, Seattle",,WA,2020-06-26,2020-07-01,187,Permanent,https://esd.wa.gov/about-employees/WARN
PV Fluid Products Inc.,PV FLUID PRODUCTS,Houston,Harris,TX,2020-06-25,2020-06-08,113,,https://data.texas.gov/d/8w53-c4f6
Kimpton Hotel,KIMPTON HOTEL,Austin,Travis,TX,2020-06-25,2020-06-30,180,,https://data.texas.gov/d/8w53-c4f6
Love & Care Non-Emergency Medical Trensportation llc,LOVE CARE NON-EMERGENCY MEDICAL TRENSPORTATION,Trenton,,NJ,,2020-06-25,0,,https://www.nj.gov/labor/employer-services/warn/
Levy Premium Foodservice...LLC,LEVY PREMIUM FOODSERVICE,Portland,,OR,2020-06-24,2020-08-01,54,Reduction,https://data.oregon.gov/d/ijbz-jpx8
"Safran Cabin Materials, LLC",SAFRAN CABIN MATERIALS,Marysville and Newport,,WA,2020-06-24,2020-06-23,85,Permanent,https://esd.wa.gov/about-employees/WARN
Sodexo,SODEXO,SeaTac,,WA,2020-06-24,2020-04-17,41,Permanent,https://esd.wa.gov/about-employees/WARN
KHRG Vintage Park LLC (Kimpton Hotel Vintage Seattle),KHRG VINTAGE PARK (KIMPTON HOTEL VINTAGE SEATTLE),Seattle,,WA,2020-06-23,2020-03-20,97,Permanent,https://esd.wa.gov/about-employees/WARN
KHRG Employer LLC (Kimpton Hotel Monaco Seattle),KHRG EMPLOYER (KIMPTON HOTEL MONACO SEATTLE),Seattle,,WA,2020-06-23,2020-03-20,120,Permanent,https://esd.wa.gov/about-employees/WARN
Van Vleck Paint Shop,VAN VLECK PAINT SHOP,Bay City,Matagorda,TX,2020-06-22,2020-08-21,10,,https://data.texas.gov/d/8w53-c4f6
Clute Fabrication Shop,CLUTE FABRICATION SHOP,Clute,Brazoria,TX,2020-06-22,2020-08-21,46,,https://data.texas.gov/d/8w53-c4f6
Bradshaw State Jail,BRADSHAW STATE JAIL,Henderson,Rusk,TX,2020-06-22,2020-07-03,229,,https://data.texas.gov/d/8w53-c4f6
"SHOPRITE OF OAKLAND, INC.",SHOPRITE OF OAKLAND,Oakland,,NJ,,2020-06-22,352,,https://www.nj.gov/labor/employer-services/warn/
Swissport (Ronald Reagan Washington National Airport),SWISSPORT (RONALD REAGAN WASHINGTON NATIONAL AIRPORT),Arlington VA,,VA,2020-06-22,,10,Layoff,https://www.vec.virginia.gov/warn-notices
Swissport (Dulles International Airport),SWISSPORT (DULLES INTERNATIONAL AIRPORT),Dulles VA,,VA,2020-06-22,,479,Layoff,https://www.vec.virginia.gov/warn-notices
Hyatt Regency - Portland,HYATT REGENCY - PORTLAND,Portland,,OR,2020-06-19,2021-01-13,2,Temporary Layoff,https://data.oregon.gov/d/ijbz-jpx8
Hyatt Regency - Portland,HYATT REGENCY - PORTLAND,Portland,,OR,2020-06-19,2020-11-01,1,Reduction,https://data.oregon.gov/d/ijbz-jpx8
Hyatt Regency - Portland,HYATT REGENCY - PORTLAND,Portland,,OR,2020-06-19,2020-10-30,4,Reduction,https://data.oregon.gov/d/ijbz-jpx8
Hyatt Regency - Portland,HYATT REGENCY - PORTLAND,Portland,,OR,2020-06-19,2020-09-04,8,Temporary Layoff,https://data.oregon.gov/d/ijbz-jpx8
Hyatt Regency - Portland,HYATT REGENCY - PORTLAND,Portland,,OR,2020-06-19,2020-03-20,181,Temporary Layoff,https://data.oregon.gov/d/ijbz-jpx8
The Alexandrian Hotel,THE ALEXANDRIAN HOTEL,Alexandria VA,,VA,2020-06-19,,59,Layoff,https://www.vec.virginia.gov/warn-notices
Hyatt Regency Tysons Corner Center,HYATT REGENCY TYSONS CORNER CENTER,Tysons Corner VA,,VA,2020-06-19,,54,Layoff,https://www.vec.virginia.gov/warn-notices
Swissport Fueling,SWISSPORT FUELING,SeaTac,,WA,2020-06-19,2020-05-08,69,Permanent,https://esd.wa.gov/about-employees/WARN
"Swissport USA, Inc",SWISSPORT,SeaTac,,WA,2020-06-19,2020-05-22,62,Permanent,https://esd.wa.gov/about-employees/WARN
"Swissport USA, Inc",SWISSPORT,SeaTac,,WA,2020-06-19,2020-03-20,167,Temporary,https://esd.wa.gov/about-employees/WARN
"Jacobsen Daniel's Enterprise, Inc",JACOBSEN DANIEL'S ENTERPRISE,Tacoma,,WA,2020-06-18,2020-06-12,1,Permanent,https://esd.wa.gov/about-employees/WARN
Tool Gauge and Machine Works,TOOL GAUGE AND MACHINE WORKS,Tacoma,,WA,2020-06-18,2020-06-17,59,Permanent,https://esd.wa.gov/about-employees/WARN
Hyatt Corporation Motif Seattle,HYATT MOTIF SEATTLE,Seattle,,WA,2020-06-18,2020-03-14,91,Temporary,https://esd.wa.gov/about-employees/WARN
Pounds Photo Lab,POUNDS PHOTO LAB,Dallas,Dallas,TX,2020-06-17,2020-07-01,61,,https://data.texas.gov/d/8w53-c4f6
"Benchmark Stevenson, LLC d/b/a Skamania Lodge",BENCHMARK STEVENSON D/B/A SKAMANIA LODGE,Stevenson,,WA,2020-06-17,2020-03-18,185,Temporary,https://esd.wa.gov/about-employees/WARN
Seattle Art Museum,SEATTLE ART MUSEUM,Seattle,,WA,2020-06-16,2020-07-05,76,Temporary,https://esd.wa.gov/about-employees/WARN
Chihuly Garden & Glass,CHIHULY GARDEN GLASS,Seattle,,WA,2020-06-16,2020-03-21,97,Temporary,https://esd.wa.gov/about-employees/WARN
Seattle Center,SEATTLE CENTER,Seattle,,WA,2020-06-16,2020-03-21,182,Temporary,https://esd.wa.gov/about-employees/WARN
Adeputs Health dba FCER Management LLC,ADEPUTS HEALTH DBA FCER MANAGEMENT,Irving,Dallas,TX,2020-06-15,2020-08-15,96,,https://data.texas.gov/d/8w53-c4f6
Hyatt Regency DFW,HYATT REGENCY DFW,DFW Airport,Tarrant,TX,2020-06-15,2020-03-22,210,,https://data.texas.gov/d/8w53-c4f6
Sekisui Aerospace,SEKISUI AEROSPACE,Renton and Sumner,,WA,2020-06-15,2020-06-12,111,Permanent,https://esd.wa.gov/about-employees/WARN
Pioneer Human Services,PIONEER HUMAN,Seattle,,WA,2020-06-15,2020-08-14,59,Permanent,https://esd.wa.gov/about-employees/WARN
Crista Senior Living,CRISTA SENIOR LIVING,Shoreline,,WA,2020-06-15,2020-08-16,156,Permanent,https://esd.wa.gov/about-employees/WARN
Hyatt Corporation / Hyatt Regency Bellevue,HYATT / HYATT REGENCY BELLEVUE,Bellevue,,WA,2020-06-15,2020-03-15,223,Temporary,https://esd.wa.gov/about-employees/WARN
Hyatt Corp dba Miraval Austin Wellness Resort & Spa,HYATT DBA MIRAVAL AUSTIN WELLNESS RESORT SPA,Austin,Travis,TX,2020-06-12,2020-03-22,137,,https://data.texas.gov/d/8w53-c4f6
Hyatt Regency - Austin,HYATT REGENCY - AUSTIN,Austin,Travis,TX,2020-06-12,2020-03-15,224,,https://data.texas.gov/d/8w53-c4f6
Kimpton Riverplace Hotel,KIMPTON RIVERPLACE HOTEL,Portland,,OR,2020-06-12,2020-03-13,79,Large Layoff - 10 or more workers,https://data.oregon.gov/d/ijbz-jpx8
Kimpton Hotel Monaco Portland,KIMPTON HOTEL MONACO PORTLAND,Portland,,OR,2020-06-12,2020-03-13,147,Large Layoff - 10 or more workers,https://data.oregon.gov/d/ijbz-jpx8
Kimpton Hotel Vintage Portland,KIMPTON HOTEL VINTAGE PORTLAND,Portland,,OR,2020-06-12,2020-03-01,94,Large Layoff - 10 or more workers,https://data.oregon.gov/d/ijbz-jpx8
Advance Auto Parts,ADVANCE AUTO PARTS,Roanoke VA,,VA,2020-06-12,,94,Layoff,https://www.vec.virginia.gov/warn-notices
"Toray Composite Materials America, Inc",TORAY COMPOSITE MATERIALS AMERICA,Tacoma,,WA,2020-06-12,2020-08-08,146,Permanent,https://esd.wa.gov/about-employees/WARN
Embassy Suites Seattle Bellevue,EMBASSY SUITES SEATTLE BELLEVUE,Seattle,,WA,2020-06-12,2020-06-01,57,Temporary,https://esd.wa.gov/about-employees/WARN
Grand Hyatt San Antonio,GRAND HYATT SAN ANTONIO,San Antonio,Bexar,TX,2020-06-11,2020-03-22,271,,https://data.texas.gov/d/8w53-c4f6
Owens-Corning - Amarillo,OWENS-CORNING - AMARILLO,Amarillo,Randall,TX,2020-06-11,2020-08-05,205,,https://data.texas.gov/d/8w53-c4f6
Hotel Contessa,HOTEL CONTESSA,San Antonio,Bexar,TX,2020-06-11,2020-06-13,84,,https://data.texas.gov/d/8w53-c4f6
Triumph Aerospace Structures,TRIUMPH AEROSPACE STRUCTURES,Spokane,,WA,2020-06-11,2020-06-15,12,Permanent,https://esd.wa.gov/about-employees/WARN
ATI Albany Operations,ATI ALBANY OPERATIONS,Albany,,OR,2020-06-10,2020-12-07,76,Permanent closure,https://data.oregon.gov/d/ijbz-jpx8
ATI Albany Operations,ATI ALBANY OPERATIONS,Albany,,OR,2020-06-10,2020-10-26,135,Large Layoff - 10 or more workers,https://data.oregon.gov/d/ijbz-jpx8
"Continuum Global Solutions, LLC",CONTINUUM GLOBAL,Portland,,OR,2020-06-10,2020-08-12,255,Permanent closure,https://data.oregon.gov/d/ijbz-jpx8
The Bay Company - Portland,THE BAY - PORTLAND,Tigard,,OR,2020-06-09,2020-09-29,125,Other,https://data.oregon.gov/d/ijbz-jpx8
The Bay Company - Portland,THE BAY - PORTLAND,Tigard,,OR,2020-06-09,2020-04-15,289,Large Layoff - 10 or more workers,https://data.oregon.gov/d/ijbz-jpx8
Hyatt Corporation / Hyatt Regency Lake Washington,HYATT / HYATT REGENCY LAKE WASHINGTON,Renton,,WA,2020-06-09,2020-06-30,129,Temporary,https://esd.wa.gov/about-employees/WARN
Hyatt Regency - Houston,HYATT REGENCY - HOUSTON,Houston,Fort Bend,TX,2020-06-08,2020-03-22,260,,https://data.texas.gov/d/8w53-c4f6
Ritz Carlton - Dallas,RITZ CARLTON - DALLAS,Dallas,Dallas,TX,2020-06-08,2020-03-14,365,,https://data.texas.gov/d/8w53-c4f6
EVRAZ - Portland,EVRAZ - PORTLAND,Portland,,OR,2020-06-08,2020-06-08,65,Reduction,https://data.oregon.gov/d/ijbz-jpx8
"ALL ACCESS STAGING &PRODUCTIONS,INC.",ALL ACCESS STAGING PRODUCTIONS,NEWTON,,NJ,,2020-06-08,1,,https://www.nj.gov/labor/employer-services/warn/
Boeing,BOEING,Puget Sound Area,,WA,2020-06-08,2020-07-31,5798,Permanent,https://esd.wa.gov/about-employees/WARN
"Lamb Weston, Inc",LAMB WESTON,"Connell, WA",,WA,2020-06-08,2020-06-15,360,Temporary,https://esd.wa.gov/about-employees/WARN
"Lamb Weston, Inc",LAMB WESTON,Warden,,WA,2020-06-08,2020-06-15,300,Temporary,https://esd.wa.gov/about-employees/WARN
"Seadrill Americas, Inc.",SEADRILL AMERICAS,Houston,Harris,TX,2020-06-05,2020-06-16,135,,https://data.texas.gov/d/8w53-c4f6
Marriott Portland Downtown Waterfront,MARRIOTT PORTLAND DOWNTOWN WATERFRONT,Portland,,OR,2020-06-05,2020-11-06,145,Reduction,https://data.oregon.gov/d/ijbz-jpx8
Marriott Portland Downtown Waterfront,MARRIOTT PORTLAND DOWNTOWN WATERFRONT,Portland,,OR,2020-06-05,2020-03-21,248,Temporary Layoff,https://data.oregon.gov/d/ijbz-jpx8
Fairway Market,FAIRWAY MARKET,Woodland Park,,NJ,,2020-06-05,107,,https://www.nj.gov/labor/employer-services/warn/
Joy Global Underground Mining (Komatsu Mining Corp. Group),JOY GLOBAL UNDERGROUND MINING (KOMATSU MINING GROUP),Bluefield VA,,VA,2020-06-05,,71,Layoff,https://www.vec.virginia.gov/warn-notices
Tysons Corner Marriott,TYSONS CORNER MARRIOTT,Vienna VA,,VA,2020-06-05,,120,Layoff,https://www.vec.virginia.gov/warn-notices
The Ritz Carlton Tysons Corner,THE RITZ CARLTON TYSONS CORNER,McLean VA,,VA,2020-06-05,,344,Layoff,https://www.vec.virginia.gov/warn-notices
Marriott-Westfields Washington Dulles-,MARRIOTT-WESTFIELDS WASHINGTON DULLES-,Chantilly VA,,VA,2020-06-05,,167,Layoff,https://www.vec.virginia.gov/warn-notices
Marriott-Crystal Gateway,MARRIOTT-CRYSTAL GATEWAY,Arlington VA,,VA,2020-06-05,,308,Layoff,https://www.vec.virginia.gov/warn-notices
Marriott Hotel Services Inc.,MARRIOTT HOTEL,Dulles VA,,VA,2020-06-05,,105,Layoff,https://www.vec.virginia.gov/warn-notices
Marriott -Crystal City at Reagan National Airport,MARRIOTT -CRYSTAL CITY AT REAGAN NATIONAL AIRPORT,Arlington VA,,VA,2020-06-05,,176,Layoff,https://www.vec.virginia.gov/warn-notices
"Cadence Aerospace, Giddence Industries",CADENCE AEROSPACE GIDDENCE INDUSTRIES,Everett,,WA,2020-06-05,2020-04-24,72,Permanent,https://esd.wa.gov/about-employees/WARN
Gaylord - Grapevine,GAYLORD - GRAPEVINE,Grapevine,Tarrant,TX,2020-06-04,2020-03-16,1426,,https://data.texas.gov/d/8w53-c4f6
PCC Structurals - Portland,PCC STRUCTURALS - PORTLAND,Portland,,OR,2020-06-04,2020-07-24,94,Reduction,https://data.oregon.gov/d/ijbz-jpx8
PCC Structurals - Clackamas,PCC STRUCTURALS - CLACKAMAS,Clackamas,,OR,2020-06-04,2020-04-15,170,Reduction,https://data.oregon.gov/d/ijbz-jpx8
PCC Structurals - Portland,PCC STRUCTURALS - PORTLAND,Portland,,OR,2020-06-04,2020-04-15,547,Reduction,https://data.oregon.gov/d/ijbz-jpx8
PCC Structurals - Redmond,PCC STRUCTURALS - REDMOND,Redmond,,OR,2020-06-04,2020-04-13,175,Large Layoff - 10 or more workers,https://data.oregon.gov/d/ijbz-jpx8
Marriott Falls Church Fairview Park,MARRIOTT FALLS CHURCH FAIRVIEW PARK,Falls Church VA,,VA,2020-06-04,,164,Layoff,https://www.vec.virginia.gov/warn-notices
"W Hotel Management, Inc., dba W Bellevue",W HOTEL MANAGEMENT DBA W BELLEVUE,Bellevue,,WA,2020-06-04,2020-03-16,105,Temporary,https://esd.wa.gov/about-employees/WARN
"WHC Payroll, dba The Westin Bellevue",WHC PAYROLL DBA THE WESTIN BELLEVUE,Bellevue,,WA,2020-06-04,2020-03-16,155,Temporary,https://esd.wa.gov/about-employees/WARN
Fairmont Olympic Hotel,FAIRMONT OLYMPIC HOTEL,Seattle,,WA,2020-06-04,2020-06-01,58,Permanent,https://esd.wa.gov/about-employees/WARN
Fairmont Olympic Hotel,FAIRMONT OLYMPIC HOTEL,Seattle,,WA,2020-06-04,2020-06-01,278,Temporary,https://esd.wa.gov/about-employees/WARN
Mitsubishi Aircraft Corporation,MITSUBISHI AIRCRAFT,"Moses Lake, Renton",,WA,2020-06-04,2020-06-01,240,Permanent,https://esd.wa.gov/about-employees/WARN
The Ritz Carlton Pentagon City,THE RITZ CARLTON PENTAGON CITY,Arlington VA,,VA,2020-06-03,,240,Layoff,https://www.vec.virginia.gov/warn-notices
Residence Inn Arlington Pentagon City,RESIDENCE INN ARLINGTON PENTAGON CITY,Arlington VA,,VA,2020-06-03,,75,Layoff,https://www.vec.virginia.gov/warn-notices
Residence Inn Arlington Capital View,RESIDENCE INN ARLINGTON CAPITAL VIEW,Arlington VA,,VA,2020-06-03,,60,Layoff,https://www.vec.virginia.gov/warn-notices
"Marriott International, Inc dba Seattle Redmond Marriott",MARRIOTT INTERNATIONAL DBA SEATTLE REDMOND MARRIOTT,Redmond,,WA,2020-06-03,2020-03-21,105,Temporary,https://esd.wa.gov/about-employees/WARN
"WHC Payroll Company, dba The Westin Seattle",WHC PAYROLL DBA THE WESTIN SEATTLE,Seattle,,WA,2020-06-03,2020-03-14,498,Temporary,https://esd.wa.gov/about-employees/WARN
"KS Tacoma Hotel, LLC dba Hotel Murano",KS TACOMA HOTEL DBA HOTEL MURANO,Tacoma,,WA,2020-06-03,2020-03-13,133,Temporary,https://esd.wa.gov/about-employees/WARN
Marriott Key Bridge,MARRIOTT KEY BRIDGE,Arlington VA,,VA,2020-06-02,,202,Layoff,https://www.vec.virginia.gov/warn-notices
Hyatt Regency-Crystal City,HYATT REGENCY-CRYSTAL CITY,Arlington VA,,VA,2020-06-02,,151,Layoff,https://www.vec.virginia.gov/warn-notices
Courtyard (by Marriott) - Arlington Crystal City/Reagan National Airport,COURTYARD (BY MARRIOTT) - ARLINGTON CRYSTAL CITY/REAGAN NATIONAL AIRPORT,Arlington VA,,VA,2020-06-02,,68,Layoff,https://www.vec.virginia.gov/warn-notices
SHG Hotel SPE LLC,SHG HOTEL SPE,Seattle,,WA,2020-06-02,2020-05-15,119,Permanent,https://esd.wa.gov/about-employees/WARN
Aviation Technical Services,AVIATION TECHNICAL,Everett,,WA,2020-06-02,2020-06-04,142,Permanent,https://esd.wa.gov/about-employees/WARN
Sound Inpatient Physicians Inc.,SOUND INPATIENT PHYSICIANS,Westlake,Tarrant,TX,2020-06-01,2020-06-01,33,,https://data.texas.gov/d/8w53-c4f6
Echo Locum Tenens Inc.,ECHO LOCUM TENENS,Westlake,Tarrant,TX,2020-06-01,2020-06-01,13,,https://data.texas.gov/d/8w53-c4f6
"GE Engine Services, L.P.",GE ENGINE L P,McAllen,Hidalgo,TX,2020-06-01,2020-06-12,257,,https://data.texas.gov/d/8w53-c4f6
Turner Industries-Corpus Christi,TURNER INDUSTRIES-CORPUS CHRISTI,Corpus Ch,Nueces,TX,2020-06-01,2020-06-25,40,,https://data.texas.gov/d/8w53-c4f6
St. Regis Houston,ST REGIS HOUSTON,Houston,Fort Bend,TX,2020-06-01,2020-03-21,180,,https://data.texas.gov/d/8w53-c4f6
Benson Hotel,BENSON HOTEL,Portland,,OR,2020-06-01,2020-06-01,81,Reduction,https://data.oregon.gov/d/ijbz-jpx8
International Vitamin Corportion,INTERNATIONAL VITAMIN CORPORTION,Irvington,,NJ,,2020-06-01,110,,https://www.nj.gov/labor/employer-services/warn/
Nordstrom,NORDSTROM,Freehold,,NJ,,2020-06-01,252,,https://www.nj.gov/labor/employer-services/warn/
NortonLifeLock Inc.,NORTONLIFELOCK,Herndon VA,,VA,2020-06-01,,6,Layoff,https://www.vec.virginia.gov/warn-notices
"Marriott Hotel Services, Inc., dba Seattle Marriott Bellevue",MARRIOTT HOTEL DBA SEATTLE MARRIOTT BELLEVUE,Bellevue,,WA,2020-06-01,2020-03-21,129,Temporary,https://esd.wa.gov/about-employees/WARN
WHC Payroll Co Sheraton Grand Seattle,WHC PAYROLL SHERATON GRAND SEATTLE,Seattle,,WA,2020-06-01,2020-03-21,503,Temporary,https://esd.wa.gov/about-employees/WARN
"Coast Wenatchee, LLC",COAST WENATCHEE,Wenatchee,,WA,2020-06-01,2020-06-01,58,Permanent,https://esd.wa.gov/about-employees/WARN
WHC Payroll Company / W Seattle,WHC PAYROLL / W SEATTLE,Seattle,,WA,2020-06-01,2020-03-21,203,Temporary,https://esd.wa.gov/about-employees/WARN
"Marriott International Inc., dba Seattle Marriott Waterfront",MARRIOTT INTERNATIONAL DBA SEATTLE MARRIOTT WATERFRONT,Seattle,,WA,2020-06-01,2020-03-21,166,Temporary,https://esd.wa.gov/about-employees/WARN
Jim's Formal Wear,JIM'S FORMAL WEAR,Seguin,Guadalupe,TX,2020-05-31,2020-03-20,44,,https://data.texas.gov/d/8w53-c4f6
Embassy Suites - Portland - Wash Sq,EMBASSY SUITES - PORTLAND - WASH SQ,Tigard,,OR,2020-05-31,2020-06-01,7,Temporary Layoff,https://data.oregon.gov/d/ijbz-jpx8
Embassy Suites - Portland - Wash Sq,EMBASSY SUITES - PORTLAND - WASH SQ,Tigard,,OR,2020-05-31,2020-03-29,81,Temporary Layoff,https://data.oregon.gov/d/ijbz-jpx8
Renaissance Hotel,RENAISSANCE HOTEL,Austin,Travis,TX,2020-05-29,2020-03-21,243,,https://data.texas.gov/d/8w53-c4f6
Collins Aerospace,COLLINS AEROSPACE,Houston,Harris,TX,2020-05-29,2020-07-31,144,,https://data.texas.gov/d/8w53-c4f6
Allied Aviation-Southlake,ALLIED AVIATION-SOUTHLAKE,Southlake,Tarrant,TX,2020-05-29,2020-04-20,50,,https://data.texas.gov/d/8w53-c4f6
85C Bakery-Katy,85C BAKERY-KATY,Katy,Harris,TX,2020-05-29,2020-06-12,1,,https://data.texas.gov/d/8w53-c4f6
Live by Loews,LIVE BY LOEWS,Arlington,Tarrant,TX,2020-05-29,2020-05-27,153,,https://data.texas.gov/d/8w53-c4f6
Holiday Inn Club Vacations-Pantego,HOLIDAY INN CLUB VACATIONS-PANTEGO,Pantego,Tarrant,TX,2020-05-29,2020-05-21,307,,https://data.texas.gov/d/8w53-c4f6
85 C Bakery Café,85 C BAKERY CAFÉ,Friendswood,Harris,TX,2020-05-29,2020-06-12,9,,https://data.texas.gov/d/8w53-c4f6
"Bed, Bath & Beyond",BED BATH BEYOND,Union,,NJ,,2020-05-29,58,,https://www.nj.gov/labor/employer-services/warn/
Le Meridien Arlington,LE MERIDIEN ARLINGTON,Arlington VA,,VA,2020-05-29,,44,Layoff,https://www.vec.virginia.gov/warn-notices
Happy Guests International d/b/a Salty's,HAPPY GUESTS INTERNATIONAL D/B/A SALTY'S,"Seattle, Des Moines",,WA,2020-05-29,2020-03-15,282,Temporary,https://esd.wa.gov/about-employees/WARN
Hyatt Corporation / Thompson Seattle,HYATT / THOMPSON SEATTLE,Seattle,,WA,2020-05-29,2020-06-01,49,Temporary,https://esd.wa.gov/about-employees/WARN
Hyatt Corporation / Thompson Seattle,HYATT / THOMPSON SEATTLE,Seattle,,WA,2020-05-29,2020-06-01,50,Permanent,https://esd.wa.gov/about-employees/WARN
"Loews Seattle Operating Company, LLC",LOEWS SEATTLE OPERATING,Seattle,,WA,2020-05-29,2020-05-27,12,Permanent,https://esd.wa.gov/about-employees/WARN
"Loews Seattle Operating Company, LLC",LOEWS SEATTLE OPERATING,Seattle,,WA,2020-05-29,2020-05-27,55,Temporary,https://esd.wa.gov/about-employees/WARN
Benchmark Electronics,BENCHMARK ELECTRONICS,Angleton,Brazoria,TX,2020-05-28,2021-01-01,190,,https://data.texas.gov/d/8w53-c4f6
Your Chiropractor Inc.,YOUR CHIROPRACTOR,Margate,,NJ,,2020-05-28,1,,https://www.nj.gov/labor/employer-services/warn/
Saint-Gobain,SAINT-GOBAIN,Puyallup,,WA,2020-05-28,2020-06-30,96,Permanent,https://esd.wa.gov/about-employees/WARN
ECFMG-Clinical Skills Exam,ECFMG-CLINICAL SKILLS EXAM,Houston,Harris,TX,2020-05-27,2020-06-12,103,,https://data.texas.gov/d/8w53-c4f6
The Westin - Reston Heights,THE WESTIN - RESTON HEIGHTS,Reston VA,,VA,2020-05-27,,32,Layoff,https://www.vec.virginia.gov/warn-notices
Service Labs Inc. dba Pro.com,SERVICE LABS DBA PRO COM,Seattle,,WA,2020-05-27,2020-05-22,52,Permanent,https://esd.wa.gov/about-employees/WARN
Holland America Line NV,HOLLAND AMERICA LINE NV,Seattle,,WA,2020-05-27,2020-06-02,583,Permanent,https://esd.wa.gov/about-employees/WARN
Princess Cruise Lines Ltd,PRINCESS CRUISE LINES,Seattle,,WA,2020-05-27,2020-06-02,122,Permanent,https://esd.wa.gov/about-employees/WARN
Hyatt Corporation / Hyatt Regency Seattle,HYATT / HYATT REGENCY SEATTLE,Seattle,,WA,2020-05-27,2020-05-31,135,Permanent,https://esd.wa.gov/about-employees/WARN
Hyatt Corporation / Hyatt Regency Seattle,HYATT / HYATT REGENCY SEATTLE,Seattle,,WA,2020-05-27,2020-05-31,276,Temporary,https://esd.wa.gov/about-employees/WARN
Hyatt Corporation / Grand Hyatt Seattle,HYATT / GRAND HYATT SEATTLE,Seattle,,WA,2020-05-27,2020-05-30,152,Temporary,https://esd.wa.gov/about-employees/WARN
Hyatt Corporation / Grand Hyatt Seattle,HYATT / GRAND HYATT SEATTLE,Seattle,,WA,2020-05-27,2020-05-30,58,Permanent,https://esd.wa.gov/about-employees/WARN
Hyatt Corporation / Hyatt at Olive 8,HYATT / HYATT AT OLIVE 8,Seattle,,WA,2020-05-27,2020-05-29,123,Temporary,https://esd.wa.gov/about-employees/WARN
Hyatt Corporation / Hyatt at Olive 8,HYATT / HYATT AT OLIVE 8,Seattle,,WA,2020-05-27,2020-05-29,29,Permanent,https://esd.wa.gov/about-employees/WARN
First Texas Hospital Cy-Fair,FIRST TEXAS HOSPITAL CY-FAIR,Houston,Harris,TX,2020-05-26,2020-07-26,62,,https://data.texas.gov/d/8w53-c4f6
Omega Engineering,OMEGA ENGINEERING,Swedesboro,,NJ,,2020-05-26,263,,https://www.nj.gov/labor/employer-services/warn/
Sheraton Pentagon City,SHERATON PENTAGON CITY,Arlington VA,,VA,2020-05-26,,100,Layoff,https://www.vec.virginia.gov/warn-notices
Hyatt Regency Reston,HYATT REGENCY RESTON,Reston VA,,VA,2020-05-26,,88,Layoff,https://www.vec.virginia.gov/warn-notices
The Virginian~Pilot Media Companies LLC,THE VIRGINIAN~PILOT MEDIA COMPANIES,Virginia Beach VA,,VA,2020-05-26,,131,Closure,https://www.vec.virginia.gov/warn-notices
Embassy Suites Tysons Corner (Merritt Hospitality LLC),EMBASSY SUITES TYSONS CORNER (MERRITT HOSPITALITY ),Vienna VA,,VA,2020-05-25,,42,Layoff,https://www.vec.virginia.gov/warn-notices
Sheraton Austin,SHERATON AUSTIN,Austin,Travis,TX,2020-05-22,2020-05-21,99,,https://data.texas.gov/d/8w53-c4f6
ProPetro-Coil Tubing Operations,PROPETRO-COIL TUBING OPERATIONS,Midland,Midland,TX,2020-05-22,2020-05-27,32,,https://data.texas.gov/d/8w53-c4f6
"Laz Parking Texas, LLC",LAZ PARKING TEXAS,Dallas,Dallas,TX,2020-05-22,2020-03-08,310,,https://data.texas.gov/d/8w53-c4f6
The Moran at City Center,THE MORAN AT CITY CENTER,Houston,Harris,TX,2020-05-22,2020-05-22,47,,https://data.texas.gov/d/8w53-c4f6
Hilton Alexandria Mark Center,HILTON ALEXANDRIA MARK CENTER,Alexandria VA,,VA,2020-05-22,,177,Layoff,https://www.vec.virginia.gov/warn-notices
"Texas Steel Conversion, Inc.",TEXAS STEEL CONVERSION,Houston,Harris,TX,2020-05-21,2020-06-15,491,,https://data.texas.gov/d/8w53-c4f6
Marriott City Place-Spicewood Village,MARRIOTT CITY PLACE-SPICEWOOD VILLAGE,Spring,Harris,TX,2020-05-21,2020-03-27,33,,https://data.texas.gov/d/8w53-c4f6
Hertz Corporation,HERTZ,Newark,,NJ,,2020-05-20,66,,https://www.nj.gov/labor/employer-services/warn/
"Gate Gourmet, Inc",GATE GOURMET,Seattle,,WA,2020-05-20,2020-05-20,207,Permanent,https://esd.wa.gov/about-employees/WARN
Interfor - Gilchrist Division,INTERFOR - GILCHRIST DIVISION,Gilchrist,,OR,2020-05-19,2020-06-01,131,Temporary Layoff,https://data.oregon.gov/d/ijbz-jpx8
YMCA of Greater Seattle,YMCA OF GREATER SEATTLE,Seattle,,WA,2020-05-19,2020-05-09,122,Temporary,https://esd.wa.gov/about-employees/WARN
Renaissance Seattle Hotel,RENAISSANCE SEATTLE HOTEL,Seattle,,WA,2020-05-19,2020-06-01,190,Permanent,https://esd.wa.gov/about-employees/WARN
XPO Logistics-Jacomson Warehouse,XPO LOGISTICS-JACOMSON WAREHOUSE,Dallas,Dallas,TX,2020-05-18,2020-07-17,243,,https://data.texas.gov/d/8w53-c4f6
Heritage Bag,HERITAGE BAG,Logan Township,,NJ,,2020-05-18,0,,https://www.nj.gov/labor/employer-services/warn/
Gate Gourmet Inc.,GATE GOURMET,Dulles VA,,VA,2020-05-18,,330,Layoff,https://www.vec.virginia.gov/warn-notices
B. F. Saul Company Hospitality Group (Holiday Inn National Airport),B F SAUL HOSPITALITY GROUP (HOLIDAY INN NATIONAL AIRPORT),Arlington VA,,VA,2020-05-18,,52,Layoff,https://www.vec.virginia.gov/warn-notices
B. F. Saul Company Hospitality Group (Holiday Inn Dulles),B F SAUL HOSPITALITY GROUP (HOLIDAY INN DULLES),Sterling VA,,VA,2020-05-18,,52,Layoff,https://www.vec.virginia.gov/warn-notices
B. F. Saul Company Hospitality Group (Doubletree Tysons),B F SAUL HOSPITALITY GROUP (DOUBLETREE TYSONS),McLean VA,,VA,2020-05-18,,57,Layoff,https://www.vec.virginia.gov/warn-notices
B. F. Saul Company Hospitality Group (Crowne Plaza National Airport),B F SAUL HOSPITALITY GROUP (CROWNE PLAZA NATIONAL AIRPORT),Arlington VA,,VA,2020-05-18,,50,Layoff,https://www.vec.virginia.gov/warn-notices
Amentum,AMENTUM,Chantilly VA,,VA,2020-05-18,,40,Layoff,https://www.vec.virginia.gov/warn-notices
Salamander Resort & Spa,SALAMANDER RESORT SPA,Middleburg VA,,VA,2020-05-15,,225,Layoff,https://www.vec.virginia.gov/warn-notices
Cerner Corporation,CERNER,Reston VA,,VA,2020-05-15,,1,Layoff,https://www.vec.virginia.gov/warn-notices
"WeDriveU, Inc",WEDRIVEU,Renton and Mukilteo,,WA,2020-05-15,2020-05-15,73,Permanent,https://esd.wa.gov/about-employees/WARN
Saalex Solutions Inc,SAALEX,Keyport,,WA,2020-05-15,2020-07-31,51,Permanent,https://esd.wa.gov/about-employees/WARN
Cactus Wellhead,CACTUS WELLHEAD,Odessa,Ector,TX,2020-05-14,2020-05-14,14,,https://data.texas.gov/d/8w53-c4f6
Allied Aviation-Houston,ALLIED AVIATION-HOUSTON,Houston,Harris,TX,2020-05-14,2020-04-20,77,,https://data.texas.gov/d/8w53-c4f6
St Edwards University,ST EDWARDS UNIVERSITY,Austin,Travis,TX,2020-05-14,2020-05-31,95,,https://data.texas.gov/d/8w53-c4f6
Happy Guests Intl. - Salty's,HAPPY GUESTS INTL - SALTY'S,Portland,,OR,2020-05-14,,0,Temporary Layoff,https://data.oregon.gov/d/ijbz-jpx8
"Flying Food Group, LLC",FLYING FOOD GROUP,Seattle,,WA,2020-05-14,2020-04-17,153,Permanent,https://esd.wa.gov/about-employees/WARN
Atrium Hospitality - Portland Embassy S,ATRIUM HOSPITALITY - PORTLAND EMBASSY S,Portland,,OR,2020-05-13,2020-03-12,105,Other,https://data.oregon.gov/d/ijbz-jpx8
Electro Rent Corporation,ELECTRO RENT,West Hills,,NJ,,2020-05-13,1,,https://www.nj.gov/labor/employer-services/warn/
Hilton Arlington & Towers Hotel,HILTON ARLINGTON TOWERS HOTEL,Arlington VA,,VA,2020-05-13,,98,Layoff,https://www.vec.virginia.gov/warn-notices
Electro Rent Corporation,ELECTRO RENT,Redmond,,WA,2020-05-13,2020-05-13,1,Temporary,https://esd.wa.gov/about-employees/WARN
Hydraulic Fracturing Facility,HYDRAULIC FRACTURING FACILITY,Midland,Midland,TX,2020-05-12,2020-05-12,392,,https://data.texas.gov/d/8w53-c4f6
James Avery -Fredericksburg,JAMES AVERY -FREDERICKSBURG,Fredericksburg,Gillespie,TX,2020-05-12,2020-07-12,82,,https://data.texas.gov/d/8w53-c4f6
Atrium Hospitality Embassy Suites Hampton,ATRIUM HOSPITALITY EMBASSY SUITES HAMPTON,Hampton VA,,VA,2020-05-12,,130,Layoff,https://www.vec.virginia.gov/warn-notices
Nordstrom,NORDSTROM,Richmond VA,,VA,2020-05-12,,189,Closure,https://www.vec.virginia.gov/warn-notices
"UTLX Manufacturing, Inc.",UTLX MANUFACTURING,Houston,Harris,TX,2020-05-11,2020-07-10,278,,https://data.texas.gov/d/8w53-c4f6
Nordstrom - Clackamas Town Center,NORDSTROM - CLACKAMAS TOWN CENTER,Happy Valley,,OR,2020-05-11,2020-06-01,189,Permanent closure,https://data.oregon.gov/d/ijbz-jpx8
Cox Automotive,COX AUTOMOTIVE,Kent,,WA,2020-05-11,2020-05-17,123,Temporary,https://esd.wa.gov/about-employees/WARN
"Crest Logistics, LLC",CREST LOGISTICS,"Burbank, WA",,WA,2020-05-11,2020-05-11,68,Permanent,https://esd.wa.gov/about-employees/WARN
Manufacturers & Trust Company (dba) M&T Bank,MANUFACTURERS TRUST (DBA) M T BANK,Buffalo,,NJ,,2020-05-08,149,,https://www.nj.gov/labor/employer-services/warn/
Cox Automotive,COX AUTOMOTIVE,Harrisonburg VA,,VA,2020-05-08,,55,Layoff,https://www.vec.virginia.gov/warn-notices
Cox Automotive,COX AUTOMOTIVE,Fredericksburg VA,,VA,2020-05-08,,149,Layoff,https://www.vec.virginia.gov/warn-notices
Lee Johnson Auto Family,LEE JOHNSON AUTO FAMILY,"Everett, Kirkland, and Monroe",,WA,2020-05-08,2020-03-30,169,Temporary,https://esd.wa.gov/about-employees/WARN
Saulsbury Industries-Odessa,SAULSBURY INDUSTRIES-ODESSA,Odessa,Ector,TX,2020-05-07,2020-05-22,3,,https://data.texas.gov/d/8w53-c4f6
"Saulsbury Industries, Inc.",SAULSBURY INDUSTRIES,Odessa,Ector,TX,2020-05-07,2012-05-11,12,,https://data.texas.gov/d/8w53-c4f6
Saulsbury Industries-Henderson,SAULSBURY INDUSTRIES-HENDERSON,Henderson,Rusk,TX,2020-05-07,2020-05-21,58,,https://data.texas.gov/d/8w53-c4f6
"Visionworks, Inc",VISIONWORKS,"Spokane, Vancouver, and Renton",,WA,2020-05-07,2020-04-04,28,Temporary,https://esd.wa.gov/about-employees/WARN
Southwestern & Pacific #6972,SOUTHWESTERN PACIFIC #6972,Spring,Harris,TX,2020-05-05,2020-04-21,1,,https://data.texas.gov/d/8w53-c4f6
DeRossi & Son Co.,DEROSSI SON,Vineland,,NJ,,2020-05-05,175,,https://www.nj.gov/labor/employer-services/warn/
Medical Faculty Associates,MEDICAL FACULTY ASSOCIATES,"Arlington, Alexandria & Reston VA",,VA,2020-05-05,,117,Closure,https://www.vec.virginia.gov/warn-notices
"HDI Landing Gear USA, Inc",HDI LANDING GEAR,Everett,,WA,2020-05-05,2020-05-05,3,Permanent,https://esd.wa.gov/about-employees/WARN
Haliburton Energy Services-N. Sam Houston,HALIBURTON ENERGY -N SAM HOUSTON,Houston,Harris,TX,2020-05-04,2020-05-04,984,,https://data.texas.gov/d/8w53-c4f6
Outback #4424,OUTBACK #4424,Beaumont,Jefferson,TX,2020-05-04,2020-03-15,65,,https://data.texas.gov/d/8w53-c4f6
Covia-Crane,COVIA-CRANE,Crane,Crane,TX,2020-05-04,2020-05-04,23,,https://data.texas.gov/d/8w53-c4f6
Covia Corp-Kermit,COVIA -KERMIT,Kermit,Winkler,TX,2020-05-04,2020-05-04,83,,https://data.texas.gov/d/8w53-c4f6
Bright Wood - Redmond,BRIGHT WOOD - REDMOND,Redmond,,OR,2020-05-04,2020-03-23,12,Large Layoff - 10 or more workers,https://data.oregon.gov/d/ijbz-jpx8
Bright Wood,BRIGHT WOOD,Madras,,OR,2020-05-04,2020-03-23,199,Large Layoff - 10 or more workers,https://data.oregon.gov/d/ijbz-jpx8
Shutterfly Inc.,SHUTTERFLY,Chesapeake VA,,VA,2020-05-04,,308,Closure,https://www.vec.virginia.gov/warn-notices
Cenveo Corporation,CENVEO,Richmond VA,,VA,2020-05-04,,184,Closure,https://www.vec.virginia.gov/warn-notices
"Crescent Hotels & Resorts, LLC",CRESCENT HOTELS RESORTS,Bellevue,,WA,2020-05-04,2020-03-11,42,Temporary,https://esd.wa.gov/about-employees/WARN
Barcelona Wine Bar,BARCELONA WINE BAR,Reston VA,,VA,2020-05-02,,66,Layoff,https://www.vec.virginia.gov/warn-notices
Cactus Wellhead,CACTUS WELLHEAD,Odessa,Ector,TX,2020-05-01,2020-05-01,32,,https://data.texas.gov/d/8w53-c4f6
US Steel Tubular Products - Hughes Springs,STEEL TUBULAR PRODUCTS - HUGHES SPRINGS,Hughes Springs,Cass,TX,2020-05-01,2020-05-10,55,,https://data.texas.gov/d/8w53-c4f6
DAKINE,DAKINE,Hood River,,OR,2020-05-01,2020-05-15,39,Permanent closure,https://data.oregon.gov/d/ijbz-jpx8
Marriott Fairfax at Fair Oak,MARRIOTT FAIRFAX AT FAIR OAK,Fairfax VA,,VA,2020-05-01,,81,Layoff,https://www.vec.virginia.gov/warn-notices
"Cosmo Specialty Fibers, Inc",COSMO SPECIALTY FIBERS,Cosmopolis,,WA,2020-05-01,2020-05-01,132,Temporary,https://esd.wa.gov/about-employees/WARN
Havertys Furniture-Coppell,HAVERTYS FURNITURE-COPPELL,Coppell,Dallas,TX,2020-04-30,2020-04-30,57,,https://data.texas.gov/d/8w53-c4f6
Carpenter Tech-Amega West,CARPENTER TECH-AMEGA WEST,Houston,Harris,TX,2020-04-30,2020-06-29,79,,https://data.texas.gov/d/8w53-c4f6
Meggitt - Oregon Inc,MEGGITT - OREGON,Mcminnville,,OR,2020-04-30,2020-05-18,118,Large Layoff - 10 or more workers,https://data.oregon.gov/d/ijbz-jpx8
Horizon America Supply Chain Solutions Inc.,HORIZON AMERICA SUPPLY CHAIN,Hamilton Township,,NJ,,2020-04-30,108,,https://www.nj.gov/labor/employer-services/warn/
Keurig Dr Pepper Inc.,KEURIG DR PEPPER,Plano,,NJ,,2020-04-30,73,,https://www.nj.gov/labor/employer-services/warn/
Unilin North America LLC (Mohawk Flooring),UNILIN NORTH AMERICA (MOHAWK FLOORING),Danville VA,,VA,2020-04-30,,135,Closure,https://www.vec.virginia.gov/warn-notices
Holiday Inn Alexandria Old Town,HOLIDAY INN ALEXANDRIA OLD TOWN,Alexandria VA,,VA,2020-04-30,,5,Layoff,https://www.vec.virginia.gov/warn-notices
Halliburton,HALLIBURTON,Kilgore,Gregg,TX,2020-04-29,2020-04-29,233,,https://data.texas.gov/d/8w53-c4f6
Regal Cinema-Richmond,REGAL CINEMA-RICHMOND,Richmond,Fort Bend,TX,2020-04-29,2020-03-17,91,,https://data.texas.gov/d/8w53-c4f6
TechnipFMC CO. - Odessa,TECHNIPFMC - ODESSA,Odessa,Ector,TX,2020-04-29,2020-04-15,140,,https://data.texas.gov/d/8w53-c4f6
Regal Cinema-Tomball,REGAL CINEMA-TOMBALL,Tomball,Harris,TX,2020-04-29,2020-03-17,88,,https://data.texas.gov/d/8w53-c4f6
Regal Cinema-Katy Frwy,REGAL CINEMA-KATY FRWY,Houston,Harris,TX,2020-04-29,2020-03-17,86,,https://data.texas.gov/d/8w53-c4f6
Regal Cinema-Houston,REGAL CINEMA-HOUSTON,Houston,Harris,TX,2020-04-29,2020-03-17,82,,https://data.texas.gov/d/8w53-c4f6
Multnomah Street Property,MULTNOMAH STREET PROPERTY,Portland,,OR,2020-04-29,2020-03-26,20,Permanent closure,https://data.oregon.gov/d/ijbz-jpx8
IVI Hotel Management of Oregon - Innven,IVI HOTEL MANAGEMENT OF OREGON - INNVEN,Tukwila,,OR,2020-04-29,2020-03-20,350,Reduction,https://data.oregon.gov/d/ijbz-jpx8
IVI Hotel Management of Oregon - Innven,IVI HOTEL MANAGEMENT OF OREGON - INNVEN,Tukwila,,OR,2020-04-29,2020-03-20,18,Other,https://data.oregon.gov/d/ijbz-jpx8
Regal - Tigard,REGAL - TIGARD,Tigard,,OR,2020-04-29,2020-03-17,68,Other,https://data.oregon.gov/d/ijbz-jpx8
Regal Cinemas,REGAL CINEMAS,Springfield VA,,VA,2020-04-29,,67,Layoff,https://www.vec.virginia.gov/warn-notices
Regal Cinemas,REGAL CINEMAS,Mountlake Terrace,,WA,2020-04-29,2020-03-16,84,Temporary,https://esd.wa.gov/about-employees/WARN
Karcher North America,KARCHER NORTH AMERICA,Camas,,WA,2020-04-29,2020-05-29,95,Permanent,https://esd.wa.gov/about-employees/WARN
IVI Hotel Management of Washington,IVI HOTEL MANAGEMENT OF WASHINGTON,Various locations in Washington,,WA,2020-04-29,2020-03-20,337,Permanent,https://esd.wa.gov/about-employees/WARN
IVI Hotel Management of Washington,IVI HOTEL MANAGEMENT OF WASHINGTON,Various locations in Washington,,WA,2020-04-29,2020-03-20,20,Temporary,https://esd.wa.gov/about-employees/WARN
Alcoa Intalco Works,ALCOA INTALCO WORKS,Ferndale,,WA,2020-04-29,2020-06-21,700,Permanent,https://esd.wa.gov/about-employees/WARN
Halliburton-Interwood,HALLIBURTON-INTERWOOD,Houston,Harris,TX,2020-04-28,2020-04-28,9,,https://data.texas.gov/d/8w53-c4f6
Southwestern & Pacific #2969,SOUTHWESTERN PACIFIC #2969,Livingston,Polk,TX,2020-04-28,2020-04-21,1,,https://data.texas.gov/d/8w53-c4f6
Southwestern & Pacific #6772,SOUTHWESTERN PACIFIC #6772,Harlingen,Cameron,TX,2020-04-28,2020-04-21,1,,https://data.texas.gov/d/8w53-c4f6
Easy Gardener Products Inc.,EASY GARDENER PRODUCTS,Waco,McLennan,TX,2020-04-28,2020-06-30,50,,https://data.texas.gov/d/8w53-c4f6
SW & Pacific # 6741,SW PACIFIC # 6741,San Antonio,Bexar,TX,2020-04-28,2020-04-21,1,,https://data.texas.gov/d/8w53-c4f6
"Jet Specialty, Inc.",JET SPECIALTY,Corpus Ch,Nueces,TX,2020-04-28,2020-07-02,75,,https://data.texas.gov/d/8w53-c4f6
Haliburton Energy-Interwood Pkwy,HALIBURTON ENERGY-INTERWOOD PKWY,Houston,Harris,TX,2020-04-28,2020-04-28,9,,https://data.texas.gov/d/8w53-c4f6
Hailburton Energy-Heathrow Forest,HAILBURTON ENERGY-HEATHROW FOREST,Houston,Harris,TX,2020-04-28,2020-04-28,8,,https://data.texas.gov/d/8w53-c4f6
"IPC Industries, LP",IPC INDUSTRIES,Santa Fe,Galveston,TX,2020-04-28,2020-03-19,109,,https://data.texas.gov/d/8w53-c4f6
Southwestern & Pacific #6925,SOUTHWESTERN PACIFIC #6925,Hillsboro,Hill,TX,2020-04-28,2020-04-21,1,,https://data.texas.gov/d/8w53-c4f6
Enterprise Holdings-Airport,ENTERPRISE HOLDINGS-AIRPORT,San Antonio,Bexar,TX,2020-04-28,2020-04-30,135,,https://data.texas.gov/d/8w53-c4f6
Enterprise Holdings-Eastern St,ENTERPRISE HOLDINGS-EASTERN ST,San Antonio,Bexar,TX,2020-04-28,2020-04-30,146,,https://data.texas.gov/d/8w53-c4f6
"Enterprise Holdings, LLC",ENTERPRISE HOLDINGS,San Antonio,Bexar,TX,2020-04-28,2020-04-30,30,,https://data.texas.gov/d/8w53-c4f6
Outback Steakhouse #4470,OUTBACK STEAKHOUSE #4470,El Paso,El Paso,TX,2020-04-28,2020-04-27,59,,https://data.texas.gov/d/8w53-c4f6
Southwestern & Pacific #3014,SOUTHWESTERN PACIFIC #3014,Houston,Fort Bend,TX,2020-04-28,2020-04-21,1,,https://data.texas.gov/d/8w53-c4f6
Southwestern & Pacific #6749,SOUTHWESTERN PACIFIC #6749,San Antonio,Bexar,TX,2020-04-28,2020-04-21,1,,https://data.texas.gov/d/8w53-c4f6
Southwestern & Pacific #6812,SOUTHWESTERN PACIFIC #6812,Houston,Fort Bend,TX,2020-04-28,2020-04-21,1,,https://data.texas.gov/d/8w53-c4f6
Southwestern & Pacific #6800,SOUTHWESTERN PACIFIC #6800,Humble,Harris,TX,2020-04-28,2020-04-21,1,,https://data.texas.gov/d/8w53-c4f6
Southwestern & Pacific #6787,SOUTHWESTERN PACIFIC #6787,Pasadena,Harris,TX,2020-04-28,2020-04-21,1,,https://data.texas.gov/d/8w53-c4f6
Southwestern & Pacific #6786,SOUTHWESTERN PACIFIC #6786,Houston,Fort Bend,TX,2020-04-28,2020-04-21,1,,https://data.texas.gov/d/8w53-c4f6
Southwestern & Pacific #6851,SOUTHWESTERN PACIFIC #6851,Victoria,Victoria,TX,2020-04-28,2020-04-21,1,,https://data.texas.gov/d/8w53-c4f6
Southwestern & Pacific #6915,SOUTHWESTERN PACIFIC #6915,Marshall,Harrison,TX,2020-04-28,2020-04-21,1,,https://data.texas.gov/d/8w53-c4f6
Southwestern & Pacific #6884,SOUTHWESTERN PACIFIC #6884,Gun Barrel City,Henderson,TX,2020-04-28,2020-04-21,1,,https://data.texas.gov/d/8w53-c4f6
Southwestern & Pacific #6757,SOUTHWESTERN PACIFIC #6757,Athens,Henderson,TX,2020-04-28,2020-04-21,1,,https://data.texas.gov/d/8w53-c4f6
Southwestern & Pacific #6969,SOUTHWESTERN PACIFIC #6969,Longview,Gregg,TX,2020-04-28,2020-04-21,1,,https://data.texas.gov/d/8w53-c4f6
Southwestern & Pacific #6886,SOUTHWESTERN PACIFIC #6886,Dallas,Dallas,TX,2020-04-28,2020-04-21,1,,https://data.texas.gov/d/8w53-c4f6
Southwestern & Pacific   #6825,SOUTHWESTERN PACIFIC #6825,Huntsville,Walker,TX,2020-04-28,2020-04-21,1,,https://data.texas.gov/d/8w53-c4f6
Southwestern & Pacific #6979,SOUTHWESTERN PACIFIC #6979,Lake Jackson,Brazoria,TX,2020-04-28,2020-04-21,1,,https://data.texas.gov/d/8w53-c4f6
Southwestern & Pacific #6836,SOUTHWESTERN PACIFIC #6836,San Benito,Cameron,TX,2020-04-28,2020-04-21,1,,https://data.texas.gov/d/8w53-c4f6
Southwestern & Pacific #6883,SOUTHWESTERN PACIFIC #6883,Kerrville,Kerr,TX,2020-04-28,2020-04-21,1,,https://data.texas.gov/d/8w53-c4f6
Southwestern & Pacific #6829,SOUTHWESTERN PACIFIC #6829,Garland,Dallas,TX,2020-04-28,2020-04-21,1,,https://data.texas.gov/d/8w53-c4f6
Southwestern & Pacific #6839,SOUTHWESTERN PACIFIC #6839,New Braunfels,Comal,TX,2020-04-28,2020-04-21,1,,https://data.texas.gov/d/8w53-c4f6
Southwestern & Pacific #6810,SOUTHWESTERN PACIFIC #6810,Brownsville,Cameron,TX,2020-04-28,2020-04-21,1,,https://data.texas.gov/d/8w53-c4f6
Southwestern & Pacific #2995,SOUTHWESTERN PACIFIC #2995,Brownsville,Cameron,TX,2020-04-28,2020-04-21,1,,https://data.texas.gov/d/8w53-c4f6
Southwestern & Pacific #6926,SOUTHWESTERN PACIFIC #6926,Bryan,Brazos,TX,2020-04-28,2020-04-21,1,,https://data.texas.gov/d/8w53-c4f6
Southwestern & Pacific #6815,SOUTHWESTERN PACIFIC #6815,Lancaster,Dallas,TX,2020-04-28,2020-04-21,1,,https://data.texas.gov/d/8w53-c4f6
Southwestern & Pacific #6761,SOUTHWESTERN PACIFIC #6761,Corpus Christi,Nueces,TX,2020-04-28,2020-04-21,1,,https://data.texas.gov/d/8w53-c4f6
Southwestern & Pacific #6818,SOUTHWESTERN PACIFIC #6818,Alice,Jim Wells,TX,2020-04-28,2020-04-21,1,,https://data.texas.gov/d/8w53-c4f6
Southwestern & Pacific #6765,SOUTHWESTERN PACIFIC #6765,Grand Prairie,Dallas,TX,2020-04-28,2020-04-21,1,,https://data.texas.gov/d/8w53-c4f6
Southwestern & Pacific #6745,SOUTHWESTERN PACIFIC #6745,Mexia,Limestone,TX,2020-04-28,2020-04-21,1,,https://data.texas.gov/d/8w53-c4f6
Southwestern & Pacific #6981,SOUTHWESTERN PACIFIC #6981,San Angelo,Tom Green,TX,2020-04-28,2020-04-21,1,,https://data.texas.gov/d/8w53-c4f6
Portland Art Museum,PORTLAND ART MUSEUM,Portland,,OR,2020-04-28,2020-07-01,96,Reduction,https://data.oregon.gov/d/ijbz-jpx8
The Hertz Corporation,THE HERTZ,Seattle,,WA,2020-04-28,2020-04-14,111,Permanent,https://esd.wa.gov/about-employees/WARN
Carrabba's #9416,CARRABBA'S #9416,Houston,Fort Bend,TX,2020-04-27,2020-03-15,76,,https://data.texas.gov/d/8w53-c4f6
Carrabba's #9415,CARRABBA'S #9415,Houston,Fort Bend,TX,2020-04-27,2020-03-15,66,,https://data.texas.gov/d/8w53-c4f6
Carrabba's #4407,CARRABBA'S #4407,Webster,Harris,TX,2020-04-27,2020-03-15,75,,https://data.texas.gov/d/8w53-c4f6
Carrabba's #4406,CARRABBA'S #4406,The Woodlands,Montgomery,TX,2020-04-27,2020-03-15,74,,https://data.texas.gov/d/8w53-c4f6
Outback #4420,OUTBACK #4420,Stafford,Fort Bend,TX,2020-04-27,2020-03-15,70,,https://data.texas.gov/d/8w53-c4f6
Carrabba's #4401,CARRABBA'S #4401,Houston,Fort Bend,TX,2020-04-27,2020-03-15,63,,https://data.texas.gov/d/8w53-c4f6
Outback #4460,OUTBACK #4460,Tyler,Smith,TX,2020-04-27,2020-03-15,74,,https://data.texas.gov/d/8w53-c4f6
Outback #4434,OUTBACK #4434,Shenandoah,Montgomery,TX,2020-04-27,2020-03-15,56,,https://data.texas.gov/d/8w53-c4f6
Carrabba's #4404,CARRABBA'S #4404,Sugar Land,Fort Bend,TX,2020-04-27,2020-03-15,69,,https://data.texas.gov/d/8w53-c4f6
Carrabba's #4402,CARRABBA'S #4402,Houston,Fort Bend,TX,2020-04-27,2020-03-15,62,,https://data.texas.gov/d/8w53-c4f6
Carrabba's #9421,CARRABBA'S #9421,Katy,Fort Bend,TX,2020-04-27,2020-03-15,86,,https://data.texas.gov/d/8w53-c4f6
Fleming's #5403,FLEMING'S #5403,Houston,Fort Bend,TX,2020-04-27,,42,,https://data.texas.gov/d/8w53-c4f6
Fleming's #5404,FLEMING'S #5404,The Woodlands,Montgomery,TX,2020-04-27,2020-03-15,49,,https://data.texas.gov/d/8w53-c4f6
Outback #4413,OUTBACK #4413,Houston,Fort Bend,TX,2020-04-27,2020-03-15,77,,https://data.texas.gov/d/8w53-c4f6
Outback #4430,OUTBACK #4430,Baytown,Harris,TX,2020-04-27,2020-03-15,62,,https://data.texas.gov/d/8w53-c4f6
Outback #4435,OUTBACK #4435,Houston,Fort Bend,TX,2020-04-27,2020-03-15,70,,https://data.texas.gov/d/8w53-c4f6
Outback #4410,OUTBACK #4410,Humble,Harris,TX,2020-04-27,2020-03-15,61,,https://data.texas.gov/d/8w53-c4f6
Outback #4412,OUTBACK #4412,Webster,Harris,TX,2020-04-27,2020-03-15,64,,https://data.texas.gov/d/8w53-c4f6
Outback #4467,OUTBACK #4467,Longview,Gregg,TX,2020-04-27,2020-03-15,67,,https://data.texas.gov/d/8w53-c4f6
Outback #4418,OUTBACK #4418,College Station,Brazos,TX,2020-04-27,2020-03-15,61,,https://data.texas.gov/d/8w53-c4f6
Outback #4414,OUTBACK #4414,Conroe,Montgomery,TX,2020-04-27,2020-03-15,57,,https://data.texas.gov/d/8w53-c4f6
Fleming's #5407,FLEMING'S #5407,Houston,Fort Bend,TX,2020-04-27,2020-03-15,53,,https://data.texas.gov/d/8w53-c4f6
Outback #4469,OUTBACK #4469,Killeen,Bell,TX,2020-04-27,2020-03-15,73,,https://data.texas.gov/d/8w53-c4f6
Cardone Industries-Robstown,CARDONE INDUSTRIES-ROBSTOWN,Brownsville,Cameron,TX,2020-04-27,2020-04-27,183,,https://data.texas.gov/d/8w53-c4f6
Cameron International-Corpus Christi,CAMERON INTERNATIONAL-CORPUS CHRISTI,Corpus Ch,Nueces,TX,2020-04-27,2020-04-22,6,,https://data.texas.gov/d/8w53-c4f6
Cameron International-Kennedy,CAMERON INTERNATIONAL-KENNEDY,Kenney,Austin,TX,2020-04-27,2020-05-22,45,,https://data.texas.gov/d/8w53-c4f6
Outback #4416,OUTBACK #4416,Katy,Fort Bend,TX,2020-04-27,2020-03-15,79,,https://data.texas.gov/d/8w53-c4f6
Carrabba's #4405,CARRABBA'S #4405,San Antonio,Bexar,TX,2020-04-27,2020-03-15,79,,https://data.texas.gov/d/8w53-c4f6
Outback #4423,OUTBACK #4423,San Antonio,Bexar,TX,2020-04-27,2020-03-15,61,,https://data.texas.gov/d/8w53-c4f6
Outback #4426,OUTBACK #4426,San Antonio,Bexar,TX,2020-04-27,2020-03-15,65,,https://data.texas.gov/d/8w53-c4f6
Outback #4442,OUTBACK #4442,Selma,Bexar,TX,2020-04-27,2020-03-15,76,,https://data.texas.gov/d/8w53-c4f6
"Total Airport Services, LLC",TOTAL AIRPORT,Houston,Harris,TX,2020-04-27,2020-04-24,68,,https://data.texas.gov/d/8w53-c4f6
Fleming's #5402,FLEMING'S #5402,Austin,Travis,TX,2020-04-27,2020-03-15,37,,https://data.texas.gov/d/8w53-c4f6
Outback #4425,OUTBACK #4425,Corpus Christi,Nueces,TX,2020-04-27,2020-03-15,59,,https://data.texas.gov/d/8w53-c4f6
Outback #4422,OUTBACK #4422,Austin,Travis,TX,2020-04-27,2020-03-15,56,,https://data.texas.gov/d/8w53-c4f6
Outback #4433,OUTBACK #4433,Lufkin,Angelina,TX,2020-04-27,2020-03-15,55,,https://data.texas.gov/d/8w53-c4f6
Fleming's #5405,FLEMING'S #5405,San Antonio,Bexar,TX,2020-04-27,2020-03-15,54,,https://data.texas.gov/d/8w53-c4f6
Outback #4473,OUTBACK #4473,San Angelo,Tom Green,TX,2020-04-27,2020-03-15,72,,https://data.texas.gov/d/8w53-c4f6
Carrabba's #9412,CARRABBA'S #9412,Dallas,Dallas,TX,2020-04-27,2020-03-15,52,,https://data.texas.gov/d/8w53-c4f6
Outback #4453,OUTBACK #4453,Irving,Dallas,TX,2020-04-27,2020-03-15,56,,https://data.texas.gov/d/8w53-c4f6
Outback #4428,OUTBACK #4428,Pasadena,Harris,TX,2020-04-27,2020-03-15,64,,https://data.texas.gov/d/8w53-c4f6
Carrabba's #4403,CARRABBA'S #4403,Austin,Travis,TX,2020-04-27,2020-03-15,53,,https://data.texas.gov/d/8w53-c4f6
Outback #4454,OUTBACK #4454,Mesquite,Dallas,TX,2020-04-27,2020-03-15,57,,https://data.texas.gov/d/8w53-c4f6
Outback #4456,OUTBACK #4456,Dallas,Dallas,TX,2020-04-27,2020-03-15,60,,https://data.texas.gov/d/8w53-c4f6
Outback #4458,OUTBACK #4458,Addison,Dallas,TX,2020-04-27,2020-03-15,63,,https://data.texas.gov/d/8w53-c4f6
Outback #4476,OUTBACK #4476,Garland,Dallas,TX,2020-04-27,2020-03-15,64,,https://data.texas.gov/d/8w53-c4f6
Fleming's #5406,FLEMING'S #5406,Austin,Travis,TX,2020-04-27,2020-03-15,59,,https://data.texas.gov/d/8w53-c4f6
Outback #4464,OUTBACK #4464,Lubbock,Lubbock,TX,2020-04-27,2020-03-15,67,,https://data.texas.gov/d/8w53-c4f6
Outback #4457,OUTBACK #4457,Plano,Collin,TX,2020-04-27,2020-03-15,60,,https://data.texas.gov/d/8w53-c4f6
Outback #4461,OUTBACK #4461,Lewisville,Denton,TX,2020-04-27,2020-03-15,56,,https://data.texas.gov/d/8w53-c4f6
Outback #4466,OUTBACK #4466,Denton,Denton,TX,2020-04-27,2020-03-15,74,,https://data.texas.gov/d/8w53-c4f6
Outback #4477,OUTBACK #4477,Frisco,Collin,TX,2020-04-27,2020-03-15,82,,https://data.texas.gov/d/8w53-c4f6
Outback #4478,OUTBACK #4478,Burleson,Johnson,TX,2020-04-27,2020-03-15,69,,https://data.texas.gov/d/8w53-c4f6
Outback #4471,OUTBACK #4471,Texarkana,Bowie,TX,2020-04-27,2020-03-15,56,,https://data.texas.gov/d/8w53-c4f6
Outback #4463,OUTBACK #4463,Amarillo,Potter,TX,2020-04-27,2020-03-15,76,,https://data.texas.gov/d/8w53-c4f6
Outback #4429,OUTBACK #4429,San Marcos,Hays,TX,2020-04-27,2020-03-15,72,,https://data.texas.gov/d/8w53-c4f6
Fleming's #5408,FLEMING'S #5408,Plano,Collin,TX,2020-04-27,2020-03-15,57,,https://data.texas.gov/d/8w53-c4f6
Outback #4441,OUTBACK #4441,Round Rock,Williamson,TX,2020-04-27,2020-03-15,44,,https://data.texas.gov/d/8w53-c4f6
Outback #4462,OUTBACK #4462,Midland,Midland,TX,2020-04-27,2020-03-15,75,,https://data.texas.gov/d/8w53-c4f6
Outback #4475,OUTBACK #4475,DeSoto,Dallas,TX,2020-04-27,2020-03-15,63,,https://data.texas.gov/d/8w53-c4f6
Carrabba's #9410,CARRABBA'S #9410,Beaumont,Jefferson,TX,2020-04-27,2020-03-15,79,,https://data.texas.gov/d/8w53-c4f6
Outback #4451,OUTBACK #4451,Fort Worth,Tarrant,TX,2020-04-27,2020-03-15,67,,https://data.texas.gov/d/8w53-c4f6
Outback #4452,OUTBACK #4452,Hurst,Tarrant,TX,2020-04-27,2020-03-15,79,,https://data.texas.gov/d/8w53-c4f6
Outback #4459,OUTBACK #4459,Arlington,Tarrant,TX,2020-04-27,2020-03-15,76,,https://data.texas.gov/d/8w53-c4f6
Outback #4474,OUTBACK #4474,Abilene,Jones,TX,2020-04-27,2020-03-15,51,,https://data.texas.gov/d/8w53-c4f6
Outback #4455,OUTBACK #4455,Euless,Tarrant,TX,2020-04-27,2020-03-15,75,,https://data.texas.gov/d/8w53-c4f6
Carrabba's #9419,CARRABBA'S #9419,Hurst,Tarrant,TX,2020-04-27,2020-03-15,49,,https://data.texas.gov/d/8w53-c4f6
Bonefish #904,BONEFISH #904,Southlake,Denton,TX,2020-04-27,2020-03-15,40,,https://data.texas.gov/d/8w53-c4f6
Carrabba's #9414,CARRABBA'S #9414,Plano,Collin,TX,2020-04-27,2020-03-15,43,,https://data.texas.gov/d/8w53-c4f6
Bonefish #912,BONEFISH #912,Allen,Collin,TX,2020-04-27,2020-03-15,50,,https://data.texas.gov/d/8w53-c4f6
Core Laboratories-Owen Oil Tools,CORE LABORATORIES-OWEN OIL TOOLS,Godley,Johnson,TX,2020-04-27,2020-05-06,244,,https://data.texas.gov/d/8w53-c4f6
Outback #4468,OUTBACK #4468,Waco,McLennan,TX,2020-04-27,2020-03-15,62,,https://data.texas.gov/d/8w53-c4f6
Bloomin' Brands (Outback Steakhouse),BLOOMIN' BRANDS (OUTBACK STEAKHOUSE),"Charlottesville, Harrisonburg, Waynesboro, Lynchburg & Danville VA",,VA,2020-04-27,,384,Layoff,https://www.vec.virginia.gov/warn-notices
Bloomin' Brands (Bonefish Grill),BLOOMIN' BRANDS (BONEFISH GRILL),Charlottesville VA,,VA,2020-04-27,,44,Layoff,https://www.vec.virginia.gov/warn-notices
Bloomin' Brands (Outback Steakhouse),BLOOMIN' BRANDS (OUTBACK STEAKHOUSE),Roanoke VA,,VA,2020-04-27,,177,Layoff,https://www.vec.virginia.gov/warn-notices
Bloomin' Brands (Carrabba's Italian Grill),BLOOMIN' BRANDS (CARRABBA'S ITALIAN GRILL),Roanoke VA,,VA,2020-04-27,,59,Layoff,https://www.vec.virginia.gov/warn-notices
Bloomin' Brands (Outback Steakhouse),BLOOMIN' BRANDS (OUTBACK STEAKHOUSE),"Alexandria, Sterling, Warrenton & Winchester VA",,VA,2020-04-27,,281,Layoff,https://www.vec.virginia.gov/warn-notices
Bloomin' Brands (Outback Steakhouse),BLOOMIN' BRANDS (OUTBACK STEAKHOUSE),"Herndon, Woodbridge, Clifton, Springfield, Fairfax, Arlington & Vienna VA",,VA,2020-04-27,,455,Layoff,https://www.vec.virginia.gov/warn-notices
Bloomin' Brands (Fleming's),BLOOMIN' BRANDS (FLEMING'S),McLean VA,,VA,2020-04-27,,45,Layoff,https://www.vec.virginia.gov/warn-notices
Bloomin' Brands (Carrabba's Italian Grill),BLOOMIN' BRANDS (CARRABBA'S ITALIAN GRILL),"Centreville, Reston, Winchester & Woodbridge VA",,VA,2020-04-27,,224,Layoff,https://www.vec.virginia.gov/warn-notices
Bloomin' Brands (Bonefish Grill),BLOOMIN' BRANDS (BONEFISH GRILL),"Alexandria, Arlington, Ashburn, Centreville, Fairfax & Gainesville VA",,VA,2020-04-27,,291,Layoff,https://www.vec.virginia.gov/warn-notices
Bloomin' Brands (Outback Steakhouse),BLOOMIN' BRANDS (OUTBACK STEAKHOUSE),"Fredericksburg, Virginia Beach, Newport News, Chesapeake & Hampton VA",,VA,2020-04-27,,524,Layoff,https://www.vec.virginia.gov/warn-notices
Bloomin' Brands (Carrabba's Italian Grill),BLOOMIN' BRANDS (CARRABBA'S ITALIAN GRILL),"Fredericksburg, Chesapeake, Newport News, Virginia Beach & Williamsburg VA",,VA,2020-04-27,,319,Layoff,https://www.vec.virginia.gov/warn-notices
Bloomin' Brands (Bonfish Grill),BLOOMIN' BRANDS (BONFISH GRILL),"Federicksburg, Newport News, Virginia Beach & Williamsburg VA",,VA,2020-04-27,,201,Layoff,https://www.vec.virginia.gov/warn-notices
Bloomin's Brands (Outback Steakhouse),BLOOMIN'S BRANDS (OUTBACK STEAKHOUSE),"Richmond, Mechanicsville & Midlothian VA",,VA,2020-04-27,,326,Layoff,https://www.vec.virginia.gov/warn-notices
Bloomin' Brands (Fleming's),BLOOMIN' BRANDS (FLEMING'S),Richmond VA,,VA,2020-04-27,,40,Layoff,https://www.vec.virginia.gov/warn-notices
Bloomin' Brands (Carrabba's Italian Grill),BLOOMIN' BRANDS (CARRABBA'S ITALIAN GRILL),Richmond & Glen Allen VA,,VA,2020-04-27,,115,Layoff,https://www.vec.virginia.gov/warn-notices
Bloomin' Brands (Bonefish Grill),BLOOMIN' BRANDS (BONEFISH GRILL),Midlothian & Glen Allen VA,,VA,2020-04-27,,116,Layoff,https://www.vec.virginia.gov/warn-notices
"Magic Leap, Inc",MAGIC LEAP,Seattle,,WA,2020-04-27,2020-06-21,39,Permanent,https://esd.wa.gov/about-employees/WARN
CP Energy-N. Big Spring,CP ENERGY-N BIG SPRING,Midland,Midland,TX,2020-04-25,2020-05-03,2,,https://data.texas.gov/d/8w53-c4f6
North American Dental Group - Flower Mound,NORTH AMERICAN DENTAL GROUP - FLOWER MOUND,Flower Mound,Denton,TX,2020-04-24,2020-03-23,12,,https://data.texas.gov/d/8w53-c4f6
Liberty Oilfield,LIBERTY OILFIELD,Cibolo,Guadalupe,TX,2020-04-24,2020-04-27,89,,https://data.texas.gov/d/8w53-c4f6
Hertz,HERTZ,Estero,,OR,2020-04-24,2020-06-18,1,Reduction,https://data.oregon.gov/d/ijbz-jpx8
Hertz - PDX,HERTZ - PDX,Portland,,OR,2020-04-24,2020-05-20,17,Temporary Layoff,https://data.oregon.gov/d/ijbz-jpx8
Hertz - PDX,HERTZ - PDX,Portland,,OR,2020-04-24,2020-04-14,67,Large Layoff - 10 or more workers,https://data.oregon.gov/d/ijbz-jpx8
Universal Technical Institute,UNIVERSAL TECHNICAL INSTITUTE,Bloomfield,,NJ,,2020-04-24,35,,https://www.nj.gov/labor/employer-services/warn/
Hertz,HERTZ,Arlington VA,,VA,2020-04-24,,50,Layoff,https://www.vec.virginia.gov/warn-notices
Enterprise Holdings,ENTERPRISE HOLDINGS,Norfolk VA,,VA,2020-04-24,,84,Layoff,https://www.vec.virginia.gov/warn-notices
Hilton Richmond Downtown,HILTON RICHMOND DOWNTOWN,Richmond VA,,VA,2020-04-24,,109,Layoff,https://www.vec.virginia.gov/warn-notices
Enterprise Holdings,ENTERPRISE HOLDINGS,Richmond & Sandston VA,,VA,2020-04-24,,78,Layoff,https://www.vec.virginia.gov/warn-notices
"Northwest Aerospace Technologies, Inc",NORTHWEST AEROSPACE,Everett,,WA,2020-04-24,2020-04-24,10,Permanent,https://esd.wa.gov/about-employees/WARN
Haliburton Energy-Burleson,HALIBURTON ENERGY-BURLESON,Burleson,Tarrant,TX,2020-04-23,2020-04-23,36,,https://data.texas.gov/d/8w53-c4f6
Go Rentals,GO RENTALS,Houston,Fort Bend,TX,2020-04-23,2020-03-21,4,,https://data.texas.gov/d/8w53-c4f6
Signal Peak Silica -Poteet,SIGNAL PEAK SILICA -POTEET,Poteet,Atascosa,TX,2020-04-23,2020-06-12,72,,https://data.texas.gov/d/8w53-c4f6
Go Rentals - Austin,GO RENTALS - AUSTIN,Austin,Travis,TX,2020-04-23,2020-03-21,7,,https://data.texas.gov/d/8w53-c4f6
Go Rentals - Atlantic,GO RENTALS - ATLANTIC,Addison,Collin,TX,2020-04-23,2020-03-21,1,,https://data.texas.gov/d/8w53-c4f6
CP Energy-S County Rd 1200,CP ENERGY-S COUNTY RD 1200,Midland,Midland,TX,2020-04-23,2020-05-03,15,,https://data.texas.gov/d/8w53-c4f6
CP Energy-Hwy 285,CP ENERGY-HWY 285,Midland,Midland,TX,2020-04-23,2020-05-03,9,,https://data.texas.gov/d/8w53-c4f6
Go Rentals - Monroe Rd,GO RENTALS - MONROE RD,Houston,Fort Bend,TX,2020-04-23,2020-03-21,1,,https://data.texas.gov/d/8w53-c4f6
Go Rentals - Westgrove,GO RENTALS - WESTGROVE,Addison,Collin,TX,2020-04-23,2020-03-21,4,,https://data.texas.gov/d/8w53-c4f6
Nextier Completion-Robston,NEXTIER COMPLETION-ROBSTON,Robstown,Nueces,TX,2020-04-23,2020-04-23,82,,https://data.texas.gov/d/8w53-c4f6
Go Rentals - McKinney,GO RENTALS - MCKINNEY,McKinney,Collin,TX,2020-04-23,2020-03-21,1,,https://data.texas.gov/d/8w53-c4f6
Go Rentals - Ft. Worth,GO RENTALS - FT WORTH,Ft. Worth,Tarrant,TX,2020-04-23,2020-03-21,4,,https://data.texas.gov/d/8w53-c4f6
Adventist Health - Tillamook,ADVENTIST HEALTH - TILLAMOOK,Tillamook,,OR,2020-04-23,2020-12-31,7,Reduction,https://data.oregon.gov/d/ijbz-jpx8
Adventist Health - Tillamook,ADVENTIST HEALTH - TILLAMOOK,Tillamook,,OR,2020-04-23,2020-05-05,15,Temporary Layoff,https://data.oregon.gov/d/ijbz-jpx8
Adventist Health - Tillamook,ADVENTIST HEALTH - TILLAMOOK,Tillamook,,OR,2020-04-23,2020-05-05,2,Reduction,https://data.oregon.gov/d/ijbz-jpx8
Enterprise Holdings,ENTERPRISE HOLDINGS,Tualatin,,OR,2020-04-23,2020-04-30,14,Reduction,https://data.oregon.gov/d/ijbz-jpx8
Enterprise Holdings - PDX,ENTERPRISE HOLDINGS - PDX,Portland,,OR,2020-04-23,2020-04-30,18,Reduction,https://data.oregon.gov/d/ijbz-jpx8
Enterprise Holdings - PDX,ENTERPRISE HOLDINGS - PDX,Portland,,OR,2020-04-23,2020-03-19,60,Temporary Layoff,https://data.oregon.gov/d/ijbz-jpx8
Enterprise Holdings - Admin,ENTERPRISE HOLDINGS - ADMIN,Tualatin,,OR,2020-04-23,2020-03-19,262,Temporary Layoff,https://data.oregon.gov/d/ijbz-jpx8
Visionworks,VISIONWORKS,San Antonio,,OR,2020-04-23,2020-04-20,103,Other,https://data.oregon.gov/d/ijbz-jpx8
Visionworks Inc.,VISIONWORKS,Charlottesville VA,,VA,2020-04-23,,6,Layoff,https://www.vec.virginia.gov/warn-notices
Visionworks Inc.,VISIONWORKS,"Fairfax, Arlington, Bailey's Crossroad, Manassas, Prince William, Reston, Herndon & Springfield VA",,VA,2020-04-23,,99,Layoff,https://www.vec.virginia.gov/warn-notices
Visionworks Inc.,VISIONWORKS,"Vienna, Sterling, Alexandria & Leesburg VA",,VA,2020-04-23,,44,Layoff,https://www.vec.virginia.gov/warn-notices
Visionworks Inc.,VISIONWORKS,"Hampton, Virginia Beach, Williamsburg & Norfolk VA",,VA,2020-04-23,,19,Layoff,https://www.vec.virginia.gov/warn-notices
Visionworks Inc.,VISIONWORKS,Midlothian VA,,VA,2020-04-23,,1,Layoff,https://www.vec.virginia.gov/warn-notices
"Safran Cabin Bellingham, Inc",SAFRAN CABIN BELLINGHAM,Bellingham,,WA,2020-04-23,2020-04-23,314,Permanent,https://esd.wa.gov/about-employees/WARN
"Magic Leap, LLc",MAGIC LEAP,McKinney,Collin,TX,2020-04-22,2020-06-21,8,,https://data.texas.gov/d/8w53-c4f6
ATCO Structures,ATCO STRUCTURES,Diboll,Angelina,TX,2020-04-22,2020-03-13,90,,https://data.texas.gov/d/8w53-c4f6
Pappas Seafood House (Aldine Bender),PAPPAS SEAFOOD HOUSE (ALDINE BENDER),Houston,Harris,TX,2020-04-22,2020-03-22,113,,https://data.texas.gov/d/8w53-c4f6
"Magic Leap, LLC-Austin",MAGIC LEAP -AUSTIN,Austin,Travis,TX,2020-04-22,2020-06-21,15,,https://data.texas.gov/d/8w53-c4f6
Cactus Wellhead,CACTUS WELLHEAD,Odessa,Ector,TX,2020-04-22,2020-04-03,184,,https://data.texas.gov/d/8w53-c4f6
Berry Global,BERRY GLOBAL,Phillipsburg,,NJ,,2020-04-22,150,,https://www.nj.gov/labor/employer-services/warn/
"Hard Rock Cafe International STP, Inc",HARD ROCK CAFE INTERNATIONAL STP,Seattle,,WA,2020-04-22,2020-04-13,62,Temporary,https://esd.wa.gov/about-employees/WARN
Southwestern & Pacific #6736,SOUTHWESTERN PACIFIC #6736,San Antonio,Bexar,TX,2020-04-21,2020-04-21,1,,https://data.texas.gov/d/8w53-c4f6
Epi Breads,EPI BREADS,Dallas,Dallas,TX,2020-04-21,2020-04-21,238,,https://data.texas.gov/d/8w53-c4f6
"Energy Transfer, LP-SEC Energy Products",ENERGY TRANSFER -SEC ENERGY PRODUCTS,Houston,Harris,TX,2020-04-21,2020-05-01,95,,https://data.texas.gov/d/8w53-c4f6
Enterprise Offshore-White Fleet Drilling,ENTERPRISE OFFSHORE-WHITE FLEET DRILLING,Houston,Harris,TX,2020-04-21,2020-03-19,76,,https://data.texas.gov/d/8w53-c4f6
Artistic Products LLC,ARTISTIC PRODUCTS,Rahway,,NJ,,2020-04-21,10,,https://www.nj.gov/labor/employer-services/warn/
Eastern Specialty Finance Inc.,EASTERN SPECIALTY FINANCE,"Norfolk, Hampton, Tappahannock, Fredericksburg & Newport News VA",,VA,2020-04-21,,5,Layoff,https://www.vec.virginia.gov/warn-notices
Eastern Specialty Finance Inc.,EASTERN SPECIALTY FINANCE,Richmond & Mechanicsville VA,,VA,2020-04-21,,4,Layoff,https://www.vec.virginia.gov/warn-notices
Seattle Tennis Club,SEATTLE TENNIS CLUB,Seattle,,WA,2020-04-21,2020-05-01,112,Temporary,https://esd.wa.gov/about-employees/WARN
Hilton Garden Inn-Willowbrook,HILTON GARDEN INN-WILLOWBROOK,Houston,Harris,TX,2020-04-20,2020-04-16,44,,https://data.texas.gov/d/8w53-c4f6
Haliburton Energy Services-Monahans,HALIBURTON ENERGY -MONAHANS,Monahans,Ward,TX,2020-04-20,2020-04-20,15,,https://data.texas.gov/d/8w53-c4f6
"Applied Aerodynamics, Inc.",APPLIED AERODYNAMICS,Dallas,Dallas,TX,2020-04-20,2020-04-20,25,,https://data.texas.gov/d/8w53-c4f6
US Silica-Lamesa,SILICA-LAMESA,Lamesa,Dawson,TX,2020-04-20,2020-04-17,49,,https://data.texas.gov/d/8w53-c4f6
Oksenholt Hospitality Company - Meredit,OKSENHOLT HOSPITALITY - MEREDIT,Lincoln City,,OR,2020-04-20,2020-03-19,94,Large Layoff - 10 or more workers,https://data.oregon.gov/d/ijbz-jpx8
Oksenholt Hospitality Company - Mojo Re,OKSENHOLT HOSPITALITY - MOJO RE,Bend,,OR,2020-04-20,2020-03-18,2,Large Layoff - 10 or more workers,https://data.oregon.gov/d/ijbz-jpx8
Oksenholt Hospitality - Meredith Lodgin,OKSENHOLT HOSPITALITY - MEREDITH LODGIN,Bend,,OR,2020-04-20,2020-03-17,15,Large Layoff - 10 or more workers,https://data.oregon.gov/d/ijbz-jpx8
Enterprise Holdings - PDX,ENTERPRISE HOLDINGS - PDX,Portland,,OR,2020-04-20,2020-03-04,62,Temporary Layoff,https://data.oregon.gov/d/ijbz-jpx8
PharMEDium Healthcare Corporation,PHARMEDIUM HEALTHCARE,Dayton,,NJ,,2020-04-20,287,,https://www.nj.gov/labor/employer-services/warn/
Enterprise Holdings,ENTERPRISE HOLDINGS,Arlington & Dulles VA,,VA,2020-04-20,,77,Layoff,https://www.vec.virginia.gov/warn-notices
Hexcel Corporation,HEXCEL,Burlington,,WA,2020-04-20,2020-04-20,128,Permanent,https://esd.wa.gov/about-employees/WARN
Hexcel Corporation,HEXCEL,Kent,,WA,2020-04-20,2020-04-20,160,Permanent,https://esd.wa.gov/about-employees/WARN
ProPetro-Coil Tubing Operations,PROPETRO-COIL TUBING OPERATIONS,Midland,Midland,TX,2020-04-17,2020-04-16,18,,https://data.texas.gov/d/8w53-c4f6
Capital Sand Permian,CAPITAL SAND PERMIAN,Monahans,Ward,TX,2020-04-17,2020-04-20,36,,https://data.texas.gov/d/8w53-c4f6
National Oilwell - Pampa,NATIONAL OILWELL - PAMPA,Pampa,Gray,TX,2020-04-17,2020-04-17,91,,https://data.texas.gov/d/8w53-c4f6
A Step Above Health Management Systems LLC,A STEP ABOVE HEALTH MANAGEMENT SYSTEMS,West Creek,,NJ,,2020-04-17,3,,https://www.nj.gov/labor/employer-services/warn/
Barneys New York,BARNEYS NEW YORK,Lyndhurst,,NJ,,2020-04-17,6,,https://www.nj.gov/labor/employer-services/warn/
AL=MIGHTY GREEN TEAM,AL=MIGHTY GREEN TEAM,scranton,,NJ,,2020-04-17,400,,https://www.nj.gov/labor/employer-services/warn/
Eat'n Park Hospitality Group,EAT'N PARK HOSPITALITY GROUP,Bridgewater & Lexington VA,,VA,2020-04-17,,192,Layoff,https://www.vec.virginia.gov/warn-notices
"G2 Secure Staff, LLC",G2 SECURE STAFF,Seattle,,WA,2020-04-17,2020-03-27,232,Temporary,https://esd.wa.gov/about-employees/WARN
"IKO Pacific, Inc",IKO PACIFIC,Sumas,,WA,2020-04-17,2020-04-06,37,Temporary,https://esd.wa.gov/about-employees/WARN
Pappas Bar-B-Q 11,PAPPAS BAR-B-Q 11,Conroe,Montgomery,TX,2020-04-16,2020-03-16,29,,https://data.texas.gov/d/8w53-c4f6
Discovery Natural Resources,DISCOVERY NATURAL RESOURCES,Barnhart,Irion,TX,2020-04-16,2020-04-16,36,,https://data.texas.gov/d/8w53-c4f6
Vroom-Meadows Place,VROOM-MEADOWS PLACE,Sugar Land,Fort Bend,TX,2020-04-16,2020-05-03,136,,https://data.texas.gov/d/8w53-c4f6
Discovery Natual Resources- Ozona,DISCOVERY NATUAL RESOURCES- OZONA,Ozona,Crockett,TX,2020-04-16,2020-04-16,4,,https://data.texas.gov/d/8w53-c4f6
ProPetro-Hydraulic Fracturing,PROPETRO-HYDRAULIC FRACTURING,Midfield,Matagorda,TX,2020-04-16,2020-04-16,566,,https://data.texas.gov/d/8w53-c4f6
"Black Mountain Management, LLC",BLACK MOUNTAIN MANAGEMENT,Ft. Worth,Tarrant,TX,2020-04-16,2020-05-01,87,,https://data.texas.gov/d/8w53-c4f6
Electro Rent,ELECTRO RENT,Roanoke,Denton,TX,2020-04-16,2020-04-16,7,,https://data.texas.gov/d/8w53-c4f6
Augusta Sportswear Brands - Coburg,AUGUSTA SPORTSWEAR BRANDS - COBURG,Coburg,,OR,2020-04-16,2020-03-31,25,Temporary Layoff,https://data.oregon.gov/d/ijbz-jpx8
Augusta Sportswear Brands - Coburg,AUGUSTA SPORTSWEAR BRANDS - COBURG,Coburg,,OR,2020-04-16,2020-03-30,21,Temporary Layoff,https://data.oregon.gov/d/ijbz-jpx8
Augusta Sportswear Brands - Coburg,AUGUSTA SPORTSWEAR BRANDS - COBURG,Coburg,,OR,2020-04-16,2020-03-23,6,Temporary Layoff,https://data.oregon.gov/d/ijbz-jpx8
Chalk Montain Services of Texas LLC - Pleasanton,CHALK MONTAIN OF TEXAS - PLEASANTON,Pleasanton,Atascosa,TX,2020-04-15,2020-04-15,14,,https://data.texas.gov/d/8w53-c4f6
CalFrac Well Services,CALFRAC WELL,San Antonio,Bexar,TX,2020-04-15,2020-04-15,134,,https://data.texas.gov/d/8w53-c4f6
Ahern Rentals,AHERN RENTALS,Odessa,Ector,TX,2020-04-15,2020-03-30,3,,https://data.texas.gov/d/8w53-c4f6
Baker Hughes-Houston,BAKER HUGHES-HOUSTON,Houston,Harris,TX,2020-04-15,2020-06-15,184,,https://data.texas.gov/d/8w53-c4f6
Shawcor Pipe Protection,SHAWCOR PIPE PROTECTION,Pearland,Brazoria,TX,2020-04-15,2020-05-04,65,,https://data.texas.gov/d/8w53-c4f6
Diamond Offshore Drilling Corporate,DIAMOND OFFSHORE DRILLING CORPORATE,Houston,Harris,TX,2020-04-15,2020-04-15,102,,https://data.texas.gov/d/8w53-c4f6
The Tile Shop,THE TILE SHOP,Ridgway VA,,VA,2020-04-15,,12,Closure,https://www.vec.virginia.gov/warn-notices
"Pier 1 Imports, Inc",PIER 1 IMPORTS,DuPont,,WA,2020-04-15,2020-06-01,49,Permanent,https://esd.wa.gov/about-employees/WARN
NexTier Completion Solutions Inc. - Onyx Dr,NEXTIER COMPLETION - ONYX DR,Midland,Midland,TX,2020-04-14,2020-03-19,60,,https://data.texas.gov/d/8w53-c4f6
NexTier Completion Solutions Inc. - FM 1788,NEXTIER COMPLETION - FM 1788,Midland,Midland,TX,2020-04-14,2020-01-17,133,,https://data.texas.gov/d/8w53-c4f6
NexTier Completion Solutions Inc. - E IH 20,NEXTIER COMPLETION - E IH 20,Midland,Midland,TX,2020-04-14,2020-03-19,58,,https://data.texas.gov/d/8w53-c4f6
NexTier Completion Solutions Inc. - Pecos,NEXTIER COMPLETION - PECOS,Pecos,Reeves,TX,2020-04-14,2020-03-20,49,,https://data.texas.gov/d/8w53-c4f6
NexTier Completion Solutions Inc. - Odessa,NEXTIER COMPLETION - ODESSA,Odessa,Ector,TX,2020-04-14,2020-02-10,197,,https://data.texas.gov/d/8w53-c4f6
Paul Martin's American Grill,PAUL MARTIN'S AMERICAN GRILL,Austin,Travis,TX,2020-04-14,2020-04-07,81,,https://data.texas.gov/d/8w53-c4f6
NexTier Completion Solutions Inc. - Westpark Dr.,NEXTIER COMPLETION - WESTPARK DR,Houston,Fort Bend,TX,2020-04-14,2020-03-19,85,,https://data.texas.gov/d/8w53-c4f6
NexTier Completion Solutions Inc.- Rogerdale,NEXTIER COMPLETION - ROGERDALE,Houston,Fort Bend,TX,2020-04-14,2020-01-07,196,,https://data.texas.gov/d/8w53-c4f6
Titan Production Equipment-Alleyton,TITAN PRODUCTION EQUIPMENT-ALLEYTON,Alleyton,Colorado,TX,2020-04-14,2020-04-10,56,,https://data.texas.gov/d/8w53-c4f6
"Titan Production Equipment, LLC",TITAN PRODUCTION EQUIPMENT,Woodlands,Montgomery,TX,2020-04-14,2020-04-10,10,,https://data.texas.gov/d/8w53-c4f6
NexTier Completion Solutions Inc.,NEXTIER COMPLETION,Pleasanton,Atascosa,TX,2020-04-14,2020-03-24,64,,https://data.texas.gov/d/8w53-c4f6
Pappasito's 04,PAPPASITO'S 04,Webster,Harris,TX,2020-04-14,2020-03-16,142,,https://data.texas.gov/d/8w53-c4f6
FTS International Services-Longview,FTS INTERNATIONAL -LONGVIEW,Longview,Gregg,TX,2020-04-14,2020-04-14,58,,https://data.texas.gov/d/8w53-c4f6
"Sun Coast Resources, Inc.",SUN COAST RESOURCES,Midland,Midland,TX,2020-04-14,2020-04-10,50,,https://data.texas.gov/d/8w53-c4f6
Vroom-Houston,VROOM-HOUSTON,Houston,Harris,TX,2020-04-14,2020-05-03,36,,https://data.texas.gov/d/8w53-c4f6
Vroom-Stafford,VROOM-STAFFORD,Stafford,Harris,TX,2020-04-14,2020-05-03,59,,https://data.texas.gov/d/8w53-c4f6
Pier 1 Imports - Tarrant,PIER 1 IMPORTS - TARRANT,Ft. Worth,Tarrant,TX,2020-04-14,2020-06-01,585,,https://data.texas.gov/d/8w53-c4f6
Pier 1 Imports-Mansfield,PIER 1 IMPORTS-MANSFIELD,Mansfield,Tarrant,TX,2020-04-14,2020-06-01,67,,https://data.texas.gov/d/8w53-c4f6
Signal Peak Silica,SIGNAL PEAK SILICA,Monahans,Ward,TX,2020-04-14,2020-04-14,37,,https://data.texas.gov/d/8w53-c4f6
Women's Healthcare Associates,WOMEN'S HEALTHCARE ASSOCIATES,Portland,,OR,2020-04-14,2020-04-13,186,Temporary Layoff,https://data.oregon.gov/d/ijbz-jpx8
The Portland Clinic,THE PORTLAND CLINIC,Portland,,OR,2020-04-14,2020-06-01,101,Reduction,https://data.oregon.gov/d/ijbz-jpx8
The Portland Clinic,THE PORTLAND CLINIC,Portland,,OR,2020-04-14,2020-06-01,90,Temporary Layoff,https://data.oregon.gov/d/ijbz-jpx8
The Portland Clinic,THE PORTLAND CLINIC,Portland,,OR,2020-04-14,2020-04-06,193,Other,https://data.oregon.gov/d/ijbz-jpx8
The Portland Clinic,THE PORTLAND CLINIC,Portland,,OR,2020-04-14,2020-04-01,234,Other,https://data.oregon.gov/d/ijbz-jpx8
"Guess, Inc",GUESS,Tulalip,,WA,2020-04-14,2020-04-02,30,Temporary,https://esd.wa.gov/about-employees/WARN
FS US Services Limited,FS,Seattle,,WA,2020-04-14,2020-04-13,2,Permanent,https://esd.wa.gov/about-employees/WARN
Signing Day One-D1 Training,SIGNING DAY ONE-D1 TRAINING,Boerne,Kendall,TX,2020-04-13,2020-04-09,3,,https://data.texas.gov/d/8w53-c4f6
At Home Corporate,AT HOME CORPORATE,Plano,Collin,TX,2020-04-13,2020-04-11,147,,https://data.texas.gov/d/8w53-c4f6
Take 5 Department 199,TAKE 5 DEPARTMENT 199,San Antonio,Bexar,TX,2020-04-13,2020-03-22,7,,https://data.texas.gov/d/8w53-c4f6
US Silica-Sandbox Logistics,SILICA-SANDBOX LOGISTICS,Midland,Midland,TX,2020-04-13,2020-04-16,105,,https://data.texas.gov/d/8w53-c4f6
Take 5 Department 179,TAKE 5 DEPARTMENT 179,San Antonio,Bexar,TX,2020-04-13,2020-03-22,11,,https://data.texas.gov/d/8w53-c4f6
Beyond Finance,BEYOND FINANCE,Houston,Harris,TX,2020-04-13,2020-04-19,302,,https://data.texas.gov/d/8w53-c4f6
America's Auto Auction Texas,AMERICA'S AUTO AUCTION TEXAS,Buda,Hays,TX,2020-04-13,2020-03-17,1,,https://data.texas.gov/d/8w53-c4f6
Guess?,GUESS?,Laredo,Webb,TX,2020-04-13,2020-04-02,30,,https://data.texas.gov/d/8w53-c4f6
Covia-Kermit,COVIA-KERMIT,Kermit,Winkler,TX,2020-04-13,2020-04-13,82,,https://data.texas.gov/d/8w53-c4f6
Dog and Pony Grill,DOG AND PONY GRILL,Boerne,Kendall,TX,2020-04-13,2020-04-09,29,,https://data.texas.gov/d/8w53-c4f6
Alamo Drafthouse-Corpus Christi,ALAMO DRAFTHOUSE-CORPUS CHRISTI,Corpus Ch,Nueces,TX,2020-04-13,2020-03-17,128,,https://data.texas.gov/d/8w53-c4f6
Alamo Drafthouse-Laredo,ALAMO DRAFTHOUSE-LAREDO,Laredo,Webb,TX,2020-04-13,2020-03-17,112,,https://data.texas.gov/d/8w53-c4f6
Allied Aviation Fueling Co,ALLIED AVIATION FUELING,San Antonio,Bexar,TX,2020-04-13,2020-05-13,6,,https://data.texas.gov/d/8w53-c4f6
Yazaki North America,YAZAKI NORTH AMERICA,El Paso,El Paso,TX,2020-04-13,2020-04-13,83,,https://data.texas.gov/d/8w53-c4f6
MCD Innovations,MCD INNOVATIONS,McKinney,Collin,TX,2020-04-13,2020-03-26,25,,https://data.texas.gov/d/8w53-c4f6
Pappadeaux Seafood Kitchen 33,PAPPADEAUX SEAFOOD KITCHEN 33,Houston,Harris,TX,2020-04-13,2020-03-16,120,,https://data.texas.gov/d/8w53-c4f6
New Road Pharmacy & Surgical,NEW ROAD PHARMACY SURGICAL,PARSIPPANY,,NJ,,2020-04-13,6,,https://www.nj.gov/labor/employer-services/warn/
Hyatt Centric,HYATT CENTRIC,Arlington VA,,VA,2020-04-13,,79,Layoff,https://www.vec.virginia.gov/warn-notices
Ames Cleaners and Formal Inc.,AMES CLEANERS AND FORMAL,Hampton VA,,VA,2020-04-13,,25,Layoff,https://www.vec.virginia.gov/warn-notices
"Leggett & Platt, Inc",LEGGETT PLATT,Kirkland,,WA,2020-04-13,2020-04-13,50,Temporary,https://esd.wa.gov/about-employees/WARN
"PSF Mechanical, Inc",PSF MECHANICAL,Seattle,,WA,2020-04-13,2020-03-25,124,Temporary,https://esd.wa.gov/about-employees/WARN
"Warwick Corp, dba Warwick Seattle Hotel",WARWICK DBA WARWICK SEATTLE HOTEL,Seattle,,WA,2020-04-13,2020-04-06,106,Temporary,https://esd.wa.gov/about-employees/WARN
Transform SR LLC,TRANSFORM SR,New Brunswick,,NJ,,2020-04-12,48,,https://www.nj.gov/labor/employer-services/warn/
Tropicana Atlantic City Corp.,TROPICANA ATLANTIC CITY,Atlantic City,,NJ,,2020-04-11,2704,,https://www.nj.gov/labor/employer-services/warn/
Willie's Grill & Icehouse - I35 South,WILLIE'S GRILL ICEHOUSE - I35 SOUTH,San Antonio,Bexar,TX,2020-04-10,2020-03-17,40,,https://data.texas.gov/d/8w53-c4f6
Willie's Grill & Icehouse -  College Station,WILLIE'S GRILL ICEHOUSE - COLLEGE STATION,College Station,Brazos,TX,2020-04-10,2020-03-17,28,,https://data.texas.gov/d/8w53-c4f6
Willie's Grill & Icehouse - Conroe,WILLIE'S GRILL ICEHOUSE - CONROE,Conroe,Montgomery,TX,2020-04-10,2020-03-17,51,,https://data.texas.gov/d/8w53-c4f6
Willie's Grill & Icehouse.,WILLIE'S GRILL ICEHOUSE,San Antonio,Bexar,TX,2020-04-10,2020-03-17,45,,https://data.texas.gov/d/8w53-c4f6
Willie's Grill & Icehouse - Spring,WILLIE'S GRILL ICEHOUSE - SPRING,Spring,Harris,TX,2020-04-10,2020-03-14,41,,https://data.texas.gov/d/8w53-c4f6
Willie's Grill & Icehouse - Leon Springs,WILLIE'S GRILL ICEHOUSE - LEON SPRINGS,Leon Springs,Bexar,TX,2020-04-10,2020-03-17,38,,https://data.texas.gov/d/8w53-c4f6
Willie's Grill & Icehouse - New Braunfels,WILLIE'S GRILL ICEHOUSE - NEW BRAUNFELS,New Braunfels,Comal,TX,2020-04-10,2020-03-17,45,,https://data.texas.gov/d/8w53-c4f6
Willie's Grill &  Icehouse - North Loop,WILLIE'S GRILL ICEHOUSE - NORTH LOOP,San Antonio,Bexar,TX,2020-04-10,2020-03-17,35,,https://data.texas.gov/d/8w53-c4f6
Willie's Grill & Icehouse,WILLIE'S GRILL ICEHOUSE,San Antonio,Bexar,TX,2020-04-10,2020-03-17,32,,https://data.texas.gov/d/8w53-c4f6
Willie's Grill & Icehouse - Katy Fwy,WILLIE'S GRILL ICEHOUSE - KATY FWY,Houston,Fort Bend,TX,2020-04-10,2020-03-17,40,,https://data.texas.gov/d/8w53-c4f6
Willie's Grill & Icehouse - Cypress,WILLIE'S GRILL ICEHOUSE - CYPRESS,Cypress,Harris,TX,2020-04-10,2020-03-17,51,,https://data.texas.gov/d/8w53-c4f6
Pacific Drilling - Pacific Sharav,PACIFIC DRILLING - PACIFIC SHARAV,Houston,Fort Bend,TX,2020-04-10,2020-04-13,82,,https://data.texas.gov/d/8w53-c4f6
Willie's Grill & Icehouse - Georgetown,WILLIE'S GRILL ICEHOUSE - GEORGETOWN,Georgetown,Williamson,TX,2020-04-10,2020-03-17,69,,https://data.texas.gov/d/8w53-c4f6
Hilton Garden Inn - Dallas Market Center,HILTON GARDEN INN - DALLAS MARKET CENTER,Dallas,Dallas,TX,2020-04-10,2020-03-16,61,,https://data.texas.gov/d/8w53-c4f6
"Yazaki North America dba Elcom, Inc.",YAZAKI NORTH AMERICA DBA ELCOM,El Paso,El Paso,TX,2020-04-10,2020-04-13,43,,https://data.texas.gov/d/8w53-c4f6
Willie's Grill & Icehouse - Hwy 6 N,WILLIE'S GRILL ICEHOUSE - HWY 6 N,Houston,Fort Bend,TX,2020-04-10,2020-03-17,77,,https://data.texas.gov/d/8w53-c4f6
Willie's Grill & Icehouse - 1960 RD,WILLIE'S GRILL ICEHOUSE - 1960 RD,Houston,Fort Bend,TX,2020-04-10,2020-03-17,29,,https://data.texas.gov/d/8w53-c4f6
Willie's Grill & Icehouse - NW FWY,WILLIE'S GRILL ICEHOUSE - NW FWY,Houston,Fort Bend,TX,2020-04-10,2020-03-17,35,,https://data.texas.gov/d/8w53-c4f6
NexTier Completion Solutions Inc. - San Angelo,NEXTIER COMPLETION - SAN ANGELO,San Angelo,Tom Green,TX,2020-04-10,2020-03-19,53,,https://data.texas.gov/d/8w53-c4f6
Willie's Grill & Icehouse - Sugar Land,WILLIE'S GRILL ICEHOUSE - SUGAR LAND,Sugar Land,Fort Bend,TX,2020-04-10,2020-03-17,37,,https://data.texas.gov/d/8w53-c4f6
Avis Budget Car Rental-Airport Blvd,AVIS BUDGET CAR RENTAL-AIRPORT BLVD,Houston,Harris,TX,2020-04-10,2020-03-13,47,,https://data.texas.gov/d/8w53-c4f6
Willie's Grill & Icehouse - HWY 249,WILLIE'S GRILL ICEHOUSE - HWY 249,Houston,Fort Bend,TX,2020-04-10,2020-03-17,39,,https://data.texas.gov/d/8w53-c4f6
Andale Management Group dba The Country,ANDALE MANAGEMENT GROUP DBA THE COUNTRY,Portland,,OR,2020-04-10,2020-03-17,48,Temporary Layoff,https://data.oregon.gov/d/ijbz-jpx8
Alpha Entertainment,ALPHA ENTERTAINMENT,Stamford,,NJ,,2020-04-10,99,,https://www.nj.gov/labor/employer-services/warn/
Allied Aviation Fueling Co.,ALLIED AVIATION FUELING,Arlington VA,,VA,2020-04-10,,7,Layoff,https://www.vec.virginia.gov/warn-notices
The Westin Virginia Beach Town Center,THE WESTIN VIRGINIA BEACH TOWN CENTER,Virginia Beach VA,,VA,2020-04-10,,115,Layoff,https://www.vec.virginia.gov/warn-notices
Spokane Eye Clinic,SPOKANE EYE CLINIC,Spokane,,WA,2020-04-10,2020-03-23,1,Temporary,https://esd.wa.gov/about-employees/WARN
"Integrated Technologies, Inc dba LMI Aerospace",INTEGRATED DBA LMI AEROSPACE,Everett,,WA,2020-04-10,2020-04-13,25,Temporary,https://esd.wa.gov/about-employees/WARN
"Leonard's Metal Inc, dba LMI Aerospace",LEONARD'S METAL DBA LMI AEROSPACE,Auburn,,WA,2020-04-10,2020-04-13,74,Temporary,https://esd.wa.gov/about-employees/WARN
"Soundair Repair Group, LLC",SOUNDAIR REPAIR GROUP,Snohomish,,WA,2020-04-10,2020-04-12,51,Temporary,https://esd.wa.gov/about-employees/WARN
Turner Industries-Corpus Christi,TURNER INDUSTRIES-CORPUS CHRISTI,Corpus Ch,Nueces,TX,2020-04-09,2020-06-11,40,,https://data.texas.gov/d/8w53-c4f6
Universal Pressure Pumping,UNIVERSAL PRESSURE PUMPING,Midland,Midland,TX,2020-04-09,2020-04-09,70,,https://data.texas.gov/d/8w53-c4f6
Black Bear Diner-Sugarland,BLACK BEAR DINER-SUGARLAND,Sugarland,Fort Bend,TX,2020-04-09,2020-05-07,46,,https://data.texas.gov/d/8w53-c4f6
Black Bear Diner-Shenandoah,BLACK BEAR DINER-SHENANDOAH,Shenandoah,Montgomery,TX,2020-04-09,2020-05-07,71,,https://data.texas.gov/d/8w53-c4f6
Black Bear Diner-Katy,BLACK BEAR DINER-KATY,Katy,Fort Bend,TX,2020-04-09,2020-05-07,47,,https://data.texas.gov/d/8w53-c4f6
Black Bear Diner-Humble,BLACK BEAR DINER-HUMBLE,Humble,Harris,TX,2020-04-09,2020-05-07,56,,https://data.texas.gov/d/8w53-c4f6
Black Bear Diner-15720 N Frwy,BLACK BEAR DINER-15720 N FRWY,Houston,Harris,TX,2020-04-09,2020-05-07,42,,https://data.texas.gov/d/8w53-c4f6
Black Bear Diner-19823 NW Frwy,BLACK BEAR DINER-19823 NW FRWY,Houston,Harris,TX,2020-04-09,2020-05-07,2,,https://data.texas.gov/d/8w53-c4f6
Embassy Suites-Dallas Love Field,EMBASSY SUITES-DALLAS LOVE FIELD,Dallas,Dallas,TX,2020-04-09,2020-03-09,58,,https://data.texas.gov/d/8w53-c4f6
InterContinental Houston Medical Center,INTERCONTINENTAL HOUSTON MEDICAL CENTER,Houston,Fort Bend,TX,2020-04-09,2020-04-09,75,,https://data.texas.gov/d/8w53-c4f6
Gristmill River Restaurant and Bar,GRISTMILL RIVER RESTAURANT AND BAR,New Braunfels,Comal,TX,2020-04-09,2020-03-19,305,,https://data.texas.gov/d/8w53-c4f6
Step Energy Services,STEP ENERGY,Midland,Midland,TX,2020-04-09,2020-04-16,76,,https://data.texas.gov/d/8w53-c4f6
Capital Sand Permian,CAPITAL SAND PERMIAN,Monahans,Ward,TX,2020-04-09,2020-04-07,50,,https://data.texas.gov/d/8w53-c4f6
VSPOne Dallas,VSPONE DALLAS,Lewisville,Denton,TX,2020-04-09,2020-04-10,133,,https://data.texas.gov/d/8w53-c4f6
Eagle Crest Resort,EAGLE CREST RESORT,Redmond,,OR,2020-04-09,2020-04-10,60,Temporary Layoff,https://data.oregon.gov/d/ijbz-jpx8
ABM Aviation,ABM AVIATION,Newark,,NJ,,2020-04-09,35,,https://www.nj.gov/labor/employer-services/warn/
Utility Trailer Manufacturing Company,UTILITY TRAILER MANUFACTURING,Glade Spring VA,,VA,2020-04-09,,326,Layoff,https://www.vec.virginia.gov/warn-notices
Jim Koons Automotive Companies,JIM KOONS AUTOMOTIVE COMPANIES,"Alexandria, Arlington, Falls Church, Sterling, Vienna & Woodbridge VA",,VA,2020-04-09,,148,Layoff,https://www.vec.virginia.gov/warn-notices
Pleasant Valley Medical Center,PLEASANT VALLEY MEDICAL CENTER,Virginia Beach VA,,VA,2020-04-09,,2,Layoff,https://www.vec.virginia.gov/warn-notices
Prospect International Airport Services Corp,PROSPECT INTERNATIONAL AIRPORT,Seattle,,WA,2020-04-09,2020-03-21,125,Temporary,https://esd.wa.gov/about-employees/WARN
Oki Developments Inc,OKI DEVELOPMENTS,Various locations in Washington,,WA,2020-04-09,2020-03-17,416,Temporary,https://esd.wa.gov/about-employees/WARN
"Toray Composite Materials America, Inc",TORAY COMPOSITE MATERIALS AMERICA,Tacoma,,WA,2020-04-09,2020-04-09,361,Temporary,https://esd.wa.gov/about-employees/WARN
"Superior Linen Service, Inc",SUPERIOR LINEN SERVICE,,,WA,2020-04-09,2020-04-09,57,Temporary,https://esd.wa.gov/about-employees/WARN
Tool Gauge and Machine Works,TOOL GAUGE AND MACHINE WORKS,Tacoma,,WA,2020-04-09,2020-04-16,1,Temporary,https://esd.wa.gov/about-employees/WARN
Pacific Northwest Ballet,PACIFIC NORTHWEST BALLET,Seattle,,WA,2020-04-09,2020-04-06,733,Temporary,https://esd.wa.gov/about-employees/WARN
VSPOne Olympia,VSPONE OLYMPIA,Lacey,,WA,2020-04-09,2020-04-10,78,Temporary,https://esd.wa.gov/about-employees/WARN
Olympic Sports & Spine,OLYMPIC SPORTS SPINE,King and Pierce Counties,,WA,2020-04-09,2020-04-13,100,Temporary,https://esd.wa.gov/about-employees/WARN
Medieval Times,MEDIEVAL TIMES,Dallas,Dallas,TX,2020-04-08,2020-03-12,190,,https://data.texas.gov/d/8w53-c4f6
Prospect Airport Services-DFW Airport,PROSPECT AIRPORT -DFW AIRPORT,DFW Airport,Tarrant,TX,2020-04-08,2020-03-20,201,,https://data.texas.gov/d/8w53-c4f6
The Oregon Clinic,THE OREGON CLINIC,Portland,,OR,2020-04-08,2020-03-16,820,Temporary Layoff,https://data.oregon.gov/d/ijbz-jpx8
Allura - OR,ALLURA - OR,White City,,OR,2020-04-08,2020-04-08,80,Other,https://data.oregon.gov/d/ijbz-jpx8
Phoenix Inn Suites,PHOENIX INN SUITES,Salem,,OR,2020-04-08,2020-03-27,15,Reduction,https://data.oregon.gov/d/ijbz-jpx8
Phoenix Inn Suites - Lake Oswego,PHOENIX INN SUITES - LAKE OSWEGO,Lake Oswego,,OR,2020-04-08,2020-03-27,12,Reduction,https://data.oregon.gov/d/ijbz-jpx8
The Grand Hotel in Salem,THE GRAND HOTEL IN SALEM,Salem,,OR,2020-04-08,2020-03-27,26,Reduction,https://data.oregon.gov/d/ijbz-jpx8
Phoenix Inn Suites - Albany,PHOENIX INN SUITES - ALBANY,Albany,,OR,2020-04-08,2020-03-27,13,Reduction,https://data.oregon.gov/d/ijbz-jpx8
The Grand Hotel at Bridgeport,THE GRAND HOTEL AT BRIDGEPORT,Tigard,,OR,2020-04-08,2020-03-27,28,Reduction,https://data.oregon.gov/d/ijbz-jpx8
The Salem Convention Center,THE SALEM CONVENTION CENTER,Salem,,OR,2020-04-08,2020-03-27,72,Reduction,https://data.oregon.gov/d/ijbz-jpx8
Phoenix Inn Suites - Eugene,PHOENIX INN SUITES - EUGENE,Eugene,,OR,2020-04-08,2020-03-27,21,Reduction,https://data.oregon.gov/d/ijbz-jpx8
Bentley's Grill,BENTLEY'S GRILL,Salem,,OR,2020-04-08,2020-03-27,40,Reduction,https://data.oregon.gov/d/ijbz-jpx8
Sysco,SYSCO,Front Royal VA,,VA,2020-04-08,,111,Layoff,https://www.vec.virginia.gov/warn-notices
Sysco,SYSCO,Front Royal VA,,VA,2020-04-08,,17,Layoff,https://www.vec.virginia.gov/warn-notices
Kaiser Aluminum,KAISER ALUMINUM,Richmond VA,,VA,2020-04-08,,78,Layoff,https://www.vec.virginia.gov/warn-notices
IGS,IGS,Chesterfield VA,,VA,2020-04-08,,73,Layoff,https://www.vec.virginia.gov/warn-notices
Sellen Construction,SELLEN CONSTRUCTION,Seattle,,WA,2020-04-08,2020-04-08,262,Temporary,https://esd.wa.gov/about-employees/WARN
Suit Supply (USA),SUIT SUPPLY ( ),Bellevue,,WA,2020-04-08,2020-03-29,18,Temporary,https://esd.wa.gov/about-employees/WARN
"Avis Budget Car Rental, LLC",AVIS BUDGET CAR RENTAL,"Seattle, Tukwila",,WA,2020-04-08,2020-03-10,173,Temporary,https://esd.wa.gov/about-employees/WARN
"Renaissance Marine Group, Inc",RENAISSANCE MARINE GROUP,Clarkston,,WA,2020-04-08,2020-04-13,97,Temporary,https://esd.wa.gov/about-employees/WARN
"Foushee and Associates Company, Inc",FOUSHEE AND ASSOCIATES,Bellevue,,WA,2020-04-08,2020-04-08,83,Temporary,https://esd.wa.gov/about-employees/WARN
Seattle Goodwill Industries,SEATTLE GOODWILL INDUSTRIES,Western Washington,,WA,2020-04-08,2020-04-03,2192,Temporary,https://esd.wa.gov/about-employees/WARN
North American Dental Group,NORTH AMERICAN DENTAL GROUP,Allen,Collin,TX,2020-04-07,2020-03-23,12,,https://data.texas.gov/d/8w53-c4f6
Universal Pressure Pumping-Pearsall,UNIVERSAL PRESSURE PUMPING-PEARSALL,Pearsall,Frio,TX,2020-04-07,2020-04-07,200,,https://data.texas.gov/d/8w53-c4f6
North American Dental - Roanoke,NORTH AMERICAN DENTAL - ROANOKE,Roanoke,Denton,TX,2020-04-07,2020-03-23,8,,https://data.texas.gov/d/8w53-c4f6
North American Dental - Tyler,NORTH AMERICAN DENTAL - TYLER,Tyler,Smith,TX,2020-04-07,2020-03-23,32,,https://data.texas.gov/d/8w53-c4f6
"Huhtamaki, Inc.",HUHTAMAKI,Paris,Lamar,TX,2020-04-07,2020-04-07,60,,https://data.texas.gov/d/8w53-c4f6
Halliburton-Elmendorf,HALLIBURTON-ELMENDORF,Elmendorf,Bexar,TX,2020-04-07,2020-04-07,384,,https://data.texas.gov/d/8w53-c4f6
Leggette & Pratt Inc.,LEGGETTE PRATT,Ennis,Ellis,TX,2020-04-07,2020-04-05,192,,https://data.texas.gov/d/8w53-c4f6
El Gallo-,EL GALLO-,Houston,Harris,TX,2020-04-07,2020-03-31,9,,https://data.texas.gov/d/8w53-c4f6
Epic Piping LLC,EPIC PIPING,San Marcos,Hays,TX,2020-04-07,2020-04-07,73,,https://data.texas.gov/d/8w53-c4f6
Avianca-Houston,AVIANCA-HOUSTON,Houston,Harris,TX,2020-04-07,2020-04-01,1,,https://data.texas.gov/d/8w53-c4f6
Avianca-DFW Airport,AVIANCA-DFW AIRPORT,DFW Airport,Dallas,TX,2020-04-07,2020-04-01,1,,https://data.texas.gov/d/8w53-c4f6
Frontier Enterp;rise,FRONTIER ENTERP;RISE,San Antonio,Bexar,TX,2020-04-07,2020-04-07,1000,,https://data.texas.gov/d/8w53-c4f6
YMCA-San Antonio,YMCA-SAN ANTONIO,San Antonio,Bexar,TX,2020-04-07,2020-03-18,1679,,https://data.texas.gov/d/8w53-c4f6
"Exeter Finance, LLC",EXETER FINANCE,Irving,Dallas,TX,2020-04-07,2020-04-07,29,,https://data.texas.gov/d/8w53-c4f6
ProPetro-Cement Operations Facility,PROPETRO-CEMENT OPERATIONS FACILITY,Midland,Midland,TX,2020-04-07,2020-04-07,39,,https://data.texas.gov/d/8w53-c4f6
G2 Secure Staff,G2 SECURE STAFF,Arlington VA,,VA,2020-04-07,,66,Layoff,https://www.vec.virginia.gov/warn-notices
Avianca,AVIANCA,Dulles VA,,VA,2020-04-07,,4,Layoff,https://www.vec.virginia.gov/warn-notices
"Cinemark USA, Inc",CINEMARK,"Federal Way, Olympia, Tacoma, Walla Walla, and Bellevue",,WA,2020-04-07,2020-03-26,303,Permanent,https://esd.wa.gov/about-employees/WARN
Spokane Industries,SPOKANE INDUSTRIES,Spokane Valley,,WA,2020-04-07,2020-04-08,113,Temporary,https://esd.wa.gov/about-employees/WARN
YMCA of Greater Seattle,YMCA OF GREATER SEATTLE,Seattle,,WA,2020-04-07,2020-03-28,2222,Temporary,https://esd.wa.gov/about-employees/WARN
Haliburton Energy Services-Brownfield,HALIBURTON ENERGY -BROWNFIELD,Brownfield,Terry,TX,2020-04-06,2020-04-06,41,,https://data.texas.gov/d/8w53-c4f6
Questo Beso,QUESTO BESO,Dallas,Dallas,TX,2020-04-06,2020-03-16,42,,https://data.texas.gov/d/8w53-c4f6
Scholastic Book Faris-Houston,SCHOLASTIC BOOK FARIS-HOUSTON,Houston,Harris,TX,2020-04-06,2020-04-23,86,,https://data.texas.gov/d/8w53-c4f6
Haliburton Energy Services-Odessa,HALIBURTON ENERGY -ODESSA,Odessa,Ector,TX,2020-04-06,2020-04-06,237,,https://data.texas.gov/d/8w53-c4f6
Traffic Los Angeles--Joule Hotel,TRAFFIC LOS ANGELES--JOULE HOTEL,Dallas,Dallas,TX,2020-04-06,2020-03-16,4,,https://data.texas.gov/d/8w53-c4f6
Forty Five Ten,FORTY FIVE TEN,Dallas,Dallas,TX,2020-04-06,2020-03-16,10,,https://data.texas.gov/d/8w53-c4f6
Scholastic Book Fairs-Waco,SCHOLASTIC BOOK FAIRS-WACO,Waco,McLennan,TX,2020-04-06,2020-03-20,43,,https://data.texas.gov/d/8w53-c4f6
Tango Room,TANGO ROOM,Dallas,Dallas,TX,2020-04-06,2020-03-16,2,,https://data.texas.gov/d/8w53-c4f6
"Wheelhouse, Sassetta",WHEELHOUSE SASSETTA,Dallas,Dallas,TX,2020-04-06,2020-03-16,82,,https://data.texas.gov/d/8w53-c4f6
The Porch,THE PORCH,Dallas,Dallas,TX,2020-04-06,2020-03-16,69,,https://data.texas.gov/d/8w53-c4f6
The Joule Hotel,THE JOULE HOTEL,Dallas,Dallas,TX,2020-04-06,2020-03-19,432,,https://data.texas.gov/d/8w53-c4f6
Forty Five Ten-Highland Park,FORTY FIVE TEN-HIGHLAND PARK,Dallas,Dallas,TX,2020-04-06,2020-03-16,34,,https://data.texas.gov/d/8w53-c4f6
Benihana-Plano,BENIHANA-PLANO,Plano,Collin,TX,2020-04-06,2020-03-18,56,,https://data.texas.gov/d/8w53-c4f6
"Vallourec Sta, LP",VALLOUREC STA,Houston,Harris,TX,2020-04-06,2020-05-09,144,,https://data.texas.gov/d/8w53-c4f6
The Commisary,THE COMMISARY,Dallas,Dallas,TX,2020-04-06,2020-03-16,19,,https://data.texas.gov/d/8w53-c4f6
Scholastic Book Fairs-Arlington,SCHOLASTIC BOOK FAIRS-ARLINGTON,Arlington,Tarrant,TX,2020-04-06,2020-03-24,85,,https://data.texas.gov/d/8w53-c4f6
Paul Martin's-Dallas,PAUL MARTIN'S-DALLAS,Dallas,Dallas,TX,2020-04-06,2020-04-07,57,,https://data.texas.gov/d/8w53-c4f6
Multnomah Athletic Club,MULTNOMAH ATHLETIC CLUB,Portland,,OR,2020-04-06,2020-05-01,635,Large Layoff - 10 or more workers,https://data.oregon.gov/d/ijbz-jpx8
EVRAZ - Portland,EVRAZ - PORTLAND,Portland,,OR,2020-04-06,2020-04-06,232,Reduction,https://data.oregon.gov/d/ijbz-jpx8
Washington Golf and Country Club,WASHINGTON GOLF AND COUNTRY CLUB,Arlington VA,,VA,2020-04-06,,188,Layoff,https://www.vec.virginia.gov/warn-notices
Miller's Ale House,MILLER'S ALE HOUSE,Sterling VA,,VA,2020-04-06,,73,Layoff,https://www.vec.virginia.gov/warn-notices
Bear Down Logistics,BEAR DOWN LOGISTICS,Richmond VA,,VA,2020-04-06,,75,Closure,https://www.vec.virginia.gov/warn-notices
"Northwest Aerospace Technologies, Inc",NORTHWEST AEROSPACE,Everett,,WA,2020-04-06,2020-04-06,92,Temporary,https://esd.wa.gov/about-employees/WARN
Ra Sushi-Austin,RA SUSHI-AUSTIN,Austin,Travis,TX,2020-04-05,2020-03-17,55,,https://data.texas.gov/d/8w53-c4f6
Ra Sushi-Southlake,RA SUSHI-SOUTHLAKE,Southlake,Tarrant,TX,2020-04-05,2020-03-18,33,,https://data.texas.gov/d/8w53-c4f6
Benihana Las Colinas,BENIHANA LAS COLINAS,Irving,Dallas,TX,2020-04-05,2020-03-17,53,,https://data.texas.gov/d/8w53-c4f6
Benihana Dallas,BENIHANA DALLAS,Dallas,Dallas,TX,2020-04-05,2020-03-17,72,,https://data.texas.gov/d/8w53-c4f6
Ra Sushi-Houston,RA SUSHI-HOUSTON,Houston,Harris,TX,2020-04-05,2020-03-17,67,,https://data.texas.gov/d/8w53-c4f6
Benihana-The Woodlands,BENIHANA-THE WOODLANDS,The Woodlands,Montgomery,TX,2020-04-05,2020-03-19,38,,https://data.texas.gov/d/8w53-c4f6
Benihana-Westhiemer,BENIHANA-WESTHIEMER,Houston,Harris,TX,2020-04-05,2020-03-17,52,,https://data.texas.gov/d/8w53-c4f6
Ra Sushi-Plano,RA SUSHI-PLANO,Plano,Collin,TX,2020-04-05,2020-03-18,44,,https://data.texas.gov/d/8w53-c4f6
Benihana-Houston,BENIHANA-HOUSTON,Houston,Harris,TX,2020-04-05,2020-03-17,41,,https://data.texas.gov/d/8w53-c4f6
Benihana-Sugarland,BENIHANA-SUGARLAND,Sugar Land,Fort Bend,TX,2020-04-05,2020-03-17,41,,https://data.texas.gov/d/8w53-c4f6
Justin Brands-W. Daggett,JUSTIN BRANDS-W DAGGETT,Ft. Worth,Tarrant,TX,2020-04-04,2020-04-05,121,,https://data.texas.gov/d/8w53-c4f6
David McDavid Acura,DAVID MCDAVID ACURA,Austin,Travis,TX,2020-04-03,2020-04-03,13,,https://data.texas.gov/d/8w53-c4f6
David McDavid Acura-Plano,DAVID MCDAVID ACURA-PLANO,Plano,Collin,TX,2020-04-03,2020-04-03,42,,https://data.texas.gov/d/8w53-c4f6
David McDavid- Lincoln,DAVID MCDAVID- LINCOLN,Plano,Collin,TX,2020-04-03,2020-04-03,27,,https://data.texas.gov/d/8w53-c4f6
JW Marriott Austin,JW MARRIOTT AUSTIN,Austin,Travis,TX,2020-04-03,2020-04-10,166,,https://data.texas.gov/d/8w53-c4f6
National Credit Services,NATIONAL CREDIT,Dallas,Dallas,TX,2020-04-03,2020-04-03,141,,https://data.texas.gov/d/8w53-c4f6
David McDavid- Ford,DAVID MCDAVID- FORD,Ft. Worth,Tarrant,TX,2020-04-03,2020-04-03,50,,https://data.texas.gov/d/8w53-c4f6
David McDavid- Honda,DAVID MCDAVID- HONDA,Irving,Dallas,TX,2020-04-03,2020-04-03,50,,https://data.texas.gov/d/8w53-c4f6
South Texas Eye Institute,SOUTH TEXAS EYE INSTITUTE,San Antonio,Bexar,TX,2020-04-03,2020-03-23,21,,https://data.texas.gov/d/8w53-c4f6
US Silica-Crane Facility,SILICA-CRANE FACILITY,Crane,Crane,TX,2020-04-03,2020-05-21,71,,https://data.texas.gov/d/8w53-c4f6
David McDavid Honda-Frisco,DAVID MCDAVID HONDA-FRISCO,Frisco,Collin,TX,2020-04-03,2020-04-03,67,,https://data.texas.gov/d/8w53-c4f6
"Roquemore Holdings, LLC",ROQUEMORE HOLDINGS,Garland,Dallas,TX,2020-04-03,2020-04-03,37,,https://data.texas.gov/d/8w53-c4f6
Global Investigative Services,GLOBAL INVESTIGATIVE,Garland,Dallas,TX,2020-04-03,2020-04-03,11,,https://data.texas.gov/d/8w53-c4f6
Turner Industries-Pasadena,TURNER INDUSTRIES-PASADENA,Pasadena,Harris,TX,2020-04-03,2020-06-05,105,,https://data.texas.gov/d/8w53-c4f6
Landmark Ford Lincoln,LANDMARK FORD LINCOLN,Tigard,,OR,2020-04-03,2020-03-25,46,Temporary Layoff,https://data.oregon.gov/d/ijbz-jpx8
Pac-12 Enterprises dba Pac-12 Networks,PAC-12 ENTERPRISES DBA PAC-12 NETWORKS,San Francisco,,OR,2020-04-03,2020-03-14,531,Other,https://data.oregon.gov/d/ijbz-jpx8
Carr Auto Group,CARR AUTO GROUP,Beaverton,,OR,2020-04-03,2020-04-03,54,Temporary Layoff,https://data.oregon.gov/d/ijbz-jpx8
"Back Thru The Future Computer Recycling, Inc.",BACK THRU THE FUTURE COMPUTER RECYCLING,Franklin,,NJ,,2020-04-03,15,,https://www.nj.gov/labor/employer-services/warn/
Highway Enterprises Inc.,HIGHWAY ENTERPRISES,Rockaway,,NJ,,2020-04-03,2,,https://www.nj.gov/labor/employer-services/warn/
Westwood Country Club,WESTWOOD COUNTRY CLUB,Vienna VA,,VA,2020-04-03,,90,Layoff,https://www.vec.virginia.gov/warn-notices
OneWeb,ONEWEB,McLean VA,,VA,2020-04-03,,301,Layoff,https://www.vec.virginia.gov/warn-notices
Asbury Automotive Group-Richmond BMW,ASBURY AUTOMOTIVE GROUP-RICHMOND BMW,Richmond VA,,VA,2020-04-03,,11,Layoff,https://www.vec.virginia.gov/warn-notices
Asbury Automotive Group-Crown MINI,ASBURY AUTOMOTIVE GROUP-CROWN MINI,Richmond VA,,VA,2020-04-03,,6,Layoff,https://www.vec.virginia.gov/warn-notices
Asbury Automotive Group-Crown Acura,ASBURY AUTOMOTIVE GROUP-CROWN ACURA,Richmond VA,,VA,2020-04-03,,8,Layoff,https://www.vec.virginia.gov/warn-notices
Asbury Automotive Group - Richmond BMW Midlothian,ASBURY AUTOMOTIVE GROUP - RICHMOND BMW MIDLOTHIAN,Midlothian VA,,VA,2020-04-03,,16,Layoff,https://www.vec.virginia.gov/warn-notices
"Universal Aerospace Co, Inc",UNIVERSAL AEROSPACE,Arlington,,WA,2020-04-03,2020-03-27,150,Temporary,https://esd.wa.gov/about-employees/WARN
"Pac-12 Enterprises, dba Pac-12 Networks",PAC-12 ENTERPRISES DBA PAC-12 NETWORKS,"Seattle, Pullman",,WA,2020-04-03,2020-03-14,531,Temporary,https://esd.wa.gov/about-employees/WARN
"Riverence Brood, LLC",RIVERENCE BROOD,Rochester,,WA,2020-04-03,2020-04-03,5,Temporary,https://esd.wa.gov/about-employees/WARN
Kinsel Ford-Toyota,KINSEL FORD-TOYOTA,Beaumont,Jefferson,TX,2020-04-02,2020-04-02,8,,https://data.texas.gov/d/8w53-c4f6
Martin-Brower Co. LLC,MARTIN-BROWER,Conroe,Montgomery,TX,2020-04-02,2020-04-02,44,,https://data.texas.gov/d/8w53-c4f6
Tandy Leather Co.,TANDY LEATHER,Ft. Worth,Tarrant,TX,2020-04-02,2020-04-01,14,,https://data.texas.gov/d/8w53-c4f6
"UTLX Manufacturing, Inc.",UTLX MANUFACTURING,Houston,Harris,TX,2020-04-02,2020-06-01,81,,https://data.texas.gov/d/8w53-c4f6
Turner Industries,TURNER INDUSTRIES,Paris,Lamar,TX,2020-04-02,2020-06-05,500,,https://data.texas.gov/d/8w53-c4f6
"Watson & Chalin Manufacturing, Inc. - McKinney",WATSON CHALIN MANUFACTURING - MCKINNEY,McKinney,Collin,TX,2020-04-02,2020-04-03,103,,https://data.texas.gov/d/8w53-c4f6
Pioneer Frozen Foods,PIONEER FROZEN FOODS,Duncanville,Dallas,TX,2020-04-02,2020-03-27,90,,https://data.texas.gov/d/8w53-c4f6
Palmer of Texas,PALMER OF TEXAS,Andrews,Andrews,TX,2020-04-02,2020-04-01,50,,https://data.texas.gov/d/8w53-c4f6
Fairfield Inn & Suites Dallas,FAIRFIELD INN SUITES DALLAS,Dallas,Dallas,TX,2020-04-02,2020-03-25,56,,https://data.texas.gov/d/8w53-c4f6
"Kinsel Ford, Inc.",KINSEL FORD,Beaumont,Jefferson,TX,2020-04-02,2020-04-02,19,,https://data.texas.gov/d/8w53-c4f6
Benihana,BENIHANA,Beaverton,,OR,2020-04-02,2020-03-17,57,Reduction,https://data.oregon.gov/d/ijbz-jpx8
Trump National Golf Club Washington D.C. LLC,TRUMP NATIONAL GOLF CLUB WASHINGTON D C,Potomac Falls VA,,VA,2020-04-02,,102,Layoff,https://www.vec.virginia.gov/warn-notices
Benihana National Corporation,BENIHANA NATIONAL,Dulles VA,,VA,2020-04-02,,22,Layoff,https://www.vec.virginia.gov/warn-notices
Wendle Motors Incorporated,WENDLE MOTORS,Spokane,,WA,2020-04-02,2020-03-20,59,Temporary,https://esd.wa.gov/about-employees/WARN
"Western Tile & Marble Contractors, Inc",WESTERN TILE MARBLE CONTRACTORS,Redmond,,WA,2020-04-02,2020-03-26,157,Temporary,https://esd.wa.gov/about-employees/WARN
Rover.com,ROVER COM,Seattle,,WA,2020-04-02,2020-04-01,163,Permanent,https://esd.wa.gov/about-employees/WARN
Avis Car Rental,AVIS CAR RENTAL,Dallas,Dallas,TX,2020-04-01,2020-03-13,901,,https://data.texas.gov/d/8w53-c4f6
Avis Car Rental-3937 26th Ave,AVIS CAR RENTAL-3937 26TH AVE,Dallas,Dallas,TX,2020-04-01,2020-03-11,12,,https://data.texas.gov/d/8w53-c4f6
Zachary Industrial-LyndellBaseII,ZACHARY INDUSTRIAL-LYNDELLBASEII,Houston,Harris,TX,2020-04-01,2020-03-30,288,,https://data.texas.gov/d/8w53-c4f6
Hampton Inn-Frisco,HAMPTON INN-FRISCO,Frisco,Collin,TX,2020-04-01,2020-04-01,11,,https://data.texas.gov/d/8w53-c4f6
Courtyard by Marriott Austin,COURTYARD BY MARRIOTT AUSTIN,Pflugerville,Travis,TX,2020-04-01,2020-04-01,53,,https://data.texas.gov/d/8w53-c4f6
Hyatt Place-Cedar Park,HYATT PLACE-CEDAR PARK,Cedar Park,Williamson,TX,2020-04-01,2020-04-01,12,,https://data.texas.gov/d/8w53-c4f6
Avis Car Rental-Cedar Springs,AVIS CAR RENTAL-CEDAR SPRINGS,Dallas,Dallas,TX,2020-04-01,2020-03-13,33,,https://data.texas.gov/d/8w53-c4f6
Avis Car Rental-3850 26th,AVIS CAR RENTAL-3850 26TH,Dallas,Dallas,TX,2020-04-01,2020-03-11,8,,https://data.texas.gov/d/8w53-c4f6
RLK Co. Timberline Lodge,RLK TIMBERLINE LODGE,Government Camp,,OR,2020-04-01,2020-03-23,471,Reduction,https://data.oregon.gov/d/ijbz-jpx8
Shamrock Foods Co.,SHAMROCK FOODS,Portland,,OR,2020-04-01,2020-04-01,8,Temporary Layoff,https://data.oregon.gov/d/ijbz-jpx8
MONOC - Monmouth Ocean Hospital Services Corp.,MONOC - MONMOUTH OCEAN HOSPITAL,Wall,,NJ,,2020-04-01,320,,https://www.nj.gov/labor/employer-services/warn/
Peserico USA Inc,PESERICO,hackensack,,NJ,,2020-04-01,2,,https://www.nj.gov/labor/employer-services/warn/
RevIgnition,REVIGNITION,Temecula,,NJ,,2020-04-01,1,,https://www.nj.gov/labor/employer-services/warn/
Scholle IPN Packaging Inc.,SCHOLLE IPN PACKAGING,Chilhowie VA,,VA,2020-04-01,,128,Layoff,https://www.vec.virginia.gov/warn-notices
Martin-Bower Compnay,MARTIN-BOWER COMPNAY,Manassas VA,,VA,2020-04-01,,61,Layoff,https://www.vec.virginia.gov/warn-notices
DTI Management LLC,DTI MANAGEMENT,Arlington VA,,VA,2020-04-01,,70,Layoff,https://www.vec.virginia.gov/warn-notices
Bartaco,BARTACO,Fairfax & Reston VA,,VA,2020-04-01,,175,Layoff,https://www.vec.virginia.gov/warn-notices
Roger Brown's Sports Bar & Restaurant Inc.,ROGER BROWN'S SPORTS BAR RESTAURANT,Portsmouth VA,,VA,2020-04-01,,46,Layoff,https://www.vec.virginia.gov/warn-notices
King & Prince Seafood,KING PRINCE SEAFOOD,Bellingham,,WA,2020-04-01,2020-04-06,31,Temporary,https://esd.wa.gov/about-employees/WARN
Open Square LLC,OPEN SQUARE,Seattle,,WA,2020-04-01,2020-04-01,70,Temporary,https://esd.wa.gov/about-employees/WARN
Rebound Orthopedics & Neurosurgery,REBOUND ORTHOPEDICS NEUROSURGERY,Vancouver,,WA,2020-04-01,2020-02-25,163,Temporary,https://esd.wa.gov/about-employees/WARN
Fixbrewhouse-El Paso,FIXBREWHOUSE-EL PASO,El Paso,El Paso,TX,2020-03-31,2020-05-01,127,,https://data.texas.gov/d/8w53-c4f6
El Gallo,EL GALLO,Houston,Harris,TX,2020-03-31,2020-03-31,10,,https://data.texas.gov/d/8w53-c4f6
Guadalajara Hacienda-,GUADALAJARA HACIENDA-,Shenandoah,Montgomery,TX,2020-03-31,2020-03-31,42,,https://data.texas.gov/d/8w53-c4f6
HMS Host-Lubbock Airport,HMS HOST-LUBBOCK AIRPORT,Lubbock,Lubbock,TX,2020-03-31,2020-03-19,15,,https://data.texas.gov/d/8w53-c4f6
HMS Host-El Paso Airport,HMS HOST-EL PASO AIRPORT,El Paso,El Paso,TX,2020-03-31,2020-03-19,70,,https://data.texas.gov/d/8w53-c4f6
Pioneer Frozen Foods-Dallas,PIONEER FROZEN FOODS-DALLAS,Dallas,Dallas,TX,2020-03-31,2020-04-03,70,,https://data.texas.gov/d/8w53-c4f6
Guadalajara Hacienda,GUADALAJARA HACIENDA,Katy,Fort Bend,TX,2020-03-31,2020-03-31,37,,https://data.texas.gov/d/8w53-c4f6
InterContinental-Stephen F Austin,INTERCONTINENTAL-STEPHEN F AUSTIN,Austin,Travis,TX,2020-03-31,2020-04-03,99,,https://data.texas.gov/d/8w53-c4f6
Guadalajara Grille,GUADALAJARA GRILLE,Houston,Harris,TX,2020-03-31,2020-03-31,36,,https://data.texas.gov/d/8w53-c4f6
Step Energy Services-Floresville,STEP ENERGY -FLORESVILLE,Floresville,Wilson,TX,2020-03-31,2020-04-16,69,,https://data.texas.gov/d/8w53-c4f6
Justin Brands-Ft Worth,JUSTIN BRANDS-FT WORTH,Fort Worth,Tarrant,TX,2020-03-31,2020-03-20,10,,https://data.texas.gov/d/8w53-c4f6
Fixbrewhouse-San Antonio,FIXBREWHOUSE-SAN ANTONIO,San Antonio,Bexar,TX,2020-03-31,2020-05-01,164,,https://data.texas.gov/d/8w53-c4f6
Justin Brands-Childress,JUSTIN BRANDS-CHILDRESS,Childress,Childress,TX,2020-03-31,2020-03-20,7,,https://data.texas.gov/d/8w53-c4f6
Great American Products Ltd.,GREAT AMERICAN PRODUCTS,New Braunfels,Comal,TX,2020-03-31,2020-03-25,1,,https://data.texas.gov/d/8w53-c4f6
Justin Brands-El Paso,JUSTIN BRANDS-EL PASO,El Paso,El Paso,TX,2020-03-31,2020-03-20,179,,https://data.texas.gov/d/8w53-c4f6
Holiday Inn-Riverwalk,HOLIDAY INN-RIVERWALK,San Antonio,Bexar,TX,2020-03-31,2020-04-03,61,,https://data.texas.gov/d/8w53-c4f6
Guadalajara Del Centro,GUADALAJARA DEL CENTRO,Houston,Harris,TX,2020-03-31,2020-04-01,71,,https://data.texas.gov/d/8w53-c4f6
SiteMinder Hospitality-Colonnade,SITEMINDER HOSPITALITY-COLONNADE,Addison,Dallas,TX,2020-03-31,2020-03-31,36,,https://data.texas.gov/d/8w53-c4f6
Drive Time,DRIVE TIME,Ft. Worth,Johnson,TX,2020-03-31,2020-03-30,108,,https://data.texas.gov/d/8w53-c4f6
"Flixbrewhouse-Cinema Breweries,Inc.",FLIXBREWHOUSE-CINEMA BREWERIES,Round Rock,Williamson,TX,2020-03-31,2020-05-01,168,,https://data.texas.gov/d/8w53-c4f6
Fixbrewhouse-Frisco,FIXBREWHOUSE-FRISCO,Frisco,Collin,TX,2020-03-31,2020-05-01,137,,https://data.texas.gov/d/8w53-c4f6
"uShip, Inc.",USHIP,Austin,Travis,TX,2020-03-31,2020-04-09,65,,https://data.texas.gov/d/8w53-c4f6
Justin Brands-N. Desert,JUSTIN BRANDS-N DESERT,El Paso,El Paso,TX,2020-03-31,2020-03-20,5,,https://data.texas.gov/d/8w53-c4f6
Justin Brands--Gateway W,JUSTIN BRANDS--GATEWAY W,El Paso,El Paso,TX,2020-03-31,2020-03-16,6,,https://data.texas.gov/d/8w53-c4f6
Justin Brands-1756 Gateway,JUSTIN BRANDS-1756 GATEWAY,El Paso,El Paso,TX,2020-03-31,2020-03-20,6,,https://data.texas.gov/d/8w53-c4f6
Justin Brands-7100 Gateway E,JUSTIN BRANDS-7100 GATEWAY E,El Paso,El Paso,TX,2020-03-31,2020-03-20,6,,https://data.texas.gov/d/8w53-c4f6
"DynaEnergetics US, Inc.",DYNAENERGETICS,Blum,Hill,TX,2020-03-31,2020-03-31,85,,https://data.texas.gov/d/8w53-c4f6
John's Incredible Pizza Company,JOHN'S INCREDIBLE PIZZA,Beaverton,,OR,2020-03-31,2020-04-03,74,Temporary Layoff,https://data.oregon.gov/d/ijbz-jpx8
SAS Restaurant Ventures,SAS RESTAURANT VENTURES,Ontario,,OR,2020-03-31,2020-03-31,32,Temporary Layoff,https://data.oregon.gov/d/ijbz-jpx8
JACK DANIELS MOTORS INC,JACK DANIELS MOTORS,upper saddle River,,NJ,,2020-03-31,90,,https://www.nj.gov/labor/employer-services/warn/
JACK DANIELS MOTORS K,JACK DANIELS MOTORS K,upper saddle River,,NJ,,2020-03-31,15,,https://www.nj.gov/labor/employer-services/warn/
Aldo US INC,ALDO,Lake Saint Louis,,NJ,,2020-03-31,189,,https://www.nj.gov/labor/employer-services/warn/
The Brunswick School,THE BRUNSWICK SCHOOL,Jersey City,,NJ,,2020-03-31,123,,https://www.nj.gov/labor/employer-services/warn/
Super Shoes,SUPER SHOES,"Staunton, Charlottesville, Lynchburg & Harrisonburg VA",,VA,2020-03-31,,33,Layoff,https://www.vec.virginia.gov/warn-notices
OTG DCA Venture II LLC,OTG DCA VENTURE II,Arlington VA,,VA,2020-03-31,,121,Layoff,https://www.vec.virginia.gov/warn-notices
Crescent Hotels & Resorts,CRESCENT HOTELS RESORTS,Tysons VA,,VA,2020-03-31,,171,Layoff,https://www.vec.virginia.gov/warn-notices
Jim's Formal Wear,JIM'S FORMAL WEAR,Richmond VA,,VA,2020-03-31,,44,Layoff,https://www.vec.virginia.gov/warn-notices
Bethlehem Construction,BETHLEHEM CONSTRUCTION,Cashmere,,WA,2020-03-31,2020-03-25,67,Temporary,https://esd.wa.gov/about-employees/WARN
"Northwest Aerospace Technologies, Inc",NORTHWEST AEROSPACE,Everett,,WA,2020-03-31,2020-03-30,73,Permanent,https://esd.wa.gov/about-employees/WARN
"Eye Associates Northwest, PC",EYE ASSOCIATES NORTHWEST PC,"Seattle, Kirkland",,WA,2020-03-31,2020-03-21,106,Temporary,https://esd.wa.gov/about-employees/WARN
YMCA of Snohomish County,YMCA OF SNOHOMISH COUNTY,Everett,,WA,2020-03-31,2020-03-30,38,Temporary,https://esd.wa.gov/about-employees/WARN
Sport Clips - FM620,SPORT CLIPS - FM620,Austin,Travis,TX,2020-03-30,2020-03-28,6,,https://data.texas.gov/d/8w53-c4f6
Sport Clips - Trimmier Rd,SPORT CLIPS - TRIMMIER RD,Killeen,Bell,TX,2020-03-30,2020-03-28,10,,https://data.texas.gov/d/8w53-c4f6
Sport Clips - Hwy 190,SPORT CLIPS - HWY 190,Copperas Cove,Coryell,TX,2020-03-30,2020-03-28,9,,https://data.texas.gov/d/8w53-c4f6
Sport Clips - Town Center,SPORT CLIPS - TOWN CENTER,Pflugerville,Travis,TX,2020-03-30,2020-03-28,12,,https://data.texas.gov/d/8w53-c4f6
Sport Clips - Frontage Rd.,SPORT CLIPS - FRONTAGE RD,Austin,Travis,TX,2020-03-30,2020-03-28,13,,https://data.texas.gov/d/8w53-c4f6
Sport Clips - Shops Pkwy,SPORT CLIPS - SHOPS PKWY,Austin,Travis,TX,2020-03-30,2020-03-28,13,,https://data.texas.gov/d/8w53-c4f6
Sport Clips - S. IH-35 Round Rock,SPORT CLIPS - S IH-35 ROUND ROCK,Round Rock,Williamson,TX,2020-03-30,2020-03-28,6,,https://data.texas.gov/d/8w53-c4f6
Sport Clips - Walton Way,SPORT CLIPS - WALTON WAY,Cedar Park,Williamson,TX,2020-03-30,2020-03-28,8,,https://data.texas.gov/d/8w53-c4f6
Veritas Shop Fabrication,VERITAS SHOP FABRICATION,Whitehouse,Smith,TX,2020-03-30,2020-03-26,67,,https://data.texas.gov/d/8w53-c4f6
Holiday Inn Army Hotels,HOLIDAY INN ARMY HOTELS,San Antonio,Bexar,TX,2020-03-30,2020-04-17,61,,https://data.texas.gov/d/8w53-c4f6
Sport Clips - Palm Valley,SPORT CLIPS - PALM VALLEY,Round Rock,Williamson,TX,2020-03-30,2020-03-28,8,,https://data.texas.gov/d/8w53-c4f6
Sport Clips - University Oaks,SPORT CLIPS - UNIVERSITY OAKS,Round Rock,Williamson,TX,2020-03-30,2020-03-28,9,,https://data.texas.gov/d/8w53-c4f6
Sport Clips - Whitestone Blvd,SPORT CLIPS - WHITESTONE BLVD,Cedar Park,Williamson,TX,2020-03-30,2020-03-28,10,,https://data.texas.gov/d/8w53-c4f6
Sport Clips - Kyle Parkway,SPORT CLIPS - KYLE PARKWAY,Kyle,Hays,TX,2020-03-30,2020-03-28,12,,https://data.texas.gov/d/8w53-c4f6
Sports Clips - San Antonio Rd,SPORTS CLIPS - SAN ANTONIO RD,Buda,Hays,TX,2020-03-30,2020-03-28,7,,https://data.texas.gov/d/8w53-c4f6
Double Tree by Hilton Hotel,DOUBLE TREE BY HILTON HOTEL,Austin,Travis,TX,2020-03-30,2020-03-13,63,,https://data.texas.gov/d/8w53-c4f6
Sport Clips - Agnes St.,SPORT CLIPS - AGNES ST,Bastrop,Bastrop,TX,2020-03-30,2020-03-28,11,,https://data.texas.gov/d/8w53-c4f6
Sport Clips - Rivery Blvd.,SPORT CLIPS - RIVERY BLVD,Georgetown,Williamson,TX,2020-03-30,2020-03-28,17,,https://data.texas.gov/d/8w53-c4f6
Drive Time - Houston,DRIVE TIME - HOUSTON,Houston,Fort Bend,TX,2020-03-30,2020-03-30,61,,https://data.texas.gov/d/8w53-c4f6
Hilton Houston Westchase,HILTON HOUSTON WESTCHASE,Houston,Harris,TX,2020-03-30,2020-03-27,50,,https://data.texas.gov/d/8w53-c4f6
IKO Southwest LLC,IKO SOUTHWEST,Hillsboro,Hill,TX,2020-03-30,2020-03-30,31,,https://data.texas.gov/d/8w53-c4f6
"EMI Industries, LLC",EMI INDUSTRIES,Arlington,Tarrant,TX,2020-03-30,,30,,https://data.texas.gov/d/8w53-c4f6
Sport Clips - N. Mopac,SPORT CLIPS - N MOPAC,Austin,Travis,TX,2020-03-30,2020-03-28,12,,https://data.texas.gov/d/8w53-c4f6
Sport clips - Bee Caves,SPORT CLIPS - BEE CAVES,Austin,Travis,TX,2020-03-30,2020-03-28,6,,https://data.texas.gov/d/8w53-c4f6
Sport Clips - Lakeline,SPORT CLIPS - LAKELINE,Austin,Travis,TX,2020-03-30,2020-03-28,9,,https://data.texas.gov/d/8w53-c4f6
Sport Clips - Hwy. 290,SPORT CLIPS - HWY 290,Austin,Travis,TX,2020-03-30,2020-03-28,13,,https://data.texas.gov/d/8w53-c4f6
Boardwalk 1000 LLC,BOARDWALK 1000,Atlantic City,,NJ,,2020-03-30,0,,https://www.nj.gov/labor/employer-services/warn/
Hard Rock Cafe,HARD ROCK CAFE,Atlantic City,,NJ,,2020-03-30,200,,https://www.nj.gov/labor/employer-services/warn/
Jackson's Mighty Fine Food & Luck Lounge,JACKSON'S MIGHTY FINE FOOD LUCK LOUNGE,Reston VA,,VA,2020-03-30,,137,Layoff,https://www.vec.virginia.gov/warn-notices
Costal Flats Tysons,COSTAL FLATS TYSONS,McLean VA,,VA,2020-03-30,,135,Layoff,https://www.vec.virginia.gov/warn-notices
First Home Care,FIRST HOME CARE,Newport News & Portsmouth VA,,VA,2020-03-30,,43,Closure,https://www.vec.virginia.gov/warn-notices
First Home Care Mental Health Services,FIRST HOME CARE MENTAL HEALTH,Richmond VA,,VA,2020-03-30,,18,Closure,https://www.vec.virginia.gov/warn-notices
"ALSCO, Inc",ALSCO,Kent,,WA,2020-03-30,2020-03-23,84,Temporary,https://esd.wa.gov/about-employees/WARN
"Collegiate Hotel Group, LLC",COLLEGIATE HOTEL GROUP,Seattle,,WA,2020-03-30,2020-03-16,45,Temporary,https://esd.wa.gov/about-employees/WARN
RL Hotel Olympia,RL HOTEL OLYMPIA,Olympia,,WA,2020-03-30,2020-03-12,35,Temporary,https://esd.wa.gov/about-employees/WARN
"Big Al's, Inc",BIG AL'S,Vancouver,,WA,2020-03-30,2020-03-18,117,Temporary,https://esd.wa.gov/about-employees/WARN
Paper Source,PAPER SOURCE,"Seattle, Bellevue",,WA,2020-03-30,2020-03-29,52,Temporary,https://esd.wa.gov/about-employees/WARN
"Kirkland Automotive Holdings I, LLC",KIRKLAND AUTOMOTIVE HOLDINGS I,Kirkland,,WA,2020-03-30,2020-03-25,46,Temporary,https://esd.wa.gov/about-employees/WARN
"Kirkland Automotive Holdings II, LLC",KIRKLAND AUTOMOTIVE HOLDINGS II,Kirkland,,WA,2020-03-30,2020-03-25,75,Temporary,https://esd.wa.gov/about-employees/WARN
"Gee Automotive Liberty Lake, LLC",GEE AUTOMOTIVE LIBERTY LAKE,Liberty Lake,,WA,2020-03-30,2020-03-25,97,Temporary,https://esd.wa.gov/about-employees/WARN
"Ahern Rentals, Inc",AHERN RENTALS,"Arlington, Fife",,WA,2020-03-30,2020-03-30,2,Permanent,https://esd.wa.gov/about-employees/WARN
Suitssupply-Dallas,SUITSSUPPLY-DALLAS,Dallas,Dallas,TX,2020-03-29,2020-03-29,19,,https://data.texas.gov/d/8w53-c4f6
Suitsupply-Austin,SUITSUPPLY-AUSTIN,Austin,Travis,TX,2020-03-29,2020-03-29,7,,https://data.texas.gov/d/8w53-c4f6
Paper Source,PAPER SOURCE,Summit,,NJ,,2020-03-29,0,,https://www.nj.gov/labor/employer-services/warn/
"Drs Zunger and James, LLP",DRS ZUNGER AND JAMES,Manalapan,,NJ,,2020-03-29,10,,https://www.nj.gov/labor/employer-services/warn/
Ahern Rentals-El Paso,AHERN RENTALS-EL PASO,El Paso,El Paso,TX,2020-03-28,2020-03-30,1,,https://data.texas.gov/d/8w53-c4f6
Ahern Rentals-Corpus Christi.,AHERN RENTALS-CORPUS CHRISTI,Corpus Ch,Nueces,TX,2020-03-28,2020-03-30,1,,https://data.texas.gov/d/8w53-c4f6
Ahern Rentals-Irving,AHERN RENTALS-IRVING,Irving,Dallas,TX,2020-03-28,2020-03-30,12,,https://data.texas.gov/d/8w53-c4f6
Ahern Rentals-Lubbock,AHERN RENTALS-LUBBOCK,Lubbock,Lubbock,TX,2020-03-28,2020-03-30,1,,https://data.texas.gov/d/8w53-c4f6
Ahern Rentals-Houston,AHERN RENTALS-HOUSTON,Houston,Harris,TX,2020-03-28,2020-03-30,12,,https://data.texas.gov/d/8w53-c4f6
Ahern Rentals-Ft Worth,AHERN RENTALS-FT WORTH,Fort Worth,Tarrant,TX,2020-03-28,2020-03-30,3,,https://data.texas.gov/d/8w53-c4f6
Ahern Rentals-San Antonio,AHERN RENTALS-SAN ANTONIO,San Antonio,Bexar,TX,2020-03-28,2020-03-30,2,,https://data.texas.gov/d/8w53-c4f6
The Alexandrian Hotel,THE ALEXANDRIAN HOTEL,Alexandria VA,,VA,2020-03-28,,115,Layoff,https://www.vec.virginia.gov/warn-notices
Paper Source-N. Lamar,PAPER SOURCE-N LAMAR,Austin,Travis,TX,2020-03-27,2020-03-29,12,,https://data.texas.gov/d/8w53-c4f6
Down on Grayson,DOWN ON GRAYSON,San Antonio,Bexar,TX,2020-03-27,2020-03-18,75,,https://data.texas.gov/d/8w53-c4f6
DriveTime Automotive-Houston,DRIVETIME AUTOMOTIVE-HOUSTON,Houston,Harris,TX,2020-03-27,2020-03-30,61,,https://data.texas.gov/d/8w53-c4f6
Westin Stonbriar Hotel,WESTIN STONBRIAR HOTEL,Frisco,Collin,TX,2020-03-27,2020-03-20,123,,https://data.texas.gov/d/8w53-c4f6
Paper Source-Southlake,PAPER SOURCE-SOUTHLAKE,Southlake,Denton,TX,2020-03-27,2020-03-29,6,,https://data.texas.gov/d/8w53-c4f6
"Charbonneau Industries, Inc.",CHARBONNEAU INDUSTRIES,Houston,Harris,TX,2020-03-27,2020-04-10,60,,https://data.texas.gov/d/8w53-c4f6
Paper Source-Palm Way,PAPER SOURCE-PALM WAY,Austin,Travis,TX,2020-03-27,2020-03-29,10,,https://data.texas.gov/d/8w53-c4f6
Charbonneau Ind.-Warehouse,CHARBONNEAU IND -WAREHOUSE,Houston,Harris,TX,2020-03-27,2020-04-10,20,,https://data.texas.gov/d/8w53-c4f6
Trico Products,TRICO PRODUCTS,Brownsville,Cameron,TX,2020-03-27,2020-03-30,212,,https://data.texas.gov/d/8w53-c4f6
Paper Source,PAPER SOURCE,Dallas,Dallas,TX,2020-03-27,2020-03-29,11,,https://data.texas.gov/d/8w53-c4f6
Pinnacle Logistics,PINNACLE LOGISTICS,Dallas,Dallas,TX,2020-03-27,2020-03-28,134,,https://data.texas.gov/d/8w53-c4f6
Dorman Milano Hat Co.,DORMAN MILANO HAT,Dallas,Dallas,TX,2020-03-27,2020-03-31,20,,https://data.texas.gov/d/8w53-c4f6
Paper Source-Cole Ave,PAPER SOURCE-COLE AVE,Dallas,Dallas,TX,2020-03-27,2020-03-29,10,,https://data.texas.gov/d/8w53-c4f6
Paper Source-Town and Country,PAPER SOURCE-TOWN AND COUNTRY,Houston,Harris,TX,2020-03-27,2020-03-29,10,,https://data.texas.gov/d/8w53-c4f6
Paper Source-Plano,PAPER SOURCE-PLANO,Plano,Collin,TX,2020-03-27,2020-03-29,8,,https://data.texas.gov/d/8w53-c4f6
Rosewood Mansion,ROSEWOOD MANSION,Dallas,Dallas,TX,2020-03-27,2020-03-27,1,,https://data.texas.gov/d/8w53-c4f6
Paper Source-Westheimer,PAPER SOURCE-WESTHEIMER,Houston,Harris,TX,2020-03-27,2020-03-29,17,,https://data.texas.gov/d/8w53-c4f6
"Compeat, Inc.",COMPEAT,Austin,Travis,TX,2020-03-27,2020-03-31,56,,https://data.texas.gov/d/8w53-c4f6
Paper Source - Tigard,PAPER SOURCE - TIGARD,Tigard,,OR,2020-03-27,2020-03-29,13,Temporary Layoff,https://data.oregon.gov/d/ijbz-jpx8
Paper Source - Portland,PAPER SOURCE - PORTLAND,Portland,,OR,2020-03-27,2020-03-29,13,Temporary Layoff,https://data.oregon.gov/d/ijbz-jpx8
Pendry Natirar LLC,PENDRY NATIRAR,Peapack,,NJ,,2020-03-27,122,,https://www.nj.gov/labor/employer-services/warn/
Phelan Hallinan Diamond & Jones,PHELAN HALLINAN DIAMOND JONES,Philadelphia,,NJ,,2020-03-27,50,,https://www.nj.gov/labor/employer-services/warn/
"AC Ocean Walk, LLC",AC OCEAN WALK,Atlantic City,,NJ,,2020-03-27,2948,,https://www.nj.gov/labor/employer-services/warn/
Paper Source,PAPER SOURCE,"Fairfax, Alexandria & Reston VA",,VA,2020-03-27,,44,Layoff,https://www.vec.virginia.gov/warn-notices
Alsco,ALSCO,Alexandria VA,,VA,2020-03-27,,102,Layoff,https://www.vec.virginia.gov/warn-notices
Paper Source,PAPER SOURCE,Virginia Beach VA,,VA,2020-03-27,,6,Layoff,https://www.vec.virginia.gov/warn-notices
Paper Source,PAPER SOURCE,Richmond VA,,VA,2020-03-27,,11,Layoff,https://www.vec.virginia.gov/warn-notices
IHG Army Hotels,IHG ARMY HOTELS,Fort Lee VA,,VA,2020-03-27,,74,Layoff,https://www.vec.virginia.gov/warn-notices
Alsco,ALSCO,Colonial Heights VA,,VA,2020-03-27,,114,Layoff,https://www.vec.virginia.gov/warn-notices
"365 Hospitality Associates, LLC",365 HOSPITALITY ASSOCIATES,Seattle,,WA,2020-03-27,2020-03-16,84,Temporary,https://esd.wa.gov/about-employees/WARN
"National Products, Inc",NATIONAL PRODUCTS,Seattle,,WA,2020-03-27,2020-03-27,169,Permanent,https://esd.wa.gov/about-employees/WARN
King & Prince Seafood,KING PRINCE SEAFOOD,Redmond,,WA,2020-03-27,2020-03-30,116,Temporary,https://esd.wa.gov/about-employees/WARN
Electronic Recyclers International Inc,ELECTRONIC RECYCLERS INTERNATIONAL,Sumner,,WA,2020-03-27,2020-03-23,15,Temporary,https://esd.wa.gov/about-employees/WARN
Cinemark 14 Round Rock,CINEMARK 14 ROUND ROCK,Round Rock,Williamson,TX,2020-03-26,2020-03-26,52,,https://data.texas.gov/d/8w53-c4f6
Mall de Las Aguilas 7,MALL DE LAS AGUILAS 7,Eagle Pass,Maverick,TX,2020-03-26,2020-03-26,23,,https://data.texas.gov/d/8w53-c4f6
Century 12 Odessa,CENTURY 12 ODESSA,Odessa,Ector,TX,2020-03-26,2020-03-26,24,,https://data.texas.gov/d/8w53-c4f6
Hollywood USA - Amarillo,HOLLYWOOD - AMARILLO,Amarillo,Potter,TX,2020-03-26,2020-03-26,35,,https://data.texas.gov/d/8w53-c4f6
Movies 8 Paris,MOVIES 8 PARIS,Paris,Lamar,TX,2020-03-26,2020-03-26,15,,https://data.texas.gov/d/8w53-c4f6
Cinemark 14 Texarkana,CINEMARK 14 TEXARKANA,Texarkana,Bowie,TX,2020-03-26,2020-03-26,48,,https://data.texas.gov/d/8w53-c4f6
Movies 8 Del Rio,MOVIES 8 DEL RIO,Del Rio,Val Verde,TX,2020-03-26,2020-03-26,21,,https://data.texas.gov/d/8w53-c4f6
Pappas Seafood House (FM 1960),PAPPAS SEAFOOD HOUSE (FM 1960),Humble,Harris,TX,2020-03-26,2020-03-16,152,,https://data.texas.gov/d/8w53-c4f6
Tinseltown Mission,TINSELTOWN MISSION,Mission,Hidalgo,TX,2020-03-26,2020-03-26,23,,https://data.texas.gov/d/8w53-c4f6
Cinemark Rockwall 14 and XD,CINEMARK ROCKWALL 14 AND XD,Rockwall,Rockwall,TX,2020-03-26,2020-03-26,54,,https://data.texas.gov/d/8w53-c4f6
Movies 8 Round Rock,MOVIES 8 ROUND ROCK,Round Rock,Williamson,TX,2020-03-26,2020-03-26,23,,https://data.texas.gov/d/8w53-c4f6
Pappas Bar-B-Q 06,PAPPAS BAR-B-Q 06,Houston,Harris,TX,2020-03-26,2020-03-16,39,,https://data.texas.gov/d/8w53-c4f6
Cinemark Southpark Meadows,CINEMARK SOUTHPARK MEADOWS,Austin,Travis,TX,2020-03-26,2020-03-26,58,,https://data.texas.gov/d/8w53-c4f6
Fossil Group,FOSSIL GROUP,Dallas,Dallas,TX,2020-03-26,2020-03-30,222,,https://data.texas.gov/d/8w53-c4f6
Kirchhoff Automotive,KIRCHHOFF AUTOMOTIVE,Garland,Dallas,TX,2020-03-26,2020-03-20,148,,https://data.texas.gov/d/8w53-c4f6
Hollywood USA Movies 15,HOLLYWOOD MOVIES 15,Garland,Dallas,TX,2020-03-26,2020-03-26,20,,https://data.texas.gov/d/8w53-c4f6
Pappas Bar-B-Q 02,PAPPAS BAR-B-Q 02,Houston,Harris,TX,2020-03-26,2020-03-16,50,,https://data.texas.gov/d/8w53-c4f6
Cinemark Grand Prairie,CINEMARK GRAND PRAIRIE,Grand Prairie,Dallas,TX,2020-03-26,2020-03-26,54,,https://data.texas.gov/d/8w53-c4f6
Pappas Bar-B-Q 03,PAPPAS BAR-B-Q 03,Houston,Harris,TX,2020-03-26,2020-03-16,32,,https://data.texas.gov/d/8w53-c4f6
Lewis Energy-Encinal,LEWIS ENERGY-ENCINAL,Encinal,La Salle,TX,2020-03-26,2020-05-01,187,,https://data.texas.gov/d/8w53-c4f6
Cinemark McKinney,CINEMARK MCKINNEY,McKinney,Collin,TX,2020-03-26,2020-03-26,67,,https://data.texas.gov/d/8w53-c4f6
"Tincup Water Solutions, LLC",TINCUP WATER,Stockdale,Wilson,TX,2020-03-26,2020-03-24,127,,https://data.texas.gov/d/8w53-c4f6
McCreless Mall 10,MCCRELESS MALL 10,San Antonio,Bexar,TX,2020-03-26,2020-03-26,21,,https://data.texas.gov/d/8w53-c4f6
North East Mall 18,NORTH EAST MALL 18,Hurst,Tarrant,TX,2020-03-26,2020-03-26,62,,https://data.texas.gov/d/8w53-c4f6
Tinseltown San Angelo,TINSELTOWN SAN ANGELO,San Angelo,Tom Green,TX,2020-03-26,2020-03-26,47,,https://data.texas.gov/d/8w53-c4f6
Harker Heights 16,HARKER HEIGHTS 16,Harker Heights,Bell,TX,2020-03-26,2020-03-26,48,,https://data.texas.gov/d/8w53-c4f6
Cinemark Temple 12,CINEMARK TEMPLE 12,Temple,Bell,TX,2020-03-26,2020-03-26,43,,https://data.texas.gov/d/8w53-c4f6
Cinemark Stone Hill Town Center,CINEMARK STONE HILL TOWN CENTER,Pflugerville,Travis,TX,2020-03-26,2020-03-26,29,,https://data.texas.gov/d/8w53-c4f6
Cinemark 12 and XD,CINEMARK 12 AND XD,Mansfield,Johnson,TX,2020-03-26,2020-03-26,53,,https://data.texas.gov/d/8w53-c4f6
Pappas Bar-B-Q 04,PAPPAS BAR-B-Q 04,Houston,Harris,TX,2020-03-26,2020-03-16,58,,https://data.texas.gov/d/8w53-c4f6
Pappasito's 19,PAPPASITO'S 19,Houston,Harris,TX,2020-03-26,2020-03-16,28,,https://data.texas.gov/d/8w53-c4f6
Pappasito's 18,PAPPASITO'S 18,Houston,Harris,TX,2020-03-26,2020-03-16,29,,https://data.texas.gov/d/8w53-c4f6
Suitsupply-Houston,SUITSUPPLY-HOUSTON,Houston,Harris,TX,2020-03-26,2020-03-29,15,,https://data.texas.gov/d/8w53-c4f6
Suitsupply-The Woodlands,SUITSUPPLY-THE WOODLANDS,The Woodlands,Montgomery,TX,2020-03-26,2020-03-29,6,,https://data.texas.gov/d/8w53-c4f6
Cinemark 12 Cypress,CINEMARK 12 CYPRESS,Cypress,Harris,TX,2020-03-26,2020-03-26,67,,https://data.texas.gov/d/8w53-c4f6
Brazos Town Center 12,BRAZOS TOWN CENTER 12,Rosenberg,Fort Bend,TX,2020-03-26,2020-03-26,34,,https://data.texas.gov/d/8w53-c4f6
Pappasito's 14,PAPPASITO'S 14,Houston,Harris,TX,2020-03-26,2020-03-16,128,,https://data.texas.gov/d/8w53-c4f6
Victoria Mall,VICTORIA MALL,Victoria,Victoria,TX,2020-03-26,2020-03-26,23,,https://data.texas.gov/d/8w53-c4f6
Hydraulic Fracturing Facility,HYDRAULIC FRACTURING FACILITY,Midland,Midland,TX,2020-03-26,2020-03-26,388,,https://data.texas.gov/d/8w53-c4f6
Suitsupply-Plano,SUITSUPPLY-PLANO,Plano,Collin,TX,2020-03-26,2020-03-29,9,,https://data.texas.gov/d/8w53-c4f6
Pappas Bar-B-Q 08,PAPPAS BAR-B-Q 08,Houston,Harris,TX,2020-03-26,2020-03-16,43,,https://data.texas.gov/d/8w53-c4f6
Pappasito's 21,PAPPASITO'S 21,Houston,Harris,TX,2020-03-26,2020-03-16,117,,https://data.texas.gov/d/8w53-c4f6
Cinemark Lufkin 12,CINEMARK LUFKIN 12,Lufkin,Angelina,TX,2020-03-26,2020-03-26,28,,https://data.texas.gov/d/8w53-c4f6
Pappasito's 22,PAPPASITO'S 22,Houston,Harris,TX,2020-03-26,2020-03-16,117,,https://data.texas.gov/d/8w53-c4f6
Movies 14 Lancaster,MOVIES 14 LANCASTER,Lancaster,Dallas,TX,2020-03-26,2020-03-26,54,,https://data.texas.gov/d/8w53-c4f6
Pappasito's 23,PAPPASITO'S 23,Shenandoah,Montgomery,TX,2020-03-26,2020-03-17,180,,https://data.texas.gov/d/8w53-c4f6
Pappas Bar-B-Q 01,PAPPAS BAR-B-Q 01,Houston,Harris,TX,2020-03-26,2020-03-16,44,,https://data.texas.gov/d/8w53-c4f6
MicroStar Quality Services,MICROSTAR QUALITY,Eagle Pass,Maverick,TX,2020-03-26,2020-03-27,74,,https://data.texas.gov/d/8w53-c4f6
Athens Cinema 4,ATHENS CINEMA 4,Athens,Henderson,TX,2020-03-26,2020-03-26,9,,https://data.texas.gov/d/8w53-c4f6
Cinemark Webster,CINEMARK WEBSTER,Webster,Harris,TX,2020-03-26,2020-03-26,77,,https://data.texas.gov/d/8w53-c4f6
Cinemark at Market Street,CINEMARK AT MARKET STREET,The Woodlands,Montgomery,TX,2020-03-26,2020-03-26,15,,https://data.texas.gov/d/8w53-c4f6
Cinemark Brownsville,CINEMARK BROWNSVILLE,Brownsville,Cameron,TX,2020-03-26,2020-03-26,57,,https://data.texas.gov/d/8w53-c4f6
Cinemark Houston,CINEMARK HOUSTON,Houston,Harris,TX,2020-03-26,2020-03-26,53,,https://data.texas.gov/d/8w53-c4f6
Movies 10 Brownsville,MOVIES 10 BROWNSVILLE,Brownsville,Cameron,TX,2020-03-26,2020-03-26,30,,https://data.texas.gov/d/8w53-c4f6
Cinemark New Caney and XD,CINEMARK NEW CANEY AND XD,New Caney,Montgomery,TX,2020-03-26,2020-03-26,43,,https://data.texas.gov/d/8w53-c4f6
Cinemark 17,CINEMARK 17,Dallas,Dallas,TX,2020-03-26,2020-03-26,58,,https://data.texas.gov/d/8w53-c4f6
Cinemark 19,CINEMARK 19,Katy,Fort Bend,TX,2020-03-26,2020-03-26,61,,https://data.texas.gov/d/8w53-c4f6
Tinseltown USA Pflugerville,TINSELTOWN PFLUGERVILLE,Pflugerville,Travis,TX,2020-03-26,2020-03-26,97,,https://data.texas.gov/d/8w53-c4f6
Cinemark Harlingen,CINEMARK HARLINGEN,Harlingen,Cameron,TX,2020-03-26,2020-03-26,68,,https://data.texas.gov/d/8w53-c4f6
Cinemark Spring Town Center,CINEMARK SPRING TOWN CENTER,Spring,Harris,TX,2020-03-26,2020-03-26,27,,https://data.texas.gov/d/8w53-c4f6
Movies 18,MOVIES 18,College Station,Brazos,TX,2020-03-26,2020-03-26,69,,https://data.texas.gov/d/8w53-c4f6
Pappas Bar-B-Q 09,PAPPAS BAR-B-Q 09,Humble,Harris,TX,2020-03-26,2020-03-16,59,,https://data.texas.gov/d/8w53-c4f6
Century 16 XD and IMAX,CENTURY 16 XD AND IMAX,Corpus Christi,Nueces,TX,2020-03-26,2020-03-26,88,,https://data.texas.gov/d/8w53-c4f6
Cinemark Hill Country Galleria,CINEMARK HILL COUNTRY GALLERIA,Austin,Travis,TX,2020-03-26,2020-03-26,44,,https://data.texas.gov/d/8w53-c4f6
Pappas Bar-B-Q 10,PAPPAS BAR-B-Q 10,Webster,Harris,TX,2020-03-26,2020-03-16,31,,https://data.texas.gov/d/8w53-c4f6
Movies 12 Laredo,MOVIES 12 LAREDO,Laredo,Webb,TX,2020-03-26,2020-03-26,29,,https://data.texas.gov/d/8w53-c4f6
Cinemark Mall Del Norte,CINEMARK MALL DEL NORTE,Laredo,Webb,TX,2020-03-26,2020-03-26,54,,https://data.texas.gov/d/8w53-c4f6
Movies 10 Harlingen,MOVIES 10 HARLINGEN,Harlingen,Cameron,TX,2020-03-26,2020-03-26,22,,https://data.texas.gov/d/8w53-c4f6
Pappas Bar-B-Q 12,PAPPAS BAR-B-Q 12,Houston,Harris,TX,2020-03-26,2020-03-16,46,,https://data.texas.gov/d/8w53-c4f6
Hollywood USA,HOLLYWOOD,Pasadena,Harris,TX,2020-03-26,2020-03-26,64,,https://data.texas.gov/d/8w53-c4f6
Pappas Bar-B-Q 13,PAPPAS BAR-B-Q 13,Houston,Harris,TX,2020-03-26,2020-03-16,39,,https://data.texas.gov/d/8w53-c4f6
Cinemark @ Alliance Towne Center,CINEMARK @ ALLIANCE TOWNE CENTER,Fort Worth,Tarrant,TX,2020-03-26,2020-03-26,64,,https://data.texas.gov/d/8w53-c4f6
Pappasito's 24,PAPPASITO'S 24,Dallas,Tarrant,TX,2020-03-26,2020-03-16,42,,https://data.texas.gov/d/8w53-c4f6
Pappasito's 01,PAPPASITO'S 01,Houston,Harris,TX,2020-03-26,2020-03-16,86,,https://data.texas.gov/d/8w53-c4f6
Pappadeaux Seafood Kitchen 34,PAPPADEAUX SEAFOOD KITCHEN 34,Pharr,Hidalgo,TX,2020-03-26,2020-03-25,201,,https://data.texas.gov/d/8w53-c4f6
Pappas Delta Blues,PAPPAS DELTA BLUES,Plano,Collin,TX,2020-03-26,2020-03-21,75,,https://data.texas.gov/d/8w53-c4f6
Pappadeaux Seafood Kitchen 35,PAPPADEAUX SEAFOOD KITCHEN 35,Dallas,Tarrant,TX,2020-03-26,2020-03-19,88,,https://data.texas.gov/d/8w53-c4f6
Pappadeaux Seafood Kitchen 42,PAPPADEAUX SEAFOOD KITCHEN 42,Dallas,Tarrant,TX,2020-03-26,2020-03-16,113,,https://data.texas.gov/d/8w53-c4f6
Pappasito's 02,PAPPASITO'S 02,Houston,Harris,TX,2020-03-26,2020-03-26,106,,https://data.texas.gov/d/8w53-c4f6
Tinseltown USA El Paso,TINSELTOWN EL PASO,El Paso,El Paso,TX,2020-03-26,2020-03-26,108,,https://data.texas.gov/d/8w53-c4f6
Pappas Bar-B-Q 24,PAPPAS BAR-B-Q 24,Duncanville,Dallas,TX,2020-03-26,2020-03-16,62,,https://data.texas.gov/d/8w53-c4f6
Cinemark 12 Pearland,CINEMARK 12 PEARLAND,Pearland,Brazoria,TX,2020-03-26,2020-03-26,37,,https://data.texas.gov/d/8w53-c4f6
Pappasito's 10,PAPPASITO'S 10,Houston,Harris,TX,2020-03-26,2020-03-16,169,,https://data.texas.gov/d/8w53-c4f6
Pappasito's 12,PAPPASITO'S 12,Houston,Harris,TX,2020-03-26,2020-03-16,128,,https://data.texas.gov/d/8w53-c4f6
Pappas Catering Dallas,PAPPAS CATERING DALLAS,Richardson,Dallas,TX,2020-03-26,2020-03-24,11,,https://data.texas.gov/d/8w53-c4f6
Spitzer Industries-Brookshire,SPITZER INDUSTRIES-BROOKSHIRE,Brookshire,Waller,TX,2020-03-26,2020-03-26,53,,https://data.texas.gov/d/8w53-c4f6
Pappasito's 06,PAPPASITO'S 06,Humble,Harris,TX,2020-03-26,2020-03-16,150,,https://data.texas.gov/d/8w53-c4f6
Pappadeaux Seafood Kitchen 03,PAPPADEAUX SEAFOOD KITCHEN 03,Austin,Travis,TX,2020-03-26,2020-03-22,125,,https://data.texas.gov/d/8w53-c4f6
The Pearl South Padre,THE PEARL SOUTH PADRE,South Padre Is.,Cameron,TX,2020-03-26,2020-03-27,105,,https://data.texas.gov/d/8w53-c4f6
Tinseltown Movies 17,TINSELTOWN MOVIES 17,Grapevine,Tarrant,TX,2020-03-26,2020-03-26,70,,https://data.texas.gov/d/8w53-c4f6
Pappas Bar-B-Q 05,PAPPAS BAR-B-Q 05,Dallas,Dallas,TX,2020-03-26,2020-03-16,35,,https://data.texas.gov/d/8w53-c4f6
Pappasito's 20,PAPPASITO'S 20,Dallas,Tarrant,TX,2020-03-26,2020-03-16,91,,https://data.texas.gov/d/8w53-c4f6
Pappas Bros. Steakhouse 2,PAPPAS BROS STEAKHOUSE 2,Dallas,Dallas,TX,2020-03-26,2020-03-19,101,,https://data.texas.gov/d/8w53-c4f6
Pappasito's 07,PAPPASITO'S 07,Houston,Harris,TX,2020-03-26,2020-03-16,95,,https://data.texas.gov/d/8w53-c4f6
Pappasito's 08,PAPPASITO'S 08,Houston,Harris,TX,2020-03-26,2020-03-16,151,,https://data.texas.gov/d/8w53-c4f6
Cinemark 12 Sherman,CINEMARK 12 SHERMAN,Sherman,Grayson,TX,2020-03-26,2020-03-26,39,,https://data.texas.gov/d/8w53-c4f6
Little Pappasito's,LITTLE PAPPASITO'S,Houston,Harris,TX,2020-03-26,2020-03-16,109,,https://data.texas.gov/d/8w53-c4f6
Century 12 Abilene,CENTURY 12 ABILENE,Abilene,Jones,TX,2020-03-26,2020-03-26,23,,https://data.texas.gov/d/8w53-c4f6
Pappasito's 15,PAPPASITO'S 15,Ft. Worth,Tarrant,TX,2020-03-26,2020-04-17,136,,https://data.texas.gov/d/8w53-c4f6
Pappadeaux Seafood Kitchen 27,PAPPADEAUX SEAFOOD KITCHEN 27,Shenandoah,Montgomery,TX,2020-03-26,2020-03-26,186,,https://data.texas.gov/d/8w53-c4f6
Pappadeaux Seafood Kitchen 22,PAPPADEAUX SEAFOOD KITCHEN 22,Houston,Harris,TX,2020-03-26,2020-03-22,99,,https://data.texas.gov/d/8w53-c4f6
Pappadeaux Seafood Kitchen 10,PAPPADEAUX SEAFOOD KITCHEN 10,Houston,Harris,TX,2020-03-26,2020-03-16,167,,https://data.texas.gov/d/8w53-c4f6
Pappadeaux Seafood Kitchen 11,PAPPADEAUX SEAFOOD KITCHEN 11,Dallas,Dallas,TX,2020-03-26,2020-03-21,165,,https://data.texas.gov/d/8w53-c4f6
Pappadeaux Seafood Kitchen 07,PAPPADEAUX SEAFOOD KITCHEN 07,Richardson,Dallas,TX,2020-03-26,2020-03-16,180,,https://data.texas.gov/d/8w53-c4f6
Pappadeaux Seafood Kitchen 32,PAPPADEAUX SEAFOOD KITCHEN 32,Houston,Harris,TX,2020-03-26,2020-03-22,78,,https://data.texas.gov/d/8w53-c4f6
Pappas Catering Austin,PAPPAS CATERING AUSTIN,Austin,Travis,TX,2020-03-26,2020-03-24,17,,https://data.texas.gov/d/8w53-c4f6
Cinemark Montana 14,CINEMARK MONTANA 14,El Paso,El Paso,TX,2020-03-26,2020-03-26,74,,https://data.texas.gov/d/8w53-c4f6
Pappasito's 09,PAPPASITO'S 09,Austin,Travis,TX,2020-03-26,2020-03-16,128,,https://data.texas.gov/d/8w53-c4f6
Pappadeaux Seafood Kitchen 09,PAPPADEAUX SEAFOOD KITCHEN 09,Houston,Harris,TX,2020-03-26,2020-03-16,184,,https://data.texas.gov/d/8w53-c4f6
Pappadeaux Seafood Kitchen 12,PAPPADEAUX SEAFOOD KITCHEN 12,San Antonio,Bexar,TX,2020-03-26,2020-03-25,213,,https://data.texas.gov/d/8w53-c4f6
Cinemark West,CINEMARK WEST,El Paso,El Paso,TX,2020-03-26,2020-03-26,66,,https://data.texas.gov/d/8w53-c4f6
Pappadeaux Seafood Kitchen 1,PAPPADEAUX SEAFOOD KITCHEN 1,Houston,Harris,TX,2020-03-26,2020-03-21,95,,https://data.texas.gov/d/8w53-c4f6
Pappadeaux Seafood Kitchen 39,PAPPADEAUX SEAFOOD KITCHEN 39,Austin,Travis,TX,2020-03-26,2020-03-17,123,,https://data.texas.gov/d/8w53-c4f6
Pappadeaux Seafood Kitchen 05,PAPPADEAUX SEAFOOD KITCHEN 05,Stafford,Harris,TX,2020-03-26,2020-03-16,178,,https://data.texas.gov/d/8w53-c4f6
Pappadeaux Seafood Kitchen 06,PAPPADEAUX SEAFOOD KITCHEN 06,Dallas,Dallas,TX,2020-03-26,2020-03-22,146,,https://data.texas.gov/d/8w53-c4f6
Pappasito's 13,PAPPASITO'S 13,Dallas,Dallas,TX,2020-03-26,2020-03-16,121,,https://data.texas.gov/d/8w53-c4f6
Pappadeaux Seafood Kitchen 16,PAPPADEAUX SEAFOOD KITCHEN 16,Fort Worth,Tarrant,TX,2020-03-26,2020-03-17,186,,https://data.texas.gov/d/8w53-c4f6
Pappadeaux Seafood Kitchen 18,PAPPADEAUX SEAFOOD KITCHEN 18,Bedford,Tarrant,TX,2020-03-26,2020-03-21,90,,https://data.texas.gov/d/8w53-c4f6
Pappadeaux Seafood Kitchen 36,PAPPADEAUX SEAFOOD KITCHEN 36,Grapevine,Tarrant,TX,2020-03-26,,154,,https://data.texas.gov/d/8w53-c4f6
Pappadeaux Seafood Kitchen 29,PAPPADEAUX SEAFOOD KITCHEN 29,Duncanville,Dallas,TX,2020-03-26,2020-03-16,161,,https://data.texas.gov/d/8w53-c4f6
Pappadeaux Seafood Kitchen 41,PAPPADEAUX SEAFOOD KITCHEN 41,Houston,Harris,TX,2020-03-26,2020-03-17,113,,https://data.texas.gov/d/8w53-c4f6
Pappadeaux Seafood Kitchen 37,PAPPADEAUX SEAFOOD KITCHEN 37,Houston,Harris,TX,2020-03-26,2020-03-16,140,,https://data.texas.gov/d/8w53-c4f6
Cinemark Movie Bistro,CINEMARK MOVIE BISTRO,El Paso,El Paso,TX,2020-03-26,2020-03-26,35,,https://data.texas.gov/d/8w53-c4f6
Pappadeaux Seafood Kitchen 02,PAPPADEAUX SEAFOOD KITCHEN 02,Houston,Harris,TX,2020-03-26,2020-03-16,100,,https://data.texas.gov/d/8w53-c4f6
Pappadeaux Seafood Kitchen 08,PAPPADEAUX SEAFOOD KITCHEN 08,Arlington,Tarrant,TX,2020-03-26,2020-03-18,155,,https://data.texas.gov/d/8w53-c4f6
Pappadeaux Seafood Kitchen 40,PAPPADEAUX SEAFOOD KITCHEN 40,San Antonio,Bexar,TX,2020-03-26,2020-03-25,231,,https://data.texas.gov/d/8w53-c4f6
Cinemark Abilene,CINEMARK ABILENE,Abilene,Jones,TX,2020-03-26,2020-03-26,36,,https://data.texas.gov/d/8w53-c4f6
Pappasito's 05,PAPPASITO'S 05,Richardson,Dallas,TX,2020-03-26,2020-03-16,116,,https://data.texas.gov/d/8w53-c4f6
Pappadeaux Seafood Kitchen 28,PAPPADEAUX SEAFOOD KITCHEN 28,Houston,Harris,TX,2020-03-26,2020-03-19,74,,https://data.texas.gov/d/8w53-c4f6
Cielo Vista Mall 14,CIELO VISTA MALL 14,El Paso,El Paso,TX,2020-03-26,2020-03-26,53,,https://data.texas.gov/d/8w53-c4f6
Pappadeaux Seafood Kitchen 21,PAPPADEAUX SEAFOOD KITCHEN 21,Dallas,Collin,TX,2020-03-26,2020-03-16,165,,https://data.texas.gov/d/8w53-c4f6
Pappas Catering San Antonio,PAPPAS CATERING SAN ANTONIO,San Antonio,Bexar,TX,2020-03-26,2020-03-24,27,,https://data.texas.gov/d/8w53-c4f6
Pappasito's 16,PAPPASITO'S 16,Arlington,Tarrant,TX,2020-03-26,2020-03-18,127,,https://data.texas.gov/d/8w53-c4f6
Pappas Delta Blues - Houston,PAPPAS DELTA BLUES - HOUSTON,Webster,Harris,TX,2020-03-26,2020-03-21,97,,https://data.texas.gov/d/8w53-c4f6
Cornerstone Community-Weatherford,CORNERSTONE COMMUNITY-WEATHERFORD,Weatherford,Parker,TX,2020-03-26,2020-05-29,4,,https://data.texas.gov/d/8w53-c4f6
Cornerstone Community-Mulberry,CORNERSTONE COMMUNITY-MULBERRY,Decatur,Wise,TX,2020-03-26,2020-05-29,7,,https://data.texas.gov/d/8w53-c4f6
Cornerstone Community-Mineral Wells,CORNERSTONE COMMUNITY-MINERAL WELLS,Mineral Wells,Palo Pinto,TX,2020-03-26,2020-05-29,10,,https://data.texas.gov/d/8w53-c4f6
Cornerstone Community-Boyd,CORNERSTONE COMMUNITY-BOYD,Boyd,Wise,TX,2020-03-26,2020-05-29,4,,https://data.texas.gov/d/8w53-c4f6
Cornerstone Community-Decatur,CORNERSTONE COMMUNITY-DECATUR,Decatur,Wise,TX,2020-03-26,2020-05-29,2,,https://data.texas.gov/d/8w53-c4f6
Pappasito's 03,PAPPASITO'S 03,Sugarland,Fort Bend,TX,2020-03-26,2020-03-16,135,,https://data.texas.gov/d/8w53-c4f6
Tinseltown Lubbock,TINSELTOWN LUBBOCK,Lubbock,Lubbock,TX,2020-03-26,2020-03-26,67,,https://data.texas.gov/d/8w53-c4f6
Cinemark Pharr 16,CINEMARK PHARR 16,Pharr,Hidalgo,TX,2020-03-26,2020-03-26,54,,https://data.texas.gov/d/8w53-c4f6
Pappas Burger 1,PAPPAS BURGER 1,Houston,Harris,TX,2020-03-26,2020-03-16,90,,https://data.texas.gov/d/8w53-c4f6
Cinemark - Allen 16,CINEMARK - ALLEN 16,Allen,Collin,TX,2020-03-26,2020-03-26,53,,https://data.texas.gov/d/8w53-c4f6
Movies 12  Texas City,MOVIES 12 TEXAS CITY,Texas City,Galveston,TX,2020-03-26,2020-03-26,26,,https://data.texas.gov/d/8w53-c4f6
Tinseltown Jacinto City,TINSELTOWN JACINTO CITY,Houston,Harris,TX,2020-03-26,2020-03-26,50,,https://data.texas.gov/d/8w53-c4f6
Ridgmar 13,RIDGMAR 13,Fort Worth,Tarrant,TX,2020-03-26,2020-03-26,56,,https://data.texas.gov/d/8w53-c4f6
Tinseltown The Woodlands,TINSELTOWN THE WOODLANDS,The Woodlands,Montgomery,TX,2020-03-26,2020-03-26,71,,https://data.texas.gov/d/8w53-c4f6
Cinemark San Antonio 16,CINEMARK SAN ANTONIO 16,San Antonio,Bexar,TX,2020-03-26,2020-03-26,21,,https://data.texas.gov/d/8w53-c4f6
Tinseltown USA 290,TINSELTOWN 290,Houston,Harris,TX,2020-03-26,2020-03-26,78,,https://data.texas.gov/d/8w53-c4f6
Cinemark 14 Wichita Falls,CINEMARK 14 WICHITA FALLS,Wichita Falls,Archer,TX,2020-03-26,2020-03-26,46,,https://data.texas.gov/d/8w53-c4f6
Pappas Bar-B-Q 14,PAPPAS BAR-B-Q 14,Houston,Harris,TX,2020-03-26,2020-03-16,40,,https://data.texas.gov/d/8w53-c4f6
Pappas Bros. Steakhouse 3,PAPPAS BROS STEAKHOUSE 3,Houston,Harris,TX,2020-03-26,2020-03-17,94,,https://data.texas.gov/d/8w53-c4f6
Cinemark Frisco Square,CINEMARK FRISCO SQUARE,Frisco,Collin,TX,2020-03-26,2020-03-26,64,,https://data.texas.gov/d/8w53-c4f6
Pappas Bar-B-Q 15,PAPPAS BAR-B-Q 15,Houston,Harris,TX,2020-03-26,2020-03-20,19,,https://data.texas.gov/d/8w53-c4f6
Movies 14 McKinney,MOVIES 14 MCKINNEY,McKinney,Collin,TX,2020-03-26,2020-03-26,45,,https://data.texas.gov/d/8w53-c4f6
Pappas Bar-B-Q 19,PAPPAS BAR-B-Q 19,Houston,Harris,TX,2020-03-26,2020-03-16,29,,https://data.texas.gov/d/8w53-c4f6
Pappas Bar-B-Q 20,PAPPAS BAR-B-Q 20,Houston,Harris,TX,2020-03-26,2020-03-16,40,,https://data.texas.gov/d/8w53-c4f6
Pappas Bar-B-Q 21,PAPPAS BAR-B-Q 21,Houston,Harris,TX,2020-03-26,2020-03-16,17,,https://data.texas.gov/d/8w53-c4f6
CUT! by Cinemark,CUT! BY CINEMARK,Frisco,Collin,TX,2020-03-26,2020-03-26,172,,https://data.texas.gov/d/8w53-c4f6
Cinemark West Plano,CINEMARK WEST PLANO,Plano,Collin,TX,2020-03-26,2020-03-26,165,,https://data.texas.gov/d/8w53-c4f6
Pappas Bar-B-Q 22,PAPPAS BAR-B-Q 22,Houston,Harris,TX,2020-03-26,2020-03-16,40,,https://data.texas.gov/d/8w53-c4f6
Cinema 6 Cleburn,CINEMA 6 CLEBURN,Cleburne,Johnson,TX,2020-03-26,2020-03-26,15,,https://data.texas.gov/d/8w53-c4f6
Subway - (Pappas HOU Airport),SUBWAY - (PAPPAS HOU AIRPORT),Houston,Harris,TX,2020-03-26,2020-03-16,85,,https://data.texas.gov/d/8w53-c4f6
Cinema 6 Stephenville,CINEMA 6 STEPHENVILLE,Stephenville,Erath,TX,2020-03-26,2020-03-26,20,,https://data.texas.gov/d/8w53-c4f6
Cinemark Central Plano,CINEMARK CENTRAL PLANO,Plano,Collin,TX,2020-03-26,2020-03-26,52,,https://data.texas.gov/d/8w53-c4f6
Pappas Bros. Steakhouse 1,PAPPAS BROS STEAKHOUSE 1,Houston,Harris,TX,2020-03-26,2020-03-21,110,,https://data.texas.gov/d/8w53-c4f6
Cinemark 15 @ Vista,CINEMARK 15 @ VISTA,Lewisville,Denton,TX,2020-03-26,2020-03-26,39,,https://data.texas.gov/d/8w53-c4f6
Cinemark 14 Roanoke,CINEMARK 14 ROANOKE,Roanoke,Denton,TX,2020-03-26,2020-03-26,69,,https://data.texas.gov/d/8w53-c4f6
Cinemark 14 Denton,CINEMARK 14 DENTON,Denton,Denton,TX,2020-03-26,2020-03-26,52,,https://data.texas.gov/d/8w53-c4f6
Cinemark 14 Cedar Hill,CINEMARK 14 CEDAR HILL,Cedar Hill,Dallas,TX,2020-03-26,2020-03-26,29,,https://data.texas.gov/d/8w53-c4f6
Cinemark (The Legacy),CINEMARK (THE LEGACY),Plano,Collin,TX,2020-03-26,2020-03-26,96,,https://data.texas.gov/d/8w53-c4f6
Main Place 6,MAIN PLACE 6,McAllen,Hidalgo,TX,2020-03-26,2020-03-26,17,,https://data.texas.gov/d/8w53-c4f6
Pappas Bar-B-Q 23,PAPPAS BAR-B-Q 23,Pasadena,Harris,TX,2020-03-26,2020-03-17,47,,https://data.texas.gov/d/8w53-c4f6
Barry's Pizza (Pappas),BARRY'S PIZZA (PAPPAS),Houston,Harris,TX,2020-03-26,2020-03-16,23,,https://data.texas.gov/d/8w53-c4f6
Dot Coffee Shop (Pappas -Woodridge),DOT COFFEE SHOP (PAPPAS -WOODRIDGE),Houston,Harris,TX,2020-03-26,2020-03-20,88,,https://data.texas.gov/d/8w53-c4f6
Dot Coffee Shop (Pappas -Federal),DOT COFFEE SHOP (PAPPAS -FEDERAL),Houston,Harris,TX,2020-03-26,2020-03-20,80,,https://data.texas.gov/d/8w53-c4f6
Yia Yia Mary's Greek Kitchen (Pappas - San Felipe),YIA YIA MARY'S GREEK KITCHEN (PAPPAS - SAN FELIPE),Houston,Harris,TX,2020-03-26,2020-03-21,83,,https://data.texas.gov/d/8w53-c4f6
Yia Yia Mary's Greek Kitchen (Pappas - Airport),YIA YIA MARY'S GREEK KITCHEN (PAPPAS - AIRPORT),Houston,Harris,TX,2020-03-26,2020-03-16,18,,https://data.texas.gov/d/8w53-c4f6
Chick-fll-A (Pappas),CHICK-FLL-A (PAPPAS),Houston,Harris,TX,2020-03-26,2020-03-16,33,,https://data.texas.gov/d/8w53-c4f6
Dunkin Donuts/Baskin Robbins (Pappas),DUNKIN DONUTS/BASKIN ROBBINS (PAPPAS),Houston,Harris,TX,2020-03-26,2020-03-16,23,,https://data.texas.gov/d/8w53-c4f6
Gordon's Galley (Pappas),GORDON'S GALLEY (PAPPAS),Houston,Harris,TX,2020-03-26,2020-03-16,24,,https://data.texas.gov/d/8w53-c4f6
Cinemark Edinburg,CINEMARK EDINBURG,Edinburg,Hidalgo,TX,2020-03-26,2020-03-26,64,,https://data.texas.gov/d/8w53-c4f6
Ruby's (Pappas),RUBY'S (PAPPAS),Houston,Harris,TX,2020-03-26,2020-03-20,87,,https://data.texas.gov/d/8w53-c4f6
Pappas Seafood House (NASA),PAPPAS SEAFOOD HOUSE (NASA),Webster,Harris,TX,2020-03-26,2020-03-17,149,,https://data.texas.gov/d/8w53-c4f6
Pappas Restaurants Corporate,PAPPAS RESTAURANTS CORPORATE,Houston,Harris,TX,2020-03-26,2020-03-20,124,,https://data.texas.gov/d/8w53-c4f6
Pappas Distribution/Trades Offices - 1,PAPPAS DISTRIBUTION/TRADES OFFICES - 1,Houston,Harris,TX,2020-03-26,2020-03-27,129,,https://data.texas.gov/d/8w53-c4f6
Pappas Distribution/Trades Offices - 2,PAPPAS DISTRIBUTION/TRADES OFFICES - 2,Houston,Harris,TX,2020-03-26,2020-03-27,23,,https://data.texas.gov/d/8w53-c4f6
Pappas Distribution/Trades Offices - 3,PAPPAS DISTRIBUTION/TRADES OFFICES - 3,Houston,Harris,TX,2020-03-26,2020-03-27,60,,https://data.texas.gov/d/8w53-c4f6
Pappas Bread and Dessert Bakeries,PAPPAS BREAD AND DESSERT BAKERIES,Houston,Harris,TX,2020-03-26,2020-03-11,99,,https://data.texas.gov/d/8w53-c4f6
Pappas Pappas Bar-B-Q Catering,PAPPAS PAPPAS BAR-B-Q CATERING,Houston,Harris,TX,2020-03-26,2020-03-24,20,,https://data.texas.gov/d/8w53-c4f6
Pappas Catering Houston,PAPPAS CATERING HOUSTON,Houston,Harris,TX,2020-03-26,2020-03-24,25,,https://data.texas.gov/d/8w53-c4f6
Pappas Confectionary/ Delivery,PAPPAS CONFECTIONARY/ DELIVERY,Houston,Harris,TX,2020-03-26,2020-03-25,107,,https://data.texas.gov/d/8w53-c4f6
Hunan (Pappas),HUNAN (PAPPAS),Houston,Harris,TX,2020-03-26,2020-03-16,19,,https://data.texas.gov/d/8w53-c4f6
Movies 4,MOVIES 4,Big Spring,Howard,TX,2020-03-26,2020-03-26,11,,https://data.texas.gov/d/8w53-c4f6
Movies 10 Weslaco,MOVIES 10 WESLACO,Weslaco,Hidalgo,TX,2020-03-26,2020-03-26,32,,https://data.texas.gov/d/8w53-c4f6
Movies 17,MOVIES 17,McAllen,Hidalgo,TX,2020-03-26,2020-03-26,28,,https://data.texas.gov/d/8w53-c4f6
Little Pappas Seafood House,LITTLE PAPPAS SEAFOOD HOUSE,Houston,Harris,TX,2020-03-26,2020-03-21,52,,https://data.texas.gov/d/8w53-c4f6
Town Centre Cinema 6,TOWN CENTRE CINEMA 6,Plainview,Hale,TX,2020-03-26,2020-03-26,12,,https://data.texas.gov/d/8w53-c4f6
Movies 16,MOVIES 16,Lubbock,Lubbock,TX,2020-03-26,2020-03-26,30,,https://data.texas.gov/d/8w53-c4f6
Cinemark Cedar Park 12,CINEMARK CEDAR PARK 12,Cedar Park,Williamson,TX,2020-03-26,2020-03-26,72,,https://data.texas.gov/d/8w53-c4f6
Pappas Burger 2,PAPPAS BURGER 2,Houston,Harris,TX,2020-03-26,2020-03-26,112,,https://data.texas.gov/d/8w53-c4f6
Tinseltown USA Beaumont,TINSELTOWN BEAUMONT,Beaumont,Jefferson,TX,2020-03-26,2020-03-26,68,,https://data.texas.gov/d/8w53-c4f6
Pappas Shrimp Shack,PAPPAS SHRIMP SHACK,Houston,Harris,TX,2020-03-26,2020-03-20,46,,https://data.texas.gov/d/8w53-c4f6
JACK DANIELS MOTORS,JACK DANIELS MOTORS,UPPER SADDLE RIVER,,NJ,,2020-03-26,101,,https://www.nj.gov/labor/employer-services/warn/
JACK DANIELS OF USR,JACK DANIELS OF USR,UPPER SADDLE RIVER,,NJ,,2020-03-26,26,,https://www.nj.gov/labor/employer-services/warn/
Little Servant Sisters St. Joseph's Home Assisted Living and Nursing Center,LITTLE SERVANT SISTERS ST JOSEPH'S HOME ASSISTED LIVING AND NURSING CENTER,Woodbridge,,NJ,,2020-03-26,107,,https://www.nj.gov/labor/employer-services/warn/
Cinemark USA Inc.,CINEMARK,Bristol VA,,VA,2020-03-26,,26,Layoff,https://www.vec.virginia.gov/warn-notices
Suit Supply Inc.,SUIT SUPPLY,McLean VA,,VA,2020-03-26,,19,Layoff,https://www.vec.virginia.gov/warn-notices
Cinemark USA Inc.,CINEMARK,Centreville & Fairfax VA,,VA,2020-03-26,,103,Layoff,https://www.vec.virginia.gov/warn-notices
Rod M. Rodgge D.D.S.,ROD M RODGGE D D S,Virginia Beach VA,,VA,2020-03-26,,6,Layoff,https://www.vec.virginia.gov/warn-notices
Cinemark USA Inc.,CINEMARK,"Norfolk, Chesapeake & Newport News VA",,VA,2020-03-26,,134,Layoff,https://www.vec.virginia.gov/warn-notices
Alsco,ALSCO,Virginia Beach VA,,VA,2020-03-26,,54,Layoff,https://www.vec.virginia.gov/warn-notices
"Earl's Restaurants USA, Inc",EARL'S RESTAURANTS,Bellevue,,WA,2020-03-26,2020-03-25,114,Permanent,https://esd.wa.gov/about-employees/WARN
YMCA of the Inland Northwest,YMCA OF THE INLAND NORTHWEST,Spokane,,WA,2020-03-26,2020-03-29,509,Temporary,https://esd.wa.gov/about-employees/WARN
"Contemporary Home Services, Inc",CONTEMPORARY HOME,Auburn,,WA,2020-03-26,2020-03-26,124,Permanent,https://esd.wa.gov/about-employees/WARN
SHG Hotel SPE LLC,SHG HOTEL SPE,Seattle,,WA,2020-03-26,2020-03-18,310,Temporary,https://esd.wa.gov/about-employees/WARN
Ascend Hospitality Group,ASCEND HOSPITALITY GROUP,"Everett, Tukwila, Tacoma, Bellevue, Seattle",,WA,2020-03-26,2020-03-12,401,Temporary,https://esd.wa.gov/about-employees/WARN
Quick Weight Loss Centers - Conroe,QUICK WEIGHT LOSS CENTERS - CONROE,Conroe,Montgomery,TX,2020-03-25,2020-03-25,4,,https://data.texas.gov/d/8w53-c4f6
Quick Weight Loss Centers - Cinco Ranch,QUICK WEIGHT LOSS CENTERS - CINCO RANCH,Houston,Fort Bend,TX,2020-03-25,2020-03-25,4,,https://data.texas.gov/d/8w53-c4f6
Alsco - Kyle,ALSCO - KYLE,Kyle,Hays,TX,2020-03-25,2020-03-27,3,,https://data.texas.gov/d/8w53-c4f6
Quick Weight Loss Centers - FM 1960,QUICK WEIGHT LOSS CENTERS - FM 1960,Houston,Harris,TX,2020-03-25,2020-03-25,4,,https://data.texas.gov/d/8w53-c4f6
The St. Anthony Hotel,THE ST ANTHONY HOTEL,San Antonio,Bexar,TX,2020-03-25,2020-03-27,208,,https://data.texas.gov/d/8w53-c4f6
Legacy West,LEGACY WEST,Plano,Collin,TX,2020-03-25,2020-03-25,82,,https://data.texas.gov/d/8w53-c4f6
FTS International Services-Aledo,FTS INTERNATIONAL -ALEDO,Aledo,Parker,TX,2020-03-25,2020-03-16,72,,https://data.texas.gov/d/8w53-c4f6
Quick Weight Loss Centers - Humble,QUICK WEIGHT LOSS CENTERS - HUMBLE,Humble,Harris,TX,2020-03-25,2020-03-25,3,,https://data.texas.gov/d/8w53-c4f6
Quick Weight Loss Centers - Pasadene,QUICK WEIGHT LOSS CENTERS - PASADENE,Pasadena,Harris,TX,2020-03-25,2020-03-25,4,,https://data.texas.gov/d/8w53-c4f6
Quick Weight Loss Centers - HWY 6,QUICK WEIGHT LOSS CENTERS - HWY 6,Houston,Harris,TX,2020-03-25,2020-03-25,4,,https://data.texas.gov/d/8w53-c4f6
Pappasito's 11,PAPPASITO'S 11,San Antonio,Bexar,TX,2020-03-25,2020-03-18,137,,https://data.texas.gov/d/8w53-c4f6
Hyatt Regency Houston,HYATT REGENCY HOUSTON,Houston,Harris,TX,2020-03-25,2020-03-25,67,,https://data.texas.gov/d/8w53-c4f6
Quick Weight Loss Centers - Spring Stuebner Rd,QUICK WEIGHT LOSS CENTERS - SPRING STUEBNER RD,Spring,Harris,TX,2020-03-25,2020-03-25,4,,https://data.texas.gov/d/8w53-c4f6
Alsco-Oliver St,ALSCO-OLIVER ST,Houston,Harris,TX,2020-03-25,2020-03-25,58,,https://data.texas.gov/d/8w53-c4f6
Quick Weight Loss Centers - Katy,QUICK WEIGHT LOSS CENTERS - KATY,Spring,Harris,TX,2020-03-25,2020-03-25,4,,https://data.texas.gov/d/8w53-c4f6
Saint Arnold Brewing Co.,SAINT ARNOLD BREWING,Houston,Harris,TX,2020-03-25,2020-03-25,135,,https://data.texas.gov/d/8w53-c4f6
Hyatt Regency Houston Galeria,HYATT REGENCY HOUSTON GALERIA,Houston,Harris,TX,2020-03-25,2020-03-25,110,,https://data.texas.gov/d/8w53-c4f6
Quick Weight Loss Centers - Pearland,QUICK WEIGHT LOSS CENTERS - PEARLAND,Webster,Harris,TX,2020-03-25,2020-03-25,4,,https://data.texas.gov/d/8w53-c4f6
Quick Weight Loss Center - 9000 SW Frwy,QUICK WEIGHT LOSS CENTER - 9000 SW FRWY,Houston,Harris,TX,2020-03-25,2020-03-25,5,,https://data.texas.gov/d/8w53-c4f6
Quick Weight Loss Centers - Westheimer,QUICK WEIGHT LOSS CENTERS - WESTHEIMER,Houston,Harris,TX,2020-03-25,2020-03-25,4,,https://data.texas.gov/d/8w53-c4f6
Quick Weight Loss Centers - Cypress,QUICK WEIGHT LOSS CENTERS - CYPRESS,Cypress,Harris,TX,2020-03-25,2020-03-25,4,,https://data.texas.gov/d/8w53-c4f6
Quick Weight Loss Centers - Webster,QUICK WEIGHT LOSS CENTERS - WEBSTER,Webster,Harris,TX,2020-03-25,2020-03-25,5,,https://data.texas.gov/d/8w53-c4f6
Quick Weight Loss Centers - 2615 SW Frwy,QUICK WEIGHT LOSS CENTERS - 2615 SW FRWY,Houston,Harris,TX,2020-03-25,2020-03-25,4,,https://data.texas.gov/d/8w53-c4f6
Quick Weight Loss Centers - Spring Sawdust,QUICK WEIGHT LOSS CENTERS - SPRING SAWDUST,Spring,Harris,TX,2020-03-25,2020-03-25,4,,https://data.texas.gov/d/8w53-c4f6
Quick Weight Loss Centers - Rosenberg,QUICK WEIGHT LOSS CENTERS - ROSENBERG,Rosenberg,Fort Bend,TX,2020-03-25,2020-03-25,4,,https://data.texas.gov/d/8w53-c4f6
Indochino Apparel (US) Inc,INDOCHINO APPAREL ( ),Seattle,,NJ,,2020-03-25,23,,https://www.nj.gov/labor/employer-services/warn/
Universal Companies,UNIVERSAL COMPANIES,Abington VA,,VA,2020-03-25,,61,Layoff,https://www.vec.virginia.gov/warn-notices
Alsco,ALSCO,Roanoke VA,,VA,2020-03-25,,47,Layoff,https://www.vec.virginia.gov/warn-notices
HMS Host,HMS HOST,Dulles International Airport VA,,VA,2020-03-25,,80,Layoff,https://www.vec.virginia.gov/warn-notices
Earl's Restaurant,EARL'S RESTAURANT,Tyson's Corner VA,,VA,2020-03-25,,119,Layoff,https://www.vec.virginia.gov/warn-notices
Case Architects & Remodels,CASE ARCHITECTS REMODELS,Falls Church VA,,VA,2020-03-25,,24,Layoff,https://www.vec.virginia.gov/warn-notices
Route 60 & Associates INC DBA Captin Groovy's Grill & Raw bar,ROUTE 60 ASSOCIATES DBA CAPTIN GROOVY'S GRILL RAW BAR,Norfolk VA,,VA,2020-03-25,,25,Layoff,https://www.vec.virginia.gov/warn-notices
First Source,FIRST SOURCE,Toana VA,,VA,2020-03-25,,49,Layoff,https://www.vec.virginia.gov/warn-notices
Bonums Oyster Co. Inc.,BONUMS OYSTER,Kinsale VA,,VA,2020-03-25,,29,Layoff,https://www.vec.virginia.gov/warn-notices
Quarry Tile Company,QUARRY TILE,Spokane,,WA,2020-03-25,2020-03-25,116,Temporary,https://esd.wa.gov/about-employees/WARN
Pineapple Hospitality Company,PINEAPPLE HOSPITALITY,Seattle,,WA,2020-03-25,2020-03-15,156,Temporary,https://esd.wa.gov/about-employees/WARN
Marriott City Place-Spicewood Village,MARRIOTT CITY PLACE-SPICEWOOD VILLAGE,Spring,Harris,TX,2020-03-24,2020-03-25,73,,https://data.texas.gov/d/8w53-c4f6
Four Seasons Hotel-Houston,FOUR SEASONS HOTEL-HOUSTON,Houston,Harris,TX,2020-03-24,2020-03-23,344,,https://data.texas.gov/d/8w53-c4f6
Jostens,JOSTENS,Denton,Denton,TX,2020-03-24,2020-03-24,142,,https://data.texas.gov/d/8w53-c4f6
Cameron Mitchell Restaurants,CAMERON MITCHELL RESTAURANTS,Dallas,Dallas,TX,2020-03-24,2020-03-16,125,,https://data.texas.gov/d/8w53-c4f6
Autobahn Imports,AUTOBAHN IMPORTS,Ft. Worth,Tarrant,TX,2020-03-24,,124,,https://data.texas.gov/d/8w53-c4f6
Edward J Dooley DMD PC,EDWARD J DOOLEY DMD PC,Spring Lake,,NJ,,2020-03-24,6,,https://www.nj.gov/labor/employer-services/warn/
"Prospect Airport Services, Inc.",PROSPECT AIRPORT,Des Plaines,,NJ,,2020-03-24,255,,https://www.nj.gov/labor/employer-services/warn/
BridgeStreet Cooprorate Housing LLC,BRIDGESTREET COOPRORATE HOUSING,Reston VA,,VA,2020-03-24,,68,Layoff,https://www.vec.virginia.gov/warn-notices
HMSHost,HMSHOST,Spokane,,WA,2020-03-24,2020-03-18,71,Temporary,https://esd.wa.gov/about-employees/WARN
HMSHost,HMSHOST,SeaTac,,WA,2020-03-24,2020-03-18,354,Temporary,https://esd.wa.gov/about-employees/WARN
Four Points by Sheraton,FOUR POINTS BY SHERATON,Des Moines,,WA,2020-03-24,2020-03-23,60,Temporary,https://esd.wa.gov/about-employees/WARN
"onni Properties, LLC",ONNI PROPERTIES,Seattle,,WA,2020-03-24,2020-03-31,7,Permanent,https://esd.wa.gov/about-employees/WARN
Hooters - S. Stemmons,HOOTERS - S STEMMONS,Lewisville,Denton,TX,2020-03-23,2020-03-16,51,,https://data.texas.gov/d/8w53-c4f6
Hooters - N. Central Exwy,HOOTERS - N CENTRAL EXWY,McKinney,Collin,TX,2020-03-23,2020-03-16,37,,https://data.texas.gov/d/8w53-c4f6
Alsco-Center Branch,ALSCO-CENTER BRANCH,Houston,Harris,TX,2020-03-23,2020-04-06,1,,https://data.texas.gov/d/8w53-c4f6
Holiday Inn-Austin,HOLIDAY INN-AUSTIN,Austin,Travis,TX,2020-03-23,2020-03-23,67,,https://data.texas.gov/d/8w53-c4f6
Hooters - East Expressway,HOOTERS - EAST EXPRESSWAY,McAllen,Hidalgo,TX,2020-03-23,2020-03-16,50,,https://data.texas.gov/d/8w53-c4f6
Hooters - Jack Kultgen Fwy,HOOTERS - JACK KULTGEN FWY,Waco,McLennan,TX,2020-03-23,2020-03-16,36,,https://data.texas.gov/d/8w53-c4f6
Hooters - Tombail Fwy,HOOTERS - TOMBAIL FWY,Houston,Fort Bend,TX,2020-03-23,2020-03-16,37,,https://data.texas.gov/d/8w53-c4f6
Hooters - Katy Fwy,HOOTERS - KATY FWY,Katy,Fort Bend,TX,2020-03-23,2020-03-16,531,,https://data.texas.gov/d/8w53-c4f6
Hooters - Hwy 59 North,HOOTERS - HWY 59 NORTH,Humble,Harris,TX,2020-03-23,2020-03-16,53,,https://data.texas.gov/d/8w53-c4f6
Hooters - Sam Houston,HOOTERS - SAM HOUSTON,Pasadena,Harris,TX,2020-03-23,2020-03-16,62,,https://data.texas.gov/d/8w53-c4f6
Hooters - South Fwy,HOOTERS - SOUTH FWY,Pearland,Brazoria,TX,2020-03-23,2020-03-16,51,,https://data.texas.gov/d/8w53-c4f6
Hooters - NASA Rd.,HOOTERS - NASA RD,Seabrook,Harris,TX,2020-03-23,2020-03-16,44,,https://data.texas.gov/d/8w53-c4f6
Hooters - Gulf Fwy,HOOTERS - GULF FWY,Webster,Harris,TX,2020-03-23,2020-03-16,46,,https://data.texas.gov/d/8w53-c4f6
Hooters - West I-20,HOOTERS - WEST I-20,Arlington,Tarrant,TX,2020-03-23,2020-03-16,60,,https://data.texas.gov/d/8w53-c4f6
Take 5 Department 110,TAKE 5 DEPARTMENT 110,Bryan,Brazos,TX,2020-03-23,2020-03-22,4,,https://data.texas.gov/d/8w53-c4f6
Hooters - 4710 I-0 East,HOOTERS - 4710 I-0 EAST,Baytown,Harris,TX,2020-03-23,2020-03-16,46,,https://data.texas.gov/d/8w53-c4f6
Hooters - 40 West,HOOTERS - 40 WEST,Amarillo,Potter,TX,2020-03-23,2020-03-16,47,,https://data.texas.gov/d/8w53-c4f6
Hooters - S.W. Fwy,HOOTERS - S W FWY,Stafford,Fort Bend,TX,2020-03-23,2020-03-16,45,,https://data.texas.gov/d/8w53-c4f6
Hooters - 850 I-10,HOOTERS - 850 I-10,Beaumont,Jefferson,TX,2020-03-23,2020-03-16,37,,https://data.texas.gov/d/8w53-c4f6
Hooters - San Bernardo,HOOTERS - SAN BERNARDO,Laredo,Webb,TX,2020-03-23,2020-03-16,39,,https://data.texas.gov/d/8w53-c4f6
Hooters - John Ben Shepperd Pkwy.,HOOTERS - JOHN BEN SHEPPERD PKWY,Odessa,Ector,TX,2020-03-23,2020-03-16,69,,https://data.texas.gov/d/8w53-c4f6
Hooters - 27001 H35,HOOTERS - 27001 H35,Round Rock,Williamson,TX,2020-03-23,2020-03-16,80,,https://data.texas.gov/d/8w53-c4f6
Hooters - San Marcos,HOOTERS - SAN MARCOS,San Marcos,Hays,TX,2020-03-23,2020-03-16,61,,https://data.texas.gov/d/8w53-c4f6
Houston Marriott Westchase,HOUSTON MARRIOTT WESTCHASE,Houston,Harris,TX,2020-03-23,2020-03-20,175,,https://data.texas.gov/d/8w53-c4f6
Take 5 Department 503,TAKE 5 DEPARTMENT 503,Burleson,Johnson,TX,2020-03-23,2020-03-22,3,,https://data.texas.gov/d/8w53-c4f6
Tske 5 Department 510,TSKE 5 DEPARTMENT 510,Bedford,Tarrant,TX,2020-03-23,2020-03-22,3,,https://data.texas.gov/d/8w53-c4f6
Take 5 Department 435,TAKE 5 DEPARTMENT 435,Saginaw,Tarrant,TX,2020-03-23,2020-03-23,7,,https://data.texas.gov/d/8w53-c4f6
Take 5 Department 436,TAKE 5 DEPARTMENT 436,Magnolia,Montgomery,TX,2020-03-23,2020-03-22,3,,https://data.texas.gov/d/8w53-c4f6
Take 5 Department 441,TAKE 5 DEPARTMENT 441,Lubbock,Lubbock,TX,2020-03-23,2020-03-22,5,,https://data.texas.gov/d/8w53-c4f6
Take 5 Department 442,TAKE 5 DEPARTMENT 442,Lubbock,Lubbock,TX,2020-03-23,2020-03-22,10,,https://data.texas.gov/d/8w53-c4f6
Take 5 Department 444,TAKE 5 DEPARTMENT 444,Lubbock,Lubbock,TX,2020-03-23,2020-03-22,6,,https://data.texas.gov/d/8w53-c4f6
Take 5 Department 433,TAKE 5 DEPARTMENT 433,Tomball,Harris,TX,2020-03-23,2020-03-22,4,,https://data.texas.gov/d/8w53-c4f6
Take 5 Department 502,TAKE 5 DEPARTMENT 502,Arlington,Tarrant,TX,2020-03-23,2020-03-22,4,,https://data.texas.gov/d/8w53-c4f6
Take 5 Department 425,TAKE 5 DEPARTMENT 425,Fort Worth,Tarrant,TX,2020-03-23,2020-03-22,9,,https://data.texas.gov/d/8w53-c4f6
Take 5 Department 57,TAKE 5 DEPARTMENT 57,Dallas,Dallas,TX,2020-03-23,2020-03-22,5,,https://data.texas.gov/d/8w53-c4f6
Chalk Mountain Services of Texas LLC,CHALK MOUNTAIN OF TEXAS,Kermit,Winkler,TX,2020-03-23,2020-03-23,46,,https://data.texas.gov/d/8w53-c4f6
Take 5 Department 61,TAKE 5 DEPARTMENT 61,Dallas,Dallas,TX,2020-03-23,2020-03-22,7,,https://data.texas.gov/d/8w53-c4f6
Take 5 Department 500,TAKE 5 DEPARTMENT 500,Aledo,Parker,TX,2020-03-23,2020-03-22,3,,https://data.texas.gov/d/8w53-c4f6
Rabalais I & E,RABALAIS I E,Texas City,Galveston,TX,2020-03-23,2020-03-23,110,,https://data.texas.gov/d/8w53-c4f6
US Steel Tubular - Lone Star Tubualr,STEEL TUBULAR - LONE STAR TUBUALR,Lone Star,Morris,TX,2020-03-23,2020-05-24,593,,https://data.texas.gov/d/8w53-c4f6
OTG Management,OTG MANAGEMENT,Houston,Harris,TX,2020-03-23,2020-03-16,353,,https://data.texas.gov/d/8w53-c4f6
Take 5 Department 501,TAKE 5 DEPARTMENT 501,Arlington,Tarrant,TX,2020-03-23,2020-03-22,4,,https://data.texas.gov/d/8w53-c4f6
Take 5 Department 206,TAKE 5 DEPARTMENT 206,Pflugerville,Travis,TX,2020-03-23,2020-03-22,7,,https://data.texas.gov/d/8w53-c4f6
Take 5 Department 58,TAKE 5 DEPARTMENT 58,Dallas,Dallas,TX,2020-03-23,2020-03-22,8,,https://data.texas.gov/d/8w53-c4f6
Hooters - Hwy 6 South,HOOTERS - HWY 6 SOUTH,Houston,Fort Bend,TX,2020-03-23,2020-03-16,31,,https://data.texas.gov/d/8w53-c4f6
Take 5 Department 183,TAKE 5 DEPARTMENT 183,San Antonio,Bexar,TX,2020-03-23,2020-03-22,5,,https://data.texas.gov/d/8w53-c4f6
Take 5 Department 62,TAKE 5 DEPARTMENT 62,Garland,Dallas,TX,2020-03-23,2020-03-22,6,,https://data.texas.gov/d/8w53-c4f6
Take 5 Deaprtment 63,TAKE 5 DEAPRTMENT 63,Dallas,Dallas,TX,2020-03-23,2020-03-22,8,,https://data.texas.gov/d/8w53-c4f6
Take 5 Department 68,TAKE 5 DEPARTMENT 68,Richardson,Dallas,TX,2020-03-23,2020-03-22,5,,https://data.texas.gov/d/8w53-c4f6
Take 5 Department 554,TAKE 5 DEPARTMENT 554,Katy,Harris,TX,2020-03-23,2020-03-22,6,,https://data.texas.gov/d/8w53-c4f6
Take 5 Department 96,TAKE 5 DEPARTMENT 96,Fort Worth,Tarrant,TX,2020-03-23,2020-03-22,8,,https://data.texas.gov/d/8w53-c4f6
Chalk Montain Services of Texas LLC - Pleasanton,CHALK MONTAIN OF TEXAS - PLEASANTON,Pleasanton,Atascosa,TX,2020-03-23,2020-04-06,219,,https://data.texas.gov/d/8w53-c4f6
Take 5 Department 209,TAKE 5 DEPARTMENT 209,San Marcos,Hays,TX,2020-03-23,2020-03-22,8,,https://data.texas.gov/d/8w53-c4f6
Take 5 Department 212,TAKE 5 DEPARTMENT 212,Temple,Bell,TX,2020-03-23,2020-03-22,3,,https://data.texas.gov/d/8w53-c4f6
Take 5 Department 276,TAKE 5 DEPARTMENT 276,Killeen,Bell,TX,2020-03-23,2020-03-22,8,,https://data.texas.gov/d/8w53-c4f6
Take 5 Department 241,TAKE 5 DEPARTMENT 241,Austin,Travis,TX,2020-03-23,2020-03-22,5,,https://data.texas.gov/d/8w53-c4f6
Take 5 Department 244,TAKE 5 DEPARTMENT 244,Austin,Travis,TX,2020-03-23,2020-03-22,7,,https://data.texas.gov/d/8w53-c4f6
Take 5 Department 405,TAKE 5 DEPARTMENT 405,San Antonio,Bexar,TX,2020-03-23,2020-03-22,4,,https://data.texas.gov/d/8w53-c4f6
Take 5 Department 421,TAKE 5 DEPARTMENT 421,Plano,Collin,TX,2020-03-23,2020-03-22,6,,https://data.texas.gov/d/8w53-c4f6
Take 5 Department 79,TAKE 5 DEPARTMENT 79,Spring,Harris,TX,2020-03-23,2020-03-22,3,,https://data.texas.gov/d/8w53-c4f6
Take 5 Department 550,TAKE 5 DEPARTMENT 550,Houston,Harris,TX,2020-03-23,2020-03-22,4,,https://data.texas.gov/d/8w53-c4f6
Take 5 Department 598,TAKE 5 DEPARTMENT 598,Amarillo,Potter,TX,2020-03-23,2020-03-22,4,,https://data.texas.gov/d/8w53-c4f6
Take 5 Department 513,TAKE 5 DEPARTMENT 513,Andrews,Andrews,TX,2020-03-23,2020-03-22,3,,https://data.texas.gov/d/8w53-c4f6
Take 5 Department 70,TAKE 5 DEPARTMENT 70,Plano,Denton,TX,2020-03-23,2020-03-22,6,,https://data.texas.gov/d/8w53-c4f6
Take 5 Department 504,TAKE 5 DEPARTMENT 504,Burleson,Johnson,TX,2020-03-23,2020-03-22,6,,https://data.texas.gov/d/8w53-c4f6
Take 5 Department 72,TAKE 5 DEPARTMENT 72,Texarkana,Bowie,TX,2020-03-23,2020-03-22,4,,https://data.texas.gov/d/8w53-c4f6
Take 5 Department 208,TAKE 5 DEPARTMENT 208,Lewisville,Denton,TX,2020-03-23,2020-03-22,4,,https://data.texas.gov/d/8w53-c4f6
Take 5 Department 202,TAKE 5 DEPARTMENT 202,San Marcos,Hays,TX,2020-03-23,2020-03-22,6,,https://data.texas.gov/d/8w53-c4f6
Take 5 Department 596,TAKE 5 DEPARTMENT 596,San Antonio,Bexar,TX,2020-03-23,2020-03-22,3,,https://data.texas.gov/d/8w53-c4f6
Take 5 Department 201,TAKE 5 DEPARTMENT 201,San Antonio,Bexar,TX,2020-03-23,2020-03-22,4,,https://data.texas.gov/d/8w53-c4f6
Take 5 Department 69,TAKE 5 DEPARTMENT 69,Plano,Denton,TX,2020-03-23,2020-03-22,4,,https://data.texas.gov/d/8w53-c4f6
Take 5 Department 177,TAKE 5 DEPARTMENT 177,San Antonio,Bexar,TX,2020-03-23,2020-03-22,5,,https://data.texas.gov/d/8w53-c4f6
America's Auto Auction,AMERICA'S AUTO AUCTION,Conroe,Montgomery,TX,2020-03-23,2020-03-17,17,,https://data.texas.gov/d/8w53-c4f6
America's Auto Auction - Almeda-Genoa Rd,AMERICA'S AUTO AUCTION - ALMEDA-GENOA RD,Houston,Fort Bend,TX,2020-03-23,2020-03-17,58,,https://data.texas.gov/d/8w53-c4f6
America's Auton Auction - Almed-Genoa Rd.,AMERICA'S AUTON AUCTION - ALMED-GENOA RD,Irving,Dallas,TX,2020-03-23,2020-03-17,10,,https://data.texas.gov/d/8w53-c4f6
Take 5 Department 178,TAKE 5 DEPARTMENT 178,San Antonio,Bexar,TX,2020-03-23,2020-03-22,2,,https://data.texas.gov/d/8w53-c4f6
Take 5 Department 180,TAKE 5 DEPARTMENT 180,San Antonio,Bexar,TX,2020-03-23,2020-03-22,5,,https://data.texas.gov/d/8w53-c4f6
Take 5 Department 181,TAKE 5 DEPARTMENT 181,San Antonio,Bexar,TX,2020-03-23,2020-03-22,10,,https://data.texas.gov/d/8w53-c4f6
Take 5 Department 182,TAKE 5 DEPARTMENT 182,San Antonio,Bexar,TX,2020-03-23,2020-03-22,5,,https://data.texas.gov/d/8w53-c4f6
Take 5 Department 200,TAKE 5 DEPARTMENT 200,Spring Branch,Comal,TX,2020-03-23,2020-03-22,4,,https://data.texas.gov/d/8w53-c4f6
Take 5 Department 519,TAKE 5 DEPARTMENT 519,Odessa,Ector,TX,2020-03-23,2020-03-22,9,,https://data.texas.gov/d/8w53-c4f6
Take 5 Department 514,TAKE 5 DEPARTMENT 514,Big Spring,Howard,TX,2020-03-23,2020-03-22,4,,https://data.texas.gov/d/8w53-c4f6
Take 5 Department 515,TAKE 5 DEPARTMENT 515,Midland,Midland,TX,2020-03-23,2020-03-22,5,,https://data.texas.gov/d/8w53-c4f6
Take 5 Department 516,TAKE 5 DEPARTMENT 516,Midland,Midland,TX,2020-03-23,2020-03-22,7,,https://data.texas.gov/d/8w53-c4f6
Take 5 Department 517,TAKE 5 DEPARTMENT 517,Midland,Midland,TX,2020-03-23,2020-03-22,6,,https://data.texas.gov/d/8w53-c4f6
Take 5 Department 518,TAKE 5 DEPARTMENT 518,Odessa,Ector,TX,2020-03-23,2020-03-22,5,,https://data.texas.gov/d/8w53-c4f6
Take 5 Department 59,TAKE 5 DEPARTMENT 59,Dallas,Dallas,TX,2020-03-23,2020-03-22,5,,https://data.texas.gov/d/8w53-c4f6
Take 5 Department 520,TAKE 5 DEPARTMENT 520,Canyon,Randall,TX,2020-03-23,2020-03-22,5,,https://data.texas.gov/d/8w53-c4f6
Take 5 Department 521,TAKE 5 DEPARTMENT 521,Hereford,Deaf Smith,TX,2020-03-23,2020-03-22,4,,https://data.texas.gov/d/8w53-c4f6
Take 5 Department 522,TAKE 5 DEPARTMENT 522,Lubbock,Lubbock,TX,2020-03-23,2020-03-22,6,,https://data.texas.gov/d/8w53-c4f6
Take 5 Department 523,TAKE 5 DEPARTMENT 523,Plainview,Hale,TX,2020-03-23,2020-03-22,4,,https://data.texas.gov/d/8w53-c4f6
Take 5 Department 524,TAKE 5 DEPARTMENT 524,Abilene,Taylor,TX,2020-03-23,2020-03-22,6,,https://data.texas.gov/d/8w53-c4f6
Take 5 Department 525,TAKE 5 DEPARTMENT 525,Lubbock,Lubbock,TX,2020-03-23,2020-03-22,3,,https://data.texas.gov/d/8w53-c4f6
Take 5 Department 526,TAKE 5 DEPARTMENT 526,Lubbock,Lubbock,TX,2020-03-23,2020-03-22,4,,https://data.texas.gov/d/8w53-c4f6
Take 5 Department 529,TAKE 5 DEPARTMENT 529,Lubbock,Lubbock,TX,2020-03-23,2020-03-22,4,,https://data.texas.gov/d/8w53-c4f6
Take 5 Department 552,TAKE 5 DEPARTMENT 552,Baytown,Harris,TX,2020-03-23,2020-03-22,6,,https://data.texas.gov/d/8w53-c4f6
Take 5 Department 548,TAKE 5 DEPARTMENT 548,Webster,Harris,TX,2020-03-23,2020-03-22,4,,https://data.texas.gov/d/8w53-c4f6
Take 5 Department 511,TAKE 5 DEPARTMENT 511,Irving,Dallas,TX,2020-03-23,2020-03-22,7,,https://data.texas.gov/d/8w53-c4f6
Schulte Companies-Richland Hills,SCHULTE COMPANIES-RICHLAND HILLS,San Antonio,Bexar,TX,2020-03-23,2020-03-16,19,,https://data.texas.gov/d/8w53-c4f6
Schulte Companies-Loop 1604,SCHULTE COMPANIES-LOOP 1604,San Antonio,Bexar,TX,2020-03-23,2020-03-16,13,,https://data.texas.gov/d/8w53-c4f6
Schulte Companies-Navarro St.,SCHULTE COMPANIES-NAVARRO ST,San Antonio,Bexar,TX,2020-03-23,2020-03-16,21,,https://data.texas.gov/d/8w53-c4f6
Schulte Companies-Houston,SCHULTE COMPANIES-HOUSTON,Houston,Harris,TX,2020-03-23,2020-03-16,18,,https://data.texas.gov/d/8w53-c4f6
Schulte Companies-Dallas,SCHULTE COMPANIES-DALLAS,Dallas,Dallas,TX,2020-03-23,2020-03-16,2,,https://data.texas.gov/d/8w53-c4f6
Schulte Companies-E. Houston,SCHULTE COMPANIES-E HOUSTON,San Antonio,Bexar,TX,2020-03-23,2020-03-16,22,,https://data.texas.gov/d/8w53-c4f6
Schulte Companies-Cinema Ridge,SCHULTE COMPANIES-CINEMA RIDGE,San Antonio,Bexar,TX,2020-03-23,2020-03-16,19,,https://data.texas.gov/d/8w53-c4f6
Take 5 Department 527,TAKE 5 DEPARTMENT 527,Dallas,Dallas,TX,2020-03-23,2020-03-23,7,,https://data.texas.gov/d/8w53-c4f6
Take 5 Department 512,TAKE 5 DEPARTMENT 512,Irving,Dallas,TX,2020-03-23,2020-03-22,5,,https://data.texas.gov/d/8w53-c4f6
Take 5 Department 51,TAKE 5 DEPARTMENT 51,Garland,Dallas,TX,2020-03-23,2020-03-22,7,,https://data.texas.gov/d/8w53-c4f6
Take 5 Department 203,TAKE 5 DEPARTMENT 203,Garland,Dallas,TX,2020-03-23,2020-03-22,3,,https://data.texas.gov/d/8w53-c4f6
Take 5 Department 204,TAKE 5 DEPARTMENT 204,Fort Worth,Tarrant,TX,2020-03-23,2020-03-22,8,,https://data.texas.gov/d/8w53-c4f6
Take 5 Department 533,TAKE 5 DEPARTMENT 533,Sachse,Dallas,TX,2020-03-23,2020-03-22,6,,https://data.texas.gov/d/8w53-c4f6
Take 5 Department 107,TAKE 5 DEPARTMENT 107,Huntsville,Walker,TX,2020-03-23,2020-03-22,4,,https://data.texas.gov/d/8w53-c4f6
Hilton Houston Galeria,HILTON HOUSTON GALERIA,Houston,Harris,TX,2020-03-23,2020-03-19,35,,https://data.texas.gov/d/8w53-c4f6
Take 5 Department 558,TAKE 5 DEPARTMENT 558,Houston,Harris,TX,2020-03-23,2020-03-22,4,,https://data.texas.gov/d/8w53-c4f6
Take 5 Department 560,TAKE 5 DEPARTMENT 560,Houston,Harris,TX,2020-03-23,2020-03-22,3,,https://data.texas.gov/d/8w53-c4f6
Take 5 Department 561,TAKE 5 DEPARTMENT 561,Humble,Harris,TX,2020-03-23,2020-03-22,6,,https://data.texas.gov/d/8w53-c4f6
Take 5 Department 562,TAKE 5 DEPARTMENT 562,Channelview,Harris,TX,2020-03-23,2020-03-22,6,,https://data.texas.gov/d/8w53-c4f6
Take 5 Department 608,TAKE 5 DEPARTMENT 608,Houston,Harris,TX,2020-03-23,2020-03-22,3,,https://data.texas.gov/d/8w53-c4f6
Take 5 Department 101,TAKE 5 DEPARTMENT 101,Spring,Harris,TX,2020-03-23,2020-03-22,5,,https://data.texas.gov/d/8w53-c4f6
Take 5 Department 566,TAKE 5 DEPARTMENT 566,Houston,Harris,TX,2020-03-23,2020-03-22,3,,https://data.texas.gov/d/8w53-c4f6
Take 5 Department 109,TAKE 5 DEPARTMENT 109,College Station,Brazos,TX,2020-03-23,2020-03-22,4,,https://data.texas.gov/d/8w53-c4f6
Take 5 Department 117,TAKE 5 DEPARTMENT 117,Missouri City,Fort Bend,TX,2020-03-23,2020-03-22,7,,https://data.texas.gov/d/8w53-c4f6
Take 5 Department 507,TAKE 5 DEPARTMENT 507,Hudson Oaks,Parker,TX,2020-03-23,2020-03-22,2,,https://data.texas.gov/d/8w53-c4f6
Take 5 Department 540,TAKE 5 DEPARTMENT 540,Houston,Harris,TX,2020-03-23,2020-03-22,3,,https://data.texas.gov/d/8w53-c4f6
Take 5 Department 541,TAKE 5 DEPARTMENT 541,Houston,Harris,TX,2020-03-23,2020-03-22,7,,https://data.texas.gov/d/8w53-c4f6
Take 5 Department 103,TAKE 5 DEPARTMENT 103,Pasadena,Harris,TX,2020-03-23,2020-03-22,4,,https://data.texas.gov/d/8w53-c4f6
Take 5 Department 543,TAKE 5 DEPARTMENT 543,Houston,Harris,TX,2020-03-23,2020-03-22,4,,https://data.texas.gov/d/8w53-c4f6
Dyn365 dba Restaurant365,DYN365 DBA RESTAURANT365,Austin,Travis,TX,2020-03-23,2020-03-27,95,,https://data.texas.gov/d/8w53-c4f6
Collegiate Hotel Group,COLLEGIATE HOTEL GROUP,Dallas,Dallas,TX,2020-03-23,2020-03-16,35,,https://data.texas.gov/d/8w53-c4f6
Take 5 Department 171,TAKE 5 DEPARTMENT 171,San Antonio,Bexar,TX,2020-03-23,2020-03-22,4,,https://data.texas.gov/d/8w53-c4f6
Take 5 Department 173,TAKE 5 DEPARTMENT 173,San Antonio,Bexar,TX,2020-03-23,2020-03-22,5,,https://data.texas.gov/d/8w53-c4f6
Take 5 Department 174,TAKE 5 DEPARTMENT 174,San Antonio,Bexar,TX,2020-03-23,2020-03-22,6,,https://data.texas.gov/d/8w53-c4f6
Take 5 Department 176,TAKE 5 DEPARTMENT 176,San Antonio,Bexar,TX,2020-03-23,2020-03-22,4,,https://data.texas.gov/d/8w53-c4f6
Take 5 Department 557,TAKE 5 DEPARTMENT 557,Houston,Harris,TX,2020-03-23,2020-03-22,3,,https://data.texas.gov/d/8w53-c4f6
Alsco - Houston,ALSCO - HOUSTON,Houston,Fort Bend,TX,2020-03-23,2020-03-26,128,,https://data.texas.gov/d/8w53-c4f6
Hard Rock Café,HARD ROCK CAFÉ,Houston,Harris,TX,2020-03-23,2020-03-27,39,,https://data.texas.gov/d/8w53-c4f6
Maines Paper & Food Service,MAINES PAPER FOOD SERVICE,Terrell,Kaufman,TX,2020-03-23,2020-03-19,41,,https://data.texas.gov/d/8w53-c4f6
Take 5 Department 82,TAKE 5 DEPARTMENT 82,Houston,Harris,TX,2020-03-23,2020-03-22,4,,https://data.texas.gov/d/8w53-c4f6
Take 5 Department 81,TAKE 5 DEPARTMENT 81,Houston,Harris,TX,2020-03-23,2020-03-22,9,,https://data.texas.gov/d/8w53-c4f6
Take 5 Department 83,TAKE 5 DEPARTMENT 83,Spring,Montgomery,TX,2020-03-23,2020-03-22,5,,https://data.texas.gov/d/8w53-c4f6
Take 5 Department 86,TAKE 5 DEPARTMENT 86,Houston,Harris,TX,2020-03-23,2020-03-22,5,,https://data.texas.gov/d/8w53-c4f6
Take 5 Department 97,TAKE 5 DEPARTMENT 97,Cypress,Harris,TX,2020-03-23,2020-03-22,6,,https://data.texas.gov/d/8w53-c4f6
Cantina Del Rio,CANTINA DEL RIO,New Braunfels,Comal,TX,2020-03-23,2020-03-19,52,,https://data.texas.gov/d/8w53-c4f6
Take 5 Department 431,TAKE 5 DEPARTMENT 431,Lake Worth,Tarrant,TX,2020-03-23,2020-03-22,6,,https://data.texas.gov/d/8w53-c4f6
Take 5 Department 245,TAKE 5 DEPARTMENT 245,Houston,Harris,TX,2020-03-23,2020-03-22,6,,https://data.texas.gov/d/8w53-c4f6
Take 5 Department 246,TAKE 5 DEPARTMENT 246,Hale Center,Hale,TX,2020-03-23,2020-03-22,6,,https://data.texas.gov/d/8w53-c4f6
Take 5 Department 253,TAKE 5 DEPARTMENT 253,Houston,Harris,TX,2020-03-23,2020-03-22,5,,https://data.texas.gov/d/8w53-c4f6
Take 5 Department 414,TAKE 5 DEPARTMENT 414,La Porte,Harris,TX,2020-03-23,2020-03-23,3,,https://data.texas.gov/d/8w53-c4f6
Take 5 Department 415,TAKE 5 DEPARTMENT 415,Houston,Harris,TX,2020-03-23,2020-03-22,3,,https://data.texas.gov/d/8w53-c4f6
Take 5 Department 104,TAKE 5 DEPARTMENT 104,Spring,Montgomery,TX,2020-03-23,2020-03-22,5,,https://data.texas.gov/d/8w53-c4f6
Take 5 Deaprtment 427,TAKE 5 DEAPRTMENT 427,Houston,Fort Bend,TX,2020-03-23,2020-03-22,4,,https://data.texas.gov/d/8w53-c4f6
Take 5 Department 233,TAKE 5 DEPARTMENT 233,Pearland,Brazoria,TX,2020-03-23,2020-03-22,6,,https://data.texas.gov/d/8w53-c4f6
Take 5 Department 555,TAKE 5 DEPARTMENT 555,Katy,Fort Bend,TX,2020-03-23,2020-03-22,7,,https://data.texas.gov/d/8w53-c4f6
Take 5 Department 556,TAKE 5 DEPARTMENT 556,Houston,Harris,TX,2020-03-23,2020-03-22,6,,https://data.texas.gov/d/8w53-c4f6
Take 5 Department 564,TAKE 5 DEPARTMENT 564,Crosby,Harris,TX,2020-03-23,2020-03-22,5,,https://data.texas.gov/d/8w53-c4f6
Take 5 Department 565,TAKE 5 DEPARTMENT 565,League City,Galveston,TX,2020-03-23,2020-03-23,5,,https://data.texas.gov/d/8w53-c4f6
Take 5 Department 64,TAKE 5 DEPARTMENT 64,Dallas,Dallas,TX,2020-03-23,2020-03-22,8,,https://data.texas.gov/d/8w53-c4f6
Take 5 Department 66,TAKE 5 DEPARTMENT 66,Mesquite,Dallas,TX,2020-03-23,2020-03-22,9,,https://data.texas.gov/d/8w53-c4f6
Take 5 Department 416,TAKE 5 DEPARTMENT 416,Tomball,Harris,TX,2020-03-23,2020-03-22,7,,https://data.texas.gov/d/8w53-c4f6
Take 5 Department 172,TAKE 5 DEPARTMENT 172,San Antonio,Bexar,TX,2020-03-23,2020-03-22,2,,https://data.texas.gov/d/8w53-c4f6
Take 5 Department 73,TAKE 5 DEPARTMENT 73,Duncanville,Dallas,TX,2020-03-23,2020-03-22,5,,https://data.texas.gov/d/8w53-c4f6
Take 5 Department 542,TAKE 5 DEPARTMENT 542,Katy,Harris,TX,2020-03-23,2020-03-22,4,,https://data.texas.gov/d/8w53-c4f6
Take 5 Department 544,TAKE 5 DEPARTMENT 544,Humble,Harris,TX,2020-03-23,2020-03-22,9,,https://data.texas.gov/d/8w53-c4f6
Take 5 Department 545,TAKE 5 DEPARTMENT 545,Houston,Harris,TX,2020-03-23,2020-03-22,3,,https://data.texas.gov/d/8w53-c4f6
Take 5 Department 547,TAKE 5 DEPARTMENT 547,Deer Park,Harris,TX,2020-03-23,2020-03-22,5,,https://data.texas.gov/d/8w53-c4f6
Take 5 Department 105,TAKE 5 DEPARTMENT 105,Spring,Montgomery,TX,2020-03-23,2020-03-22,6,,https://data.texas.gov/d/8w53-c4f6
Take 5 Department 238,TAKE 5 DEPARTMENT 238,Missouri City,Fort Bend,TX,2020-03-23,2020-03-22,4,,https://data.texas.gov/d/8w53-c4f6
Eviti Gaming Headquarters,EVITI GAMING HEADQUARTERS,Austin,Travis,TX,2020-03-23,2020-03-23,183,,https://data.texas.gov/d/8w53-c4f6
Take 5 Department 235,TAKE 5 DEPARTMENT 235,Houston,Harris,TX,2020-03-23,2020-03-22,6,,https://data.texas.gov/d/8w53-c4f6
Take 5 Department 205,TAKE 5 DEPARTMENT 205,Houston,Harris,TX,2020-03-23,2020-03-22,6,,https://data.texas.gov/d/8w53-c4f6
Take 5 Department 217,TAKE 5 DEPARTMENT 217,Pasadena,Harris,TX,2020-03-23,2020-03-22,4,,https://data.texas.gov/d/8w53-c4f6
Take 5 Department 226,TAKE 5 DEPARTMENT 226,Conroe,Montgomery,TX,2020-03-23,2020-03-22,3,,https://data.texas.gov/d/8w53-c4f6
Take 5 Department 230,TAKE 5 DEPARTMENT 230,Pasadena,Harris,TX,2020-03-23,2020-03-23,2,,https://data.texas.gov/d/8w53-c4f6
Take 5 Department 231,TAKE 5 DEPARTMENT 231,Baytown,Harris,TX,2020-03-23,2020-03-22,9,,https://data.texas.gov/d/8w53-c4f6
Take 5 Department 106,TAKE 5 DEPARTMENT 106,Conroe,Montgomery,TX,2020-03-23,2020-03-22,4,,https://data.texas.gov/d/8w53-c4f6
Eveti Production Facility,EVETI PRODUCTION FACILITY,Austin,Travis,TX,2020-03-23,2020-03-23,48,,https://data.texas.gov/d/8w53-c4f6
Hooters - Beltline Rd.,HOOTERS - BELTLINE RD,Addison,Dallas,TX,2020-03-23,2020-03-16,36,,https://data.texas.gov/d/8w53-c4f6
Take 5 Department 549,TAKE 5 DEPARTMENT 549,Rosenberg,Fort Bend,TX,2020-03-23,2020-03-22,3,,https://data.texas.gov/d/8w53-c4f6
Hooters - Ingram Rd.,HOOTERS - INGRAM RD,San Antonio,Bexar,TX,2020-03-23,2020-03-16,59,,https://data.texas.gov/d/8w53-c4f6
Hooters - San Pedro,HOOTERS - SAN PEDRO,San Antonio,Bexar,TX,2020-03-23,2020-03-16,46,,https://data.texas.gov/d/8w53-c4f6
Hooters - Commerce St.,HOOTERS - COMMERCE ST,San Antonio,Bexar,TX,2020-03-23,2020-03-16,35,,https://data.texas.gov/d/8w53-c4f6
Hooters -  Selma,HOOTERS - SELMA,Selma,Bexar,TX,2020-03-23,2020-03-16,36,,https://data.texas.gov/d/8w53-c4f6
Hooters - Rudder Fwy,HOOTERS - RUDDER FWY,Bryan,Brazos,TX,2020-03-23,2020-03-16,53,,https://data.texas.gov/d/8w53-c4f6
Hooters - Bass Pro Dr.,HOOTERS - BASS PRO DR,Harlingen,Cameron,TX,2020-03-23,2020-03-16,61,,https://data.texas.gov/d/8w53-c4f6
Take 5 Department 530,TAKE 5 DEPARTMENT 530,Murphy,Collin,TX,2020-03-23,2020-03-22,8,,https://data.texas.gov/d/8w53-c4f6
Hooters - S. Padre Island Dr,HOOTERS - S PADRE ISLAND DR,Corpus Christi,Nueces,TX,2020-03-23,2020-03-16,51,,https://data.texas.gov/d/8w53-c4f6
Hooters - Wurbach Rd.,HOOTERS - WURBACH RD,San Antonio,Bexar,TX,2020-03-23,2020-03-16,40,,https://data.texas.gov/d/8w53-c4f6
Hooters - N. Lamar,HOOTERS - N LAMAR,Dallas,Dallas,TX,2020-03-23,2020-03-16,80,,https://data.texas.gov/d/8w53-c4f6
Hooters - N. Bass Pro Dr.,HOOTERS - N BASS PRO DR,Garland,Dallas,TX,2020-03-23,2020-03-16,42,,https://data.texas.gov/d/8w53-c4f6
Hooters - IH 20 West,HOOTERS - IH 20 WEST,Grand Prairie,Dallas,TX,2020-03-23,2020-03-16,66,,https://data.texas.gov/d/8w53-c4f6
Hooters - N. Beltline,HOOTERS - N BELTLINE,Irving,Dallas,TX,2020-03-23,2020-03-16,50,,https://data.texas.gov/d/8w53-c4f6
Hooters - Market Place Blvd.,HOOTERS - MARKET PLACE BLVD,Irving,Dallas,TX,2020-03-23,2020-03-16,36,,https://data.texas.gov/d/8w53-c4f6
Hooters - Towne Crossing Blvd.,HOOTERS - TOWNE CROSSING BLVD,Mesquite,Dallas,TX,2020-03-23,2020-03-16,58,,https://data.texas.gov/d/8w53-c4f6
Take 5 Department 184,TAKE 5 DEPARTMENT 184,San Antonio,Bexar,TX,2020-03-23,2020-03-22,5,,https://data.texas.gov/d/8w53-c4f6
Hooters - Sherwood Way,HOOTERS - SHERWOOD WAY,San Angelo,Tom Green,TX,2020-03-23,2020-03-13,47,,https://data.texas.gov/d/8w53-c4f6
Take 5 Department 194,TAKE 5 DEPARTMENT 194,Schertz,Bexar,TX,2020-03-23,2020-03-22,6,,https://data.texas.gov/d/8w53-c4f6
Take 5 Department 185,TAKE 5 DEPARTMENT 185,Universal City,Bexar,TX,2020-03-23,2020-03-22,7,,https://data.texas.gov/d/8w53-c4f6
Take 5 Department 186,TAKE 5 DEPARTMENT 186,Live Oak,Bexar,TX,2020-03-23,2020-03-22,5,,https://data.texas.gov/d/8w53-c4f6
Take 5 Department 187,TAKE 5 DEPARTMENT 187,Converse,Bexar,TX,2020-03-23,,4,,https://data.texas.gov/d/8w53-c4f6
Take 5 Department 188,TAKE 5 DEPARTMENT 188,San Antonio,Bexar,TX,2020-03-23,2020-03-22,4,,https://data.texas.gov/d/8w53-c4f6
Take 5 Department 189,TAKE 5 DEPARTMENT 189,New Braunfels,Comal,TX,2020-03-23,2020-03-22,8,,https://data.texas.gov/d/8w53-c4f6
Take 5 Department 190,TAKE 5 DEPARTMENT 190,San Antonio,Bexar,TX,2020-03-23,2020-03-22,5,,https://data.texas.gov/d/8w53-c4f6
Take 5 Department 191,TAKE 5 DEPARTMENT 191,San Antonio,Bexar,TX,2020-03-23,2020-03-22,6,,https://data.texas.gov/d/8w53-c4f6
Take 5 Department 49,TAKE 5 DEPARTMENT 49,Dallas,Dallas,TX,2020-03-23,2020-03-22,5,,https://data.texas.gov/d/8w53-c4f6
Take 5 Department 193,TAKE 5 DEPARTMENT 193,Canyon Lake,Comal,TX,2020-03-23,2020-03-22,9,,https://data.texas.gov/d/8w53-c4f6
Hooters - Heards Ln.,HOOTERS - HEARDS LN,Galveston,Galveston,TX,2020-03-23,2020-03-16,63,,https://data.texas.gov/d/8w53-c4f6
Take 5 Department 195,TAKE 5 DEPARTMENT 195,Boerne,Kendall,TX,2020-03-23,2020-03-22,1,,https://data.texas.gov/d/8w53-c4f6
Take 5 Department 196,TAKE 5 DEPARTMENT 196,San Antonio,Bexar,TX,2020-03-23,2020-03-22,6,,https://data.texas.gov/d/8w53-c4f6
Take 5 Department 197,TAKE 5 DEPARTMENT 197,Helotes,Bexar,TX,2020-03-23,2020-03-22,5,,https://data.texas.gov/d/8w53-c4f6
Take 5 Department 505,TAKE 5 DEPARTMENT 505,Burleson,Johnson,TX,2020-03-23,2020-03-22,3,,https://data.texas.gov/d/8w53-c4f6
Hooters,HOOTERS,Kirby,Bexar,TX,2020-03-23,2020-03-16,52,,https://data.texas.gov/d/8w53-c4f6
Take 5 Department 506,TAKE 5 DEPARTMENT 506,Cedar Hill,Dallas,TX,2020-03-23,2020-03-22,5,,https://data.texas.gov/d/8w53-c4f6
Take 5 Department 509,TAKE 5 DEPARTMENT 509,Mineral Wells,Palo Pinto,TX,2020-03-23,2020-03-22,5,,https://data.texas.gov/d/8w53-c4f6
Take 5 Department 192,TAKE 5 DEPARTMENT 192,San Antonio,Bexar,TX,2020-03-23,2020-03-22,5,,https://data.texas.gov/d/8w53-c4f6
Hooters - Preston Rd.,HOOTERS - PRESTON RD,Frisco,Collin,TX,2020-03-23,2020-03-16,26,,https://data.texas.gov/d/8w53-c4f6
Hooters - FM 1960,HOOTERS - FM 1960,Houston,Fort Bend,TX,2020-03-23,2020-03-31,28,,https://data.texas.gov/d/8w53-c4f6
Hooters - SW Blvd.,HOOTERS - SW BLVD,Fort Worth,Tarrant,TX,2020-03-23,2020-03-16,20,,https://data.texas.gov/d/8w53-c4f6
Hooters - Throckmorton,HOOTERS - THROCKMORTON,Fort Worth,Tarrant,TX,2020-03-23,2020-03-16,50,,https://data.texas.gov/d/8w53-c4f6
Hooters - Crossroads,HOOTERS - CROSSROADS,Grapevine,Tarrant,TX,2020-03-23,2020-03-16,49,,https://data.texas.gov/d/8w53-c4f6
Hooters - Grapevine Hwy,HOOTERS - GRAPEVINE HWY,Richland Hills,Tarrant,TX,2020-03-23,2020-03-16,50,,https://data.texas.gov/d/8w53-c4f6
Hooters - Sunmount,HOOTERS - SUNMOUNT,El Paso,El Paso,TX,2020-03-23,2020-03-16,75,,https://data.texas.gov/d/8w53-c4f6
Hooters - State Line,HOOTERS - STATE LINE,Texarkana,Bowie,TX,2020-03-23,2020-03-16,33,,https://data.texas.gov/d/8w53-c4f6
Hooters - N. Collins,HOOTERS - N COLLINS,Arlington,Tarrant,TX,2020-03-23,2020-03-16,64,,https://data.texas.gov/d/8w53-c4f6
Hooters - Uptown,HOOTERS - UPTOWN,Cedar Hill,Dallas,TX,2020-03-23,2020-03-16,45,,https://data.texas.gov/d/8w53-c4f6
Hooters - Overland Trl,HOOTERS - OVERLAND TRL,Abilene,Jones,TX,2020-03-23,2020-03-16,40,,https://data.texas.gov/d/8w53-c4f6
Hooters - Plano,HOOTERS - PLANO,Plano,Collin,TX,2020-03-23,2020-03-16,36,,https://data.texas.gov/d/8w53-c4f6
Hooters - Call Field Rd.,HOOTERS - CALL FIELD RD,Wichita Falls,Archer,TX,2020-03-23,2020-03-16,31,,https://data.texas.gov/d/8w53-c4f6
Hooters - Denton,HOOTERS - DENTON,Denton,Denton,TX,2020-03-23,2020-03-16,54,,https://data.texas.gov/d/8w53-c4f6
metrofuser,METROFUSER,elizabeth,,NJ,,2020-03-23,15,,https://www.nj.gov/labor/employer-services/warn/
Anthony Robert Salon LLC,ANTHONY ROBERT SALON,Verona,,NJ,,2020-03-23,9,,https://www.nj.gov/labor/employer-services/warn/
Bergen Shippers,BERGEN SHIPPERS,North Bergen,,NJ,,2020-03-23,93,,https://www.nj.gov/labor/employer-services/warn/
Boardakan Restaurant Partners,BOARDAKAN RESTAURANT PARTNERS,Atlantic City,,NJ,,2020-03-23,143,,https://www.nj.gov/labor/employer-services/warn/
Collegiate  High Group,COLLEGIATE HIGH GROUP,Charlottesville VA,,VA,2020-03-23,,66,Layoff,https://www.vec.virginia.gov/warn-notices
Hooters of America LLC,HOOTERS OF AMERICA,Chantilly VA,,VA,2020-03-23,,45,Layoff,https://www.vec.virginia.gov/warn-notices
Take 5 Oil Change-Driven Brands Shared Services LLC,TAKE 5 OIL CHANGE-DRIVEN BRANDS SHARED,"Chesapeake, VA Beach, Newport News, Portsmouth & Hampton VA",,VA,2020-03-23,,42,Layoff,https://www.vec.virginia.gov/warn-notices
Hooters of America LLC,HOOTERS OF AMERICA,Fredericksburg VA,,VA,2020-03-23,,21,Layoff,https://www.vec.virginia.gov/warn-notices
America's Auto Auction,AMERICA'S AUTO AUCTION,Virginia Beach VA,,VA,2020-03-23,,53,Layoff,https://www.vec.virginia.gov/warn-notices
A Head for Profits LLC,A HEAD FOR PROFITS,Chesapeake VA,,VA,2020-03-23,,45,Layoff,https://www.vec.virginia.gov/warn-notices
Take 5 Oil Change-Driven Brands Shared Services LLC,TAKE 5 OIL CHANGE-DRIVEN BRANDS SHARED,Richmond VA,,VA,2020-03-23,,5,Layoff,https://www.vec.virginia.gov/warn-notices
Hooters of America LLC,HOOTERS OF AMERICA,Chester VA,,VA,2020-03-23,,46,Layoff,https://www.vec.virginia.gov/warn-notices
Hooters of America LLC,HOOTERS OF AMERICA,Midlothian VA,,VA,2020-03-23,,10,Layoff,https://www.vec.virginia.gov/warn-notices
Hooters of America LLC,HOOTERS OF AMERICA,Richmond VA,,VA,2020-03-23,,56,Layoff,https://www.vec.virginia.gov/warn-notices
Collegiate Hotel Group,COLLEGIATE HOTEL GROUP,Richmond VA,,VA,2020-03-23,,66,Layoff,https://www.vec.virginia.gov/warn-notices
Leafly Holdings Inc,LEAFLY HOLDINGS,Seattle,,WA,2020-03-23,2020-03-23,71,Permanent,https://esd.wa.gov/about-employees/WARN
"Westport, LLC",WESTPORT,"Westport, Port Angeles, Seattle",,WA,2020-03-23,2020-03-23,335,Permanent,https://esd.wa.gov/about-employees/WARN
Edgewater Hotel,EDGEWATER HOTEL,Seattle,,WA,2020-03-23,2020-03-22,227,Temporary,https://esd.wa.gov/about-employees/WARN
Vacation Publications dba Vacations To,VACATION PUBLICATIONS DBA VACATIONS TO,Houston,Harris,TX,2020-03-22,2020-03-06,325,,https://data.texas.gov/d/8w53-c4f6
CBC Restaurant Corp. dba Corner Bakery Café,CBC RESTAURANT DBA CORNER BAKERY CAFÉ,Dallas,Dallas,TX,2020-03-22,2020-03-29,67,,https://data.texas.gov/d/8w53-c4f6
"NJ EYE PROFESSIONALS, LLC",NJ EYE PROFESSIONALS,South Plainfield,,NJ,,2020-03-22,5,,https://www.nj.gov/labor/employer-services/warn/
"Specialty MD, Inc.",SPECIALTY MD,South Plainfield,,NJ,,2020-03-22,28,,https://www.nj.gov/labor/employer-services/warn/
Augie and Caarmine's Professional Hairstyle,AUGIE AND CAARMINE'S PROFESSIONAL HAIRSTYLE,Hillsdale,,NJ,,2020-03-22,2,,https://www.nj.gov/labor/employer-services/warn/
COLMINEX USA LLC,COLMINEX,ATLANTIC CITY,,NJ,,2020-03-22,1,,https://www.nj.gov/labor/employer-services/warn/
Brick Anchor Brew House,BRICK ANCHOR BREW HOUSE,Norfolk VA,,VA,2020-03-22,,28,Layoff,https://www.vec.virginia.gov/warn-notices
Wyndham San Antonio Riverwalk,WYNDHAM SAN ANTONIO RIVERWALK,San Antonio,Bexar,TX,2020-03-21,2020-03-23,141,,https://data.texas.gov/d/8w53-c4f6
Embassy Suites-San Antonio,EMBASSY SUITES-SAN ANTONIO,San Antonio,Bexar,TX,2020-03-21,2020-03-23,41,,https://data.texas.gov/d/8w53-c4f6
Marriott Dallas Addison Quorum by the Galleria,MARRIOTT DALLAS ADDISON QUORUM BY THE GALLERIA,Dallas,Dallas,TX,2020-03-21,2020-03-23,79,,https://data.texas.gov/d/8w53-c4f6
Marriott Odessa Hotel,MARRIOTT ODESSA HOTEL,Odessa,Ector,TX,2020-03-21,2020-03-24,127,,https://data.texas.gov/d/8w53-c4f6
Austin Hotel and Residences,AUSTIN HOTEL AND RESIDENCES,Austin,Travis,TX,2020-03-21,2020-03-23,210,,https://data.texas.gov/d/8w53-c4f6
AHG Montclair Beverage LLC,AHG MONTCLAIR BEVERAGE,Montclair,,NJ,,2020-03-21,123,,https://www.nj.gov/labor/employer-services/warn/
KNY 26671 LLC dba Cooperative Laundry,KNY 26671 DBA COOPERATIVE LAUNDRY,Kearny,,NJ,,2020-03-21,102,,https://www.nj.gov/labor/employer-services/warn/
My unique thrift,MY UNIQUE THRIFT,watchung,,NJ,,2020-03-21,0,,https://www.nj.gov/labor/employer-services/warn/
Super Shoes,SUPER SHOES,Christiansburg & Salem VA,,VA,2020-03-21,,18,Layoff,https://www.vec.virginia.gov/warn-notices
Warwick Melrose Hotel,WARWICK MELROSE HOTEL,Dallas,Dallas,TX,2020-03-20,2020-03-22,113,,https://data.texas.gov/d/8w53-c4f6
Sheraton Ft. Worth,SHERATON FT WORTH,Ft. Worth,Tarrant,TX,2020-03-20,2020-03-20,164,,https://data.texas.gov/d/8w53-c4f6
Virgin Hotels Dallas,VIRGIN HOTELS DALLAS,Dallas,Dallas,TX,2020-03-20,2020-03-20,199,,https://data.texas.gov/d/8w53-c4f6
FTS International Services-Odessa,FTS INTERNATIONAL -ODESSA,Odessa,Ector,TX,2020-03-20,2020-03-20,207,,https://data.texas.gov/d/8w53-c4f6
Sydell Hotels LLC,SYDELL HOTELS,Austin,Travis,TX,2020-03-20,2020-03-16,181,,https://data.texas.gov/d/8w53-c4f6
Hilton Lincoln Center,HILTON LINCOLN CENTER,Dallas,Dallas,TX,2020-03-20,2020-03-25,97,,https://data.texas.gov/d/8w53-c4f6
Tapatio Springs Resort,TAPATIO SPRINGS RESORT,Boerne,Kendall,TX,2020-03-20,2020-03-23,58,,https://data.texas.gov/d/8w53-c4f6
Sport Clips,SPORT CLIPS,Georgetown,Williamson,TX,2020-03-20,2020-03-23,66,,https://data.texas.gov/d/8w53-c4f6
Benchmark Hospitality of Corpus Christi,BENCHMARK HOSPITALITY OF CORPUS CHRISTI,Corpus Ch,Nueces,TX,2020-03-20,2020-03-21,115,,https://data.texas.gov/d/8w53-c4f6
SA Burger,SA BURGER,San Marcos,Hays,TX,2020-03-20,2020-03-20,5,,https://data.texas.gov/d/8w53-c4f6
Rio Plaza,RIO PLAZA,San Antonio,Bexar,TX,2020-03-20,2020-03-20,3,,https://data.texas.gov/d/8w53-c4f6
Mule Restaurant Group,MULE RESTAURANT GROUP,San Antonio,Bexar,TX,2020-03-20,2020-03-20,147,,https://data.texas.gov/d/8w53-c4f6
Four Seasons Hotel-Austin,FOUR SEASONS HOTEL-AUSTIN,Austin,Travis,TX,2020-03-20,2020-03-23,369,,https://data.texas.gov/d/8w53-c4f6
Hilton-Arlington,HILTON-ARLINGTON,Arlington,Tarrant,TX,2020-03-20,2020-03-20,83,,https://data.texas.gov/d/8w53-c4f6
1230 Rt 22 Restaurant LLC,1230 RT 22 RESTAURANT,Mountainside,,NJ,,2020-03-20,51,,https://www.nj.gov/labor/employer-services/warn/
986 Restaurant Corp,986 RESTAURANT,Parlin,,NJ,,2020-03-20,35,,https://www.nj.gov/labor/employer-services/warn/
A-plus,A-PLUS,wyckoff,,NJ,,2020-03-20,1,,https://www.nj.gov/labor/employer-services/warn/
American Bread Company LLC,AMERICAN BREAD,Cleveland,,NJ,,2020-03-20,550,,https://www.nj.gov/labor/employer-services/warn/
BOM CORP d.b.a. apexx fashion,BOM D B A APEXX FASHION,Palisades Park,,NJ,,2020-03-20,3,,https://www.nj.gov/labor/employer-services/warn/
OTTO HOME GOODS INC.,OTTO HOME GOODS,saddle brook,,NJ,,2020-03-20,1,,https://www.nj.gov/labor/employer-services/warn/
"Quixote Studios, LLC",QUIXOTE STUDIOS,Carlstadt,,NJ,,2020-03-20,3,,https://www.nj.gov/labor/employer-services/warn/
"usi services group , inc.",USI GROUP,chattanooga,,NJ,,2020-03-20,23695,,https://www.nj.gov/labor/employer-services/warn/
Loreal,LOREAL,EAST ORANGE,,NJ,,2020-03-20,0,,https://www.nj.gov/labor/employer-services/warn/
1961,1961,Princeton junction,,NJ,,2020-03-20,0,,https://www.nj.gov/labor/employer-services/warn/
Sweetwater Tavern,SWEETWATER TAVERN,Centerville VA,,VA,2020-03-20,,140,Layoff,https://www.vec.virginia.gov/warn-notices
Sweetwater Tavern,SWEETWATER TAVERN,Falls Church VA,,VA,2020-03-20,,118,Layoff,https://www.vec.virginia.gov/warn-notices
Sweetwater Taven,SWEETWATER TAVEN,Sterling VA,,VA,2020-03-20,,118,Layoff,https://www.vec.virginia.gov/warn-notices
Silverado,SILVERADO,Annadale VA,,VA,2020-03-20,,80,Layoff,https://www.vec.virginia.gov/warn-notices
Patsy's Italian,PATSY'S ITALIAN,Fairfax VA,,VA,2020-03-20,,100,Layoff,https://www.vec.virginia.gov/warn-notices
Mynd Spa and Salon,MYND SPA AND SALON,Fairfax Coner VA,,VA,2020-03-20,,64,Layoff,https://www.vec.virginia.gov/warn-notices
Mike's American Grill,MIKE'S AMERICAN GRILL,Springfield VA,,VA,2020-03-20,,174,Layoff,https://www.vec.virginia.gov/warn-notices
Go Rentals,GO RENTALS,Dulles VA,,VA,2020-03-20,,275,Layoff,https://www.vec.virginia.gov/warn-notices
Fred's Food Group,FRED'S FOOD GROUP,Vienna VA,,VA,2020-03-20,,225,Layoff,https://www.vec.virginia.gov/warn-notices
Fantastic Frizbe's Flying Food Factory,FANTASTIC FRIZBE'S FLYING FOOD FACTORY,Arlington VA,,VA,2020-03-20,,128,Layoff,https://www.vec.virginia.gov/warn-notices
Costal Flats,COSTAL FLATS,Faiffax VA,,VA,2020-03-20,,134,Layoff,https://www.vec.virginia.gov/warn-notices
Artie's,ARTIE'S,Fairfax VA,,VA,2020-03-20,,99,Layoff,https://www.vec.virginia.gov/warn-notices
"Feast Restaurants, LLC",FEAST RESTAURANTS,"Wenatchee, Spokane, Sunnyside",,WA,2020-03-20,2020-03-17,147,Temporary,https://esd.wa.gov/about-employees/WARN
Service Linen,SERVICE LINEN,Renton,,WA,2020-03-20,2020-03-20,106,Temporary,https://esd.wa.gov/about-employees/WARN
Harbor Foodservice of Seattle LLC,HARBOR FOODSERVICE OF SEATTLE,Kent,,WA,2020-03-20,2020-03-22,200,Temporary,https://esd.wa.gov/about-employees/WARN
Marriott Austin South,MARRIOTT AUSTIN SOUTH,Austin,Travis,TX,2020-03-19,2020-03-20,69,,https://data.texas.gov/d/8w53-c4f6
El Fenix,EL FENIX,Dallas,Dallas,TX,2020-03-19,2020-03-16,70,,https://data.texas.gov/d/8w53-c4f6
Apache Corp.-Midland,APACHE -MIDLAND,Midland,Midland,TX,2020-03-19,2020-03-18,85,,https://data.texas.gov/d/8w53-c4f6
Punch Bowl Social,PUNCH BOWL SOCIAL,Dallas,Dallas,TX,2020-03-19,2020-03-16,93,,https://data.texas.gov/d/8w53-c4f6
Punch Bowl Social-Domain,PUNCH BOWL SOCIAL-DOMAIN,Austin,Travis,TX,2020-03-19,2020-03-16,92,,https://data.texas.gov/d/8w53-c4f6
Tenaris-IPSCO Koppel Tubulars,TENARIS-IPSCO KOPPEL TUBULARS,Baytown,Harris,TX,2020-03-19,2020-04-17,223,,https://data.texas.gov/d/8w53-c4f6
Texas Central School Bus,TEXAS CENTRAL SCHOOL BUS,Keller,Tarrant,TX,2020-03-19,2020-03-17,309,,https://data.texas.gov/d/8w53-c4f6
Sheraton Suites Market Center,SHERATON SUITES MARKET CENTER,Dallas,Dallas,TX,2020-03-19,2020-03-23,56,,https://data.texas.gov/d/8w53-c4f6
Punch Bowl Social-Congress,PUNCH BOWL SOCIAL-CONGRESS,Austin,Travis,TX,2020-03-19,2020-03-16,130,,https://data.texas.gov/d/8w53-c4f6
FTS International Services-Pleasnton,FTS INTERNATIONAL -PLEASNTON,Pleasanton,Atascosa,TX,2020-03-19,2020-03-19,207,,https://data.texas.gov/d/8w53-c4f6
Uncle Julio's-Dallas,UNCLE JULIO'S-DALLAS,Dallas,Dallas,TX,2020-03-19,2020-03-19,82,,https://data.texas.gov/d/8w53-c4f6
Imagine Screen Printing & production LLC,IMAGINE SCREEN PRINTING PRODUCTION,Dayton,,NJ,,2020-03-19,25,,https://www.nj.gov/labor/employer-services/warn/
"Prestige Maintenance USA, LP",PRESTIGE MAINTENANCE,Plano,,NJ,,2020-03-19,49,,https://www.nj.gov/labor/employer-services/warn/
"Sheppard Bus Service, Inc",SHEPPARD BUS SERVICE,Bridgeton,,NJ,,2020-03-19,672,,https://www.nj.gov/labor/employer-services/warn/
Uncle Julio’s Ballston,UNCLE JULIO’S BALLSTON,N. Fairfax VA,,VA,2020-03-19,,82,Layoff,https://www.vec.virginia.gov/warn-notices
CF Management-VA LLC (X Sport Fitness),CF MANAGEMENT-VA (X SPORT FITNESS),Alexandria VA,,VA,2020-03-19,,115,Layoff,https://www.vec.virginia.gov/warn-notices
Alamo Drafthouse Cinema,ALAMO DRAFTHOUSE CINEMA,Winchester VA,,VA,2020-03-19,,122,Layoff,https://www.vec.virginia.gov/warn-notices
Crowne Plaza,CROWNE PLAZA,Seattle,,WA,2020-03-19,2020-03-19,70,Temporary,https://esd.wa.gov/about-employees/WARN
Haliburton Energy Services-N. Sam Houston,HALIBURTON ENERGY -N SAM HOUSTON,Houston,Harris,TX,2020-03-18,2020-03-23,3500,,https://data.texas.gov/d/8w53-c4f6
Big Al's II,BIG AL'S II,Beaverton,,OR,2020-03-18,2020-03-18,120,Temporary Layoff,https://data.oregon.gov/d/ijbz-jpx8
MACYS,MACYS,Woodbridge,,NJ,,2020-03-18,1,,https://www.nj.gov/labor/employer-services/warn/
R&R AUTO GROUP,R R AUTO GROUP,Pitman,,NJ,,2020-03-18,2,,https://www.nj.gov/labor/employer-services/warn/
Sunoco,SUNOCO,Bloomfield,,NJ,,2020-03-18,1,,https://www.nj.gov/labor/employer-services/warn/
Marshall Retail Group,MARSHALL RETAIL GROUP,Las Vegas,,NJ,,2020-03-18,158,,https://www.nj.gov/labor/employer-services/warn/
Skyline Tent Company,SKYLINE TENT,Charlottesville VA,,VA,2020-03-18,,65,Layoff,https://www.vec.virginia.gov/warn-notices
Schwartz Brothers Restaurants,SCHWARTZ BROTHERS RESTAURANTS,"Seattle, Bellevue",,WA,2020-03-18,2020-03-11,297,Temporary,https://esd.wa.gov/about-employees/WARN
"Elmer's Restaurants, Inc",ELMER'S RESTAURANTS,"Vancouver, Tacoma, Poulsbo",,WA,2020-03-18,2020-03-17,83,Temporary,https://esd.wa.gov/about-employees/WARN
FTS International Services,FTS INTERNATIONAL,Ft. Worth,Tarrant,TX,2020-03-17,2020-03-17,35,,https://data.texas.gov/d/8w53-c4f6
Four Seasons Resort,FOUR SEASONS RESORT,Irving,Dallas,TX,2020-03-17,2020-03-17,100,,https://data.texas.gov/d/8w53-c4f6
Ra Sushi Addison Corp,RA SUSHI ADDISON,Addison,Dallas,TX,2020-03-17,2020-03-07,36,,https://data.texas.gov/d/8w53-c4f6
"Alko Distributors, Inc",ALKO DISTRIBUTORS,ESSEX,,NJ,,2020-03-17,26,,https://www.nj.gov/labor/employer-services/warn/
Garden State Diner,GARDEN STATE DINER,Newark,,NJ,,2020-03-17,1,,https://www.nj.gov/labor/employer-services/warn/
Willowbrook chicken LLC,WILLOWBROOK CHICKEN,Edisom,,NJ,,2020-03-17,1,,https://www.nj.gov/labor/employer-services/warn/
SWISSPORT CARGO L.P,SWISSPORT CARGO L P,NEWARK,,NJ,,2020-03-17,189,,https://www.nj.gov/labor/employer-services/warn/
Three Notch'd Brewing Company,THREE NOTCH'D BREWING,Charlottesville VA,,VA,2020-03-17,,59,Layoff,https://www.vec.virginia.gov/warn-notices
Three Notch'd Brewing,THREE NOTCH'D BREWING,Harrisonburg VA,,VA,2020-03-17,,6,Layoff,https://www.vec.virginia.gov/warn-notices
Bluffwalk Center,BLUFFWALK CENTER,Lynchburg VA,,VA,2020-03-17,,98,Layoff,https://www.vec.virginia.gov/warn-notices
Three Notch'd Brewing Company,THREE NOTCH'D BREWING,Roanoke VA,,VA,2020-03-17,,14,Layoff,https://www.vec.virginia.gov/warn-notices
Three Notch'd Brewing Company,THREE NOTCH'D BREWING,Richmond VA,,VA,2020-03-17,,9,Layoff,https://www.vec.virginia.gov/warn-notices
Schulte Companies-NE Loop 410,SCHULTE COMPANIES-NE LOOP 410,San Antonio,Bexar,TX,2020-03-16,2020-03-16,27,,https://data.texas.gov/d/8w53-c4f6
Alamo Drafthouse-Katy,ALAMO DRAFTHOUSE-KATY,Katy,Fort Bend,TX,2020-03-16,2020-03-16,121,,https://data.texas.gov/d/8w53-c4f6
Alamo Drafthouse-Lubbock,ALAMO DRAFTHOUSE-LUBBOCK,Lubbock,Lubbock,TX,2020-03-16,2020-03-16,121,,https://data.texas.gov/d/8w53-c4f6
Pappadeaux Seafood Kitchen 04,PAPPADEAUX SEAFOOD KITCHEN 04,Houston,Harris,TX,2020-03-16,,100,,https://data.texas.gov/d/8w53-c4f6
Aramark Educational Services of TX,ARAMARK EDUCATIONAL OF TX,San Antonio,Bexar,TX,2020-03-16,2020-03-16,420,,https://data.texas.gov/d/8w53-c4f6
Alamo Drafthouse - El Paso,ALAMO DRAFTHOUSE - EL PASO,El Paso,El Paso,TX,2020-03-16,2020-03-16,116,,https://data.texas.gov/d/8w53-c4f6
Abilities in Action,ABILITIES IN ACTION,Shrewsbury,,NJ,,2020-03-16,48,,https://www.nj.gov/labor/employer-services/warn/
Carmine's Atlantic City LLC,CARMINE'S ATLANTIC CITY,ATLANTIC CITY,,NJ,,2020-03-16,181,,https://www.nj.gov/labor/employer-services/warn/
"WRDH Mt. Laurel Operations, LLC (The ML Hotel)",WRDH MT LAUREL OPERATIONS (THE ML HOTEL),Mt. Laurel,,NJ,,2020-03-16,178,,https://www.nj.gov/labor/employer-services/warn/
Certified Dermatology Of New Jersey LLC,CERTIFIED DERMATOLOGY OF NEW JERSEY,Toms River,,NJ,,2020-03-16,56,,https://www.nj.gov/labor/employer-services/warn/
NJ Certified Dermatology PC,NJ CERTIFIED DERMATOLOGY PC,Toms River,,NJ,,2020-03-16,82,,https://www.nj.gov/labor/employer-services/warn/
DGMG Casino d/b/a Resorts Casino Hotel,DGMG CASINO D/B/A RESORTS CASINO HOTEL,Atlantic City,,NJ,,2020-03-16,0,,https://www.nj.gov/labor/employer-services/warn/
Wolfgang's Steakhouse Grill,WOLFGANG'S STEAKHOUSE GRILL,Somerville,,NJ,,2020-03-16,55,,https://www.nj.gov/labor/employer-services/warn/
Arrowhead Health & Racquet Club LLC,ARROWHEAD HEALTH RACQUET CLUB,Princeton JCT,,NJ,,2020-03-15,5,,https://www.nj.gov/labor/employer-services/warn/
"Empire International, Ltd.",EMPIRE INTERNATIONAL,Secaucus,,NJ,,2020-03-15,273,,https://www.nj.gov/labor/employer-services/warn/
Havana Central NJ1.LLC,HAVANA CENTRAL NJ1,EDISON,,NJ,,2020-03-15,74,,https://www.nj.gov/labor/employer-services/warn/
"OS Restaurant Services, LLC",OS RESTAURANT,Tampa,,NJ,,2020-03-15,0,,https://www.nj.gov/labor/employer-services/warn/
east rutherford me llc,EAST RUTHERFORD ME,edison,,NJ,,2020-03-15,20,,https://www.nj.gov/labor/employer-services/warn/
Njswim Florham Park,NJSWIM FLORHAM PARK,Brielle,,NJ,,2020-03-14,19,,https://www.nj.gov/labor/employer-services/warn/
"Njswim Lakeside, LLC",NJSWIM LAKESIDE,Brielle,,NJ,,2020-03-14,21,,https://www.nj.gov/labor/employer-services/warn/
Njswim Sparta,NJSWIM SPARTA,Brielle,,NJ,,2020-03-14,18,,https://www.nj.gov/labor/employer-services/warn/
"Njswim Warren, LLC",NJSWIM WARREN,Brielle,,NJ,,2020-03-14,16,,https://www.nj.gov/labor/employer-services/warn/
Party Rental Ltd,PARTY RENTAL,Teterboro,,NJ,,2020-03-14,825,,https://www.nj.gov/labor/employer-services/warn/
"Hohmann & Barnard, Inc.",HOHMANN BARNARD,Fort Worth,Tarrant,TX,2020-03-13,2020-06-26,13,,https://data.texas.gov/d/8w53-c4f6
M&M Manufacturing,M M MANUFACTURING,Fort Worth,Tarrant,TX,2020-03-13,2020-05-15,43,,https://data.texas.gov/d/8w53-c4f6
force transfer,FORCE TRANSFER,jersey city,,NJ,,2020-03-13,0,,https://www.nj.gov/labor/employer-services/warn/
Nirvana Nails,NIRVANA NAILS,Fair Haven,,NJ,,2020-03-13,1,,https://www.nj.gov/labor/employer-services/warn/
Amentum,AMENTUM,Whidbey Island,,WA,2020-03-13,2020-05-12,13,Permanent,https://esd.wa.gov/about-employees/WARN
Stockton University compass group,STOCKTON UNIVERSITY COMPASS GROUP,Egg Harbor Township,,NJ,,2020-03-11,4,,https://www.nj.gov/labor/employer-services/warn/
stockton compass group,STOCKTON COMPASS GROUP,Galloway,,NJ,,2020-03-11,4,,https://www.nj.gov/labor/employer-services/warn/
Stockton Compass Group,STOCKTON COMPASS GROUP,Galloway,,NJ,,2020-03-11,0,,https://www.nj.gov/labor/employer-services/warn/
SXSW,SXSW,Austin,Travis,TX,2020-03-10,2020-03-06,60,,https://data.texas.gov/d/8w53-c4f6
"Cargo Leasing Services, LLC",CARGO LEASING,San Antonio,Bexar,TX,2020-03-09,2020-05-08,60,,https://data.texas.gov/d/8w53-c4f6
"Euromarket Designs, Inc. dba Crate and Barrel and CB2",EUROMARKET DESIGNS DBA CRATE AND BARREL AND CB2,Cranbury,,NJ,,2020-03-09,103,,https://www.nj.gov/labor/employer-services/warn/
Squeezed,SQUEEZED,East Rutherford,,NJ,,2020-03-09,0,,https://www.nj.gov/labor/employer-services/warn/
The Salvation Army,THE SALVATION ARMY,Richmond VA,,VA,2020-03-09,,38,Closure,https://www.vec.virginia.gov/warn-notices
Linear Holdings LLC,LINEAR HOLDINGS,pennsville,,NJ,,2020-03-07,3,,https://www.nj.gov/labor/employer-services/warn/
"Aryzta, LLC",ARYZTA,Austin,Travis,TX,2020-03-06,2020-03-06,95,,https://data.texas.gov/d/8w53-c4f6
"Barneys, Inc.",BARNEYS,Lyndhurst,,NJ,,2020-03-06,21,,https://www.nj.gov/labor/employer-services/warn/
Concentrix CVG,CONCENTRIX CVG,Laredo,Webb,TX,2020-03-05,2020-05-04,135,,https://data.texas.gov/d/8w53-c4f6
Oakwood Worldwide (US) LP,OAKWOOD WORLDWIDE ( ),Tukwila,,WA,2020-03-05,2020-05-04,8,Permanent,https://esd.wa.gov/about-employees/WARN
"Compass Airlines, LLC",COMPASS AIRLINES,"Seattle, WA",,WA,2020-03-04,2020-05-01,197,Permanent,https://esd.wa.gov/about-employees/WARN
USAA - San Antonio,USAA - SAN ANTONIO,San Antonio,Bexar,TX,2020-03-03,2020-05-04,26,,https://data.texas.gov/d/8w53-c4f6
NortonLifeLock Inc.,NORTONLIFELOCK,Herndon VA,,VA,2020-03-03,,73,Layoff,https://www.vec.virginia.gov/warn-notices
"NortonLifeLock, Inc.",NORTONLIFELOCK,Plano,Collin,TX,2020-02-28,2020-04-20,2,,https://data.texas.gov/d/8w53-c4f6
Boston Medical Group New Jersey Professional Association,BOSTON MEDICAL GROUP NEW JERSEY PROFESSIONAL ASSOCIATION,Lundhurst,,NJ,,2020-02-27,2,,https://www.nj.gov/labor/employer-services/warn/
"Expedia, Inc.",EXPEDIA,"Seattle, Bellevue",,WA,2020-02-27,2020-05-01,442,Permanent,https://esd.wa.gov/about-employees/WARN
Windhaven Insurance-Dallas,WINDHAVEN INSURANCE-DALLAS,Dallas,Dallas,TX,2020-02-26,2020-02-28,96,,https://data.texas.gov/d/8w53-c4f6
TPC Group's,TPC GROUP'S,Port Neches,Jefferson,TX,2020-02-25,2020-04-30,100,,https://data.texas.gov/d/8w53-c4f6
Bellaire Medical Center-Cornerstone Specialty Hospitals,BELLAIRE MEDICAL CENTER-CORNERSTONE SPECIALTY HOSPITALS,Houston,Harris,TX,2020-02-25,2020-04-25,126,,https://data.texas.gov/d/8w53-c4f6
King's Manor Methodist Retirement System-Westgate Nursing Home,KING'S MANOR METHODIST RETIREMENT SYSTEM-WESTGATE NURSING HOME,Hereford,Deaf Smith,TX,2020-02-25,2020-04-27,70,,https://data.texas.gov/d/8w53-c4f6
Windhaven Insurance-Austin,WINDHAVEN INSURANCE-AUSTIN,Austin,Travis,TX,2020-02-25,2020-02-28,35,,https://data.texas.gov/d/8w53-c4f6
Saalex Solutions Inc,SAALEX,Keyport,,WA,2020-02-25,2020-04-30,59,Permanent,https://esd.wa.gov/about-employees/WARN
Dash Delivery LLC,DASH DELIVERY,King and Snohomish Counties,,WA,2020-02-24,2020-04-23,106,Permanent,https://esd.wa.gov/about-employees/WARN
Blue Apron- Arlington,BLUE APRON- ARLINGTON,Arlington,Tarrant,TX,2020-02-21,2020-04-20,254,,https://data.texas.gov/d/8w53-c4f6
AmerisourceBergen-PharMedium Healthcare,AMERISOURCEBERGEN-PHARMEDIUM HEALTHCARE,Sugar Land,Fort Bend,TX,2020-02-19,2020-04-20,365,,https://data.texas.gov/d/8w53-c4f6
"Alta Mesa Services, LP",ALTA MESA,Houston,Harris,TX,2020-02-18,2020-02-18,91,,https://data.texas.gov/d/8w53-c4f6
Norfolk Southern,NORFOLK SOUTHERN,Roanoke VA,,VA,2020-02-18,,104,Closure,https://www.vec.virginia.gov/warn-notices
The Virginian~Pilot,THE VIRGINIAN~PILOT,Norfolk VA,,VA,2020-02-18,,137,Closure,https://www.vec.virginia.gov/warn-notices
"Transportation Brokerage Specialists, Inc",TRANSPORTATION BROKERAGE SPECIALISTS,"King, Pierce, and Snohomish Counties",,WA,2020-02-18,2020-04-16,230,Permanent,https://esd.wa.gov/about-employees/WARN
Earth Fare,EARTH FARE,Roanoke VA,,VA,2020-02-17,,94,Closure,https://www.vec.virginia.gov/warn-notices
Brodrick Baptiste,BRODRICK BAPTISTE,Hackensack,,NJ,,2020-02-16,500,,https://www.nj.gov/labor/employer-services/warn/
Darby Development LLC,DARBY DEVELOPMENT,Oceanport,,NJ,,2020-02-15,80,,https://www.nj.gov/labor/employer-services/warn/
"Melinta Therapeutics, Inc.",MELINTA THERAPEUTICS,Morristown,,NJ,,2020-02-14,61,,https://www.nj.gov/labor/employer-services/warn/
Delivery Force,DELIVERY FORCE,King and Snohomish Counties,,WA,2020-02-14,2020-04-16,272,Permanent,https://esd.wa.gov/about-employees/WARN
Sbar's Incorporated,SBAR'S,Moorestown,,NJ,,2020-02-13,82,,https://www.nj.gov/labor/employer-services/warn/
"Barney's, Inc.",BARNEY'S,Lyndhurst,,NJ,,2020-02-13,23,,https://www.nj.gov/labor/employer-services/warn/
"LogMeIn USA, Inc.",LOGMEIN,Jersey City,,NJ,,2020-02-13,20,,https://www.nj.gov/labor/employer-services/warn/
Railcrew Xpress-RCX Logistics-Austin,RAILCREW XPRESS-RCX LOGISTICS-AUSTIN,Austin,Travis,TX,2020-02-12,2020-04-12,88,,https://data.texas.gov/d/8w53-c4f6
XPO Logistics-Ft Worth,XPO LOGISTICS-FT WORTH,Ft. Worth,Denton,TX,2020-02-12,2020-04-12,304,,https://data.texas.gov/d/8w53-c4f6
Railcrew Express-RCX Logistics,RAILCREW EXPRESS-RCX LOGISTICS,Houston,Harris,TX,2020-02-12,2020-04-12,110,,https://data.texas.gov/d/8w53-c4f6
A. C. Moore Incorporated,A C MOORE,Berlin,,NJ,,2020-02-09,383,,https://www.nj.gov/labor/employer-services/warn/
Watson Grinding and Manufacturing,WATSON GRINDING AND MANUFACTURING,Houston,Harris,TX,2020-02-05,2020-01-24,88,,https://data.texas.gov/d/8w53-c4f6
Transform SR LLC #01377-and #06222 Formally Sears,TRANSFORM SR #01377-AND #06222 FORMALLY SEARS,Houston,Harris,TX,2020-02-04,2020-04-12,77,,https://data.texas.gov/d/8w53-c4f6
Senior Aerospace AMT,SENIOR AEROSPACE AMT,Arlington,,WA,2020-02-04,2020-04-07,72,Permanent,https://esd.wa.gov/about-employees/WARN
Dynacraft,DYNACRAFT,Algona,,WA,2020-02-04,2020-05-01,140,Permanent,https://esd.wa.gov/about-employees/WARN
Waitr and Bite Squad,WAITR AND BITE SQUAD,Beaumont,Jefferson,TX,2020-02-03,2020-04-06,219,,https://data.texas.gov/d/8w53-c4f6
"FedEX Ground Package System, Inc.",FEDEX GROUND PACKAGE SYSTEM,Edison,,NJ,,2020-02-03,0,,https://www.nj.gov/labor/employer-services/warn/
Oakwood Worldwide,OAKWOOD WORLDWIDE,Totowa,,NJ,,2020-02-03,11,,https://www.nj.gov/labor/employer-services/warn/
TTEC - Ennis,TTEC - ENNIS,Ennis,Ellis,TX,2020-01-31,2020-03-28,50,,https://data.texas.gov/d/8w53-c4f6
Gulf Stream Marine - Industrial Terminal Facility,GULF STREAM MARINE - INDUSTRIAL TERMINAL FACILITY,Houston,Harris,TX,2020-01-31,2020-03-31,210,,https://data.texas.gov/d/8w53-c4f6
Lord & Taylor,LORD TAYLOR,Moorestown,,NJ,,2020-01-31,81,,https://www.nj.gov/labor/employer-services/warn/
Coca Cola-Southwest Beverages-Nacogdoches,COCA COLA-SOUTHWEST BEVERAGES-NACOGDOCHES,Nacogdoches,Nacogdoches,TX,2020-01-30,2020-04-03,74,,https://data.texas.gov/d/8w53-c4f6
"Sheridan Production Company, LLC",SHERIDAN PRODUCTION,Andrews,Andrews,TX,2020-01-29,2020-03-31,116,,https://data.texas.gov/d/8w53-c4f6
Oakwood Worldwide (US) LP,OAKWOOD WORLDWIDE ( ),Tukwila,,WA,2020-01-29,2020-03-30,8,Permanent,https://esd.wa.gov/about-employees/WARN
At Home with Shanel,AT HOME WITH SHANEL,Plano,Collin,TX,2020-01-28,2020-02-28,1,,https://data.texas.gov/d/8w53-c4f6
Oakwood Worldwide,OAKWOOD WORLDWIDE,"Arlington, Alexandria & Chantilly VA",,VA,2020-01-28,,35,,https://www.vec.virginia.gov/warn-notices
Sheridan Production Co.-Houston,SHERIDAN PRODUCTION -HOUSTON,Houston,Harris,TX,2020-01-27,2020-03-31,130,,https://data.texas.gov/d/8w53-c4f6
Concentrix CVG CORP,CONCENTRIX CVG,Longview,Gregg,TX,2020-01-21,2020-03-27,127,,https://data.texas.gov/d/8w53-c4f6
Comcast,COMCAST,Puyallup,,WA,2020-01-21,2020-04-03,52,Permanent,https://esd.wa.gov/about-employees/WARN
DynCorp International LLC,DYNCORP INTERNATIONAL,Springfield VA,,VA,2020-01-19,,58,Layoff,https://www.vec.virginia.gov/warn-notices
QVR International LLC,QVR INTERNATIONAL,Edison,,NJ,,2020-01-17,2,,https://www.nj.gov/labor/employer-services/warn/
AECOM,AECOM,Virginia Beach VA,,VA,2020-01-17,,102,,https://www.vec.virginia.gov/warn-notices
AECOM,AECOM,Pacific Beach and Whidbey Island,,WA,2020-01-17,2020-03-14,11,Permanent,https://esd.wa.gov/about-employees/WARN
Comcast-Technician Logistics Center,COMCAST-TECHNICIAN LOGISTICS CENTER,Houston,Harris,TX,2020-01-15,2020-04-17,58,,https://data.texas.gov/d/8w53-c4f6
Belk-Dallas Galleria,BELK-DALLAS GALLERIA,Dallas,Dallas,TX,2020-01-15,2020-03-21,68,,https://data.texas.gov/d/8w53-c4f6
Kindred Hospital Spring,KINDRED HOSPITAL SPRING,Houston,Harris,TX,2020-01-15,2020-03-17,160,,https://data.texas.gov/d/8w53-c4f6
Kindred Hospital-Ft. Worth,KINDRED HOSPITAL-FT WORTH,Ft. Worth,Tarrant,TX,2020-01-15,2020-03-15,180,,https://data.texas.gov/d/8w53-c4f6
Kindred Hospital-Dallas,KINDRED HOSPITAL-DALLAS,Dallas,Dallas,TX,2020-01-15,2020-03-15,201,,https://data.texas.gov/d/8w53-c4f6
LSC Communications,LSC COMMUNICATIONS,Strasburg VA,,VA,2020-01-14,,384,Closure,https://www.vec.virginia.gov/warn-notices
Fluor - Glen Rose,FLUOR - GLEN ROSE,Glen Rose,Somervell,TX,2020-01-13,2020-01-30,70,,https://data.texas.gov/d/8w53-c4f6
CarePoint Health Management Associates,CAREPOINT HEALTH MANAGEMENT ASSOCIATES,Jersey City,,NJ,,2020-01-13,241,,https://www.nj.gov/labor/employer-services/warn/
"Community Housecall Providers, LLC",COMMUNITY HOUSECALL PROVIDERS,Jersey City,,NJ,,2020-01-13,17,,https://www.nj.gov/labor/employer-services/warn/
"GARDEN STATE HEALTHCARE ASSOCIATES, LLC",GARDEN STATE HEALTHCARE ASSOCIATES,Jersey City,,NJ,,2020-01-13,161,,https://www.nj.gov/labor/employer-services/warn/
"HUMC Opco, LLC, d/b/a CarePoint Health ¿ Hoboken University Medical Center",HUMC OPCO D/B/A CAREPOINT HEALTH ¿ HOBOKEN UNIVERSITY MEDICAL CENTER,Hoboken,,NJ,,2020-01-13,1038,,https://www.nj.gov/labor/employer-services/warn/
"Hudson Hospital Opco LLC, d/b/a CarePoint Health ¿ Christ Hospital",HUDSON HOSPITAL OPCO D/B/A CAREPOINT HEALTH ¿ CHRIST HOSPITAL,Jersey City,,NJ,,2020-01-13,1074,,https://www.nj.gov/labor/employer-services/warn/
"New Jersey Medical and Health Associates, LLC d/b/a CarePoint Health Medical Group",NEW JERSEY MEDICAL AND HEALTH ASSOCIATES D/B/A CAREPOINT HEALTH MEDICAL GROUP,Old Bridge,,NJ,,2020-01-13,49,,https://www.nj.gov/labor/employer-services/warn/
"Quality Care Associates, LLC",QUALITY CARE ASSOCIATES,Jersey City,,NJ,,2020-01-13,159,,https://www.nj.gov/labor/employer-services/warn/
Aramark (at VCU Health Systems),ARAMARK (AT VCU HEALTH SYSTEMS),Richmond VA,,VA,2020-01-13,,572,Layoff,https://www.vec.virginia.gov/warn-notices
Kindred Hospital-Bay Area,KINDRED HOSPITAL-BAY AREA,Pasadena,Harris,TX,2020-01-08,2020-03-08,137,,https://data.texas.gov/d/8w53-c4f6
Kindred Hospital-Tomball,KINDRED HOSPITAL-TOMBALL,Tomball,Harris,TX,2020-01-08,2020-03-08,147,,https://data.texas.gov/d/8w53-c4f6
Triumph Hospital - The Heights,TRIUMPH HOSPITAL - THE HEIGHTS,Houston,Harris,TX,2020-01-08,2020-03-08,138,,https://data.texas.gov/d/8w53-c4f6
Astria Regional Medical Center,ASTRIA REGIONAL MEDICAL CENTER,Yakima,,WA,2020-01-08,2020-01-13,463,Permanent,https://esd.wa.gov/about-employees/WARN
"Zume, Inc",ZUME,Seattle,,WA,2020-01-08,2020-03-13,78,Permanent,https://esd.wa.gov/about-employees/WARN
Shoppers Food & Pharmacy Store #2346,SHOPPERS FOOD PHARMACY STORE #2346,Franconia VA,,VA,2020-01-07,,54,Closure,https://www.vec.virginia.gov/warn-notices
Apache Corp-San Antonio,APACHE -SAN ANTONIO,San Antonio,Bexar,TX,2020-01-06,2020-03-06,272,,https://data.texas.gov/d/8w53-c4f6
"Valerus Field Solutions, LP",VALERUS FIELD,Sealy,Austin,TX,2020-01-06,2020-03-07,250,,https://data.texas.gov/d/8w53-c4f6
Macy's,MACY'S,Burlington,,WA,2020-01-06,2020-03-17,114,Permanent,https://esd.wa.gov/about-employees/WARN
"Fleetwood Transportation Services, Inc.& Fleetwood Logistics",FLEETWOOD TRANSPORTATION FLEETWOOD LOGISTICS,Burke,Angelina,TX,2020-01-03,2019-12-31,49,,https://data.texas.gov/d/8w53-c4f6
VX Sport LLC,VX SPORT,Kansas City,,NJ,,2020-01-01,0,,https://www.nj.gov/labor/employer-services/warn/
Corin USA,CORIN,Tampa,,NJ,,2019-12-31,2,,https://www.nj.gov/labor/employer-services/warn/
Barneys New York Lyndhurst,BARNEYS NEW YORK LYNDHURST,Lyndhurst,,NJ,,2019-12-31,215,,https://www.nj.gov/labor/employer-services/warn/
DTSV Inc.,DTSV,Arlington VA,,VA,2019-12-31,,175,Layoff,https://www.vec.virginia.gov/warn-notices
Seattle Times - North Creek,SEATTLE TIMES - NORTH CREEK,Bothell,,WA,2019-12-31,2020-03-02,42,Permanent,https://esd.wa.gov/about-employees/WARN
Ambit Energy - Call Center & Sales Support Office,AMBIT ENERGY - CALL CENTER SALES SUPPORT OFFICE,Plano,Collin,TX,2019-12-30,2020-02-14,50,,https://data.texas.gov/d/8w53-c4f6
"Northwestern Industries, Inc",NORTHWESTERN INDUSTRIES,Seattle,,WA,2019-12-30,2020-02-28,133,Permanent,https://esd.wa.gov/about-employees/WARN
"VICIS, Inc",VICIS,Seattle,,WA,2019-12-30,2019-12-20,84,Permanent,https://esd.wa.gov/about-employees/WARN
"Beacon Health Options, Inc,",BEACON HEALTH OPTIONS,Boston,,NJ,,2019-12-29,175,,https://www.nj.gov/labor/employer-services/warn/
Alcami Corporation,ALCAMI,Edison,,NJ,,2019-12-27,27,,https://www.nj.gov/labor/employer-services/warn/
Lord & Taylor,LORD TAYLOR,Woodbridge,,NJ,,2019-12-24,84,,https://www.nj.gov/labor/employer-services/warn/
"NortonLifeLock, Inc.",NORTONLIFELOCK,Plano,Collin,TX,2019-12-23,2020-02-13,8,,https://data.texas.gov/d/8w53-c4f6
Destination Maternity Corporation - Florence,DESTINATION MATERNITY - FLORENCE,Florence,,NJ,,2019-12-21,212,,https://www.nj.gov/labor/employer-services/warn/
Destination Maternity Corporation - Moorestown,DESTINATION MATERNITY - MOORESTOWN,Moorestown,,NJ,,2019-12-21,430,,https://www.nj.gov/labor/employer-services/warn/
"WestRock, CP, LLC",WESTROCK CP,Newark,,NJ,,2019-12-21,114,,https://www.nj.gov/labor/employer-services/warn/
"Event Solutions International, Inc. dba Motus One (ESI)",EVENT INTERNATIONAL DBA MOTUS ONE (ESI),Carrollton,Dallas,TX,2019-12-20,2019-12-20,18,,https://data.texas.gov/d/8w53-c4f6
"Event Solutions International, Inc.*dba Motus One*",EVENT INTERNATIONAL *DBA MOTUS ONE*,Somerset,,NJ,,2019-12-20,30,,https://www.nj.gov/labor/employer-services/warn/
Car2go,CAR2GO,Austin,Travis,TX,2019-12-19,2020-03-06,47,,https://data.texas.gov/d/8w53-c4f6
"Kline Construction Co., Inc.",KLINE CONSTRUCTION,Galloway,,NJ,,2019-12-19,73,,https://www.nj.gov/labor/employer-services/warn/
Yauatcha Houston,YAUATCHA HOUSTON,Houston,Harris,TX,2019-12-18,2020-02-16,80,,https://data.texas.gov/d/8w53-c4f6
Macy's,MACY'S,Seattle,,WA,2019-12-17,2020-02-16,236,Permanent,https://esd.wa.gov/about-employees/WARN
"Vanguard Int'l Group, dba Pride Packing Co LLC",VANGUARD INT'L GROUP DBA PRIDE PACKING,Wapato,,WA,2019-12-17,2020-01-31,201,Permanent,https://esd.wa.gov/about-employees/WARN
Barneys New York,BARNEYS NEW YORK,Lyndhurst,,NJ,,2019-12-15,263,,https://www.nj.gov/labor/employer-services/warn/
Stewart and Stevenson,STEWART AND STEVENSON,Houston,Harris,TX,2019-12-13,2020-02-12,55,,https://data.texas.gov/d/8w53-c4f6
Givaudan Flavors Corp. - Cranbury,GIVAUDAN FLAVORS - CRANBURY,Cranbury,,NJ,,2019-12-13,4,,https://www.nj.gov/labor/employer-services/warn/
Givaudan Flavors Corportion - Middlesex,GIVAUDAN FLAVORS CORPORTION - MIDDLESEX,Middlesex,,NJ,,2019-12-13,100,,https://www.nj.gov/labor/employer-services/warn/
Pumpco Energy Services-Cleburne,PUMPCO ENERGY -CLEBURNE,Cleburne,Johnson,TX,2019-12-10,2019-12-31,5,,https://data.texas.gov/d/8w53-c4f6
Continental,CONTINENTAL,Newport news VA,,VA,2019-12-09,,6,Closure,https://www.vec.virginia.gov/warn-notices
Shoppers Food & Pharmacy Store #2365,SHOPPERS FOOD PHARMACY STORE #2365,Alexandria VA,,VA,2019-12-06,,81,Closure,https://www.vec.virginia.gov/warn-notices
Shoppers Food & Pharmacy Store #2344,SHOPPERS FOOD PHARMACY STORE #2344,Mananssas VA,,VA,2019-12-06,,55,Closure,https://www.vec.virginia.gov/warn-notices
Northrop Grumman,NORTHROP GRUMMAN,Richmond VA,,VA,2019-12-05,,42,Layoff,https://www.vec.virginia.gov/warn-notices
CONAIR,CONAIR,East Windsor,,NJ,,2019-11-29,98,,https://www.nj.gov/labor/employer-services/warn/
Neiman Marcus Last Call,NEIMAN MARCUS LAST CALL,Elizabeth,,NJ,,2019-11-27,25,,https://www.nj.gov/labor/employer-services/warn/
New LifeCare Management Services dba LifeCare Health Partners,NEW LIFECARE MANAGEMENT DBA LIFECARE HEALTH PARTNERS,Plano,Collin,TX,2019-11-26,2019-11-26,9,,https://data.texas.gov/d/8w53-c4f6
National Oilwell Varco -Galena Park,NATIONAL OILWELL VARCO -GALENA PARK,Galena Park,Harris,TX,2019-11-22,2019-11-22,85,,https://data.texas.gov/d/8w53-c4f6
Pumpco Energy Services-Odessa,PUMPCO ENERGY -ODESSA,Odessa,Ector,TX,2019-11-22,2019-11-25,112,,https://data.texas.gov/d/8w53-c4f6
Volvo Trucks North America,VOLVO TRUCKS NORTH AMERICA,Dublin VA,,VA,2019-11-22,,700,Layoff,https://www.vec.virginia.gov/warn-notices
CEVA Logistics,CEVA LOGISTICS,Auburn,,WA,2019-11-22,2020-02-28,13,Permanent,https://esd.wa.gov/about-employees/WARN
Nuvectra Corporation,NUVECTRA,Plano,Collin,TX,2019-11-20,2020-01-19,14,,https://data.texas.gov/d/8w53-c4f6
"NortonLifeLock, Inc.",NORTONLIFELOCK,Plano,Collin,TX,2019-11-19,2020-01-17,34,,https://data.texas.gov/d/8w53-c4f6
"TimkenSteel Material Services, LLC",TIMKENSTEEL MATERIAL,Houston,Harris,TX,2019-11-19,2020-01-18,94,,https://data.texas.gov/d/8w53-c4f6
TREESDALE PARTNERS LIMITED LIABILITY COMPANY,TREESDALE PARTNERS LIABILITY,New York,,NJ,,2019-11-18,1,,https://www.nj.gov/labor/employer-services/warn/
Honeywell Aerospace,HONEYWELL AEROSPACE,Renton,,WA,2019-11-18,2020-01-24,82,Permanent,https://esd.wa.gov/about-employees/WARN
Bed Bath & Beyond,BED BATH BEYOND,Union,,NJ,,2019-11-15,80,,https://www.nj.gov/labor/employer-services/warn/
"Range Production Company, LLC.",RANGE PRODUCTION,Houston,Harris,TX,2019-11-14,2019-11-12,57,,https://data.texas.gov/d/8w53-c4f6
Topgolf,TOPGOLF,Alexandria VA,,VA,2019-11-12,,198,Closure,https://www.vec.virginia.gov/warn-notices
"Convergent Outsourcing, Inc.",CONVERGENT OUTSOURCING,San Antonio,Bexar,TX,2019-11-07,2019-09-17,40,,https://data.texas.gov/d/8w53-c4f6
Restaurant Associates,RESTAURANT ASSOCIATES,"Henrico, Glen Allen, Chester & Chesapeake VA",,VA,2019-11-07,,282,Closure,https://www.vec.virginia.gov/warn-notices
Ida Culver House Broadview,IDA CULVER HOUSE BROADVIEW,Seattle,,WA,2019-11-07,2020-01-05,148,Permanent,https://esd.wa.gov/about-employees/WARN
Nix Hospital-Nix Behavioral Health Center,NIX HOSPITAL-NIX BEHAVIORAL HEALTH CENTER,San Antonio,Bexar,TX,2019-11-06,2020-01-04,972,,https://data.texas.gov/d/8w53-c4f6
Geo Secure Services LLC,GEO SECURE,San Antonio,Bexar,TX,2019-11-06,2020-01-06,158,,https://data.texas.gov/d/8w53-c4f6
"Merchant e-Solutions, Inc",MERCHANT E-,Spokane Valley,,WA,2019-11-06,2020-01-08,71,Permanent,https://esd.wa.gov/about-employees/WARN
Crescent Bank & Trust,CRESCENT BANK TRUST,Cheseapeake VA,,VA,2019-11-05,,187,,https://www.vec.virginia.gov/warn-notices
CXT / LB Foster Company,CXT / LB FOSTER,Spokane,,WA,2019-11-04,2019-12-31,77,Permanent,https://esd.wa.gov/about-employees/WARN
Southwest Airlines Co.,SOUTHWEST AIRLINES,Dallas,,NJ,,2019-11-03,118,,https://www.nj.gov/labor/employer-services/warn/
Barney's New York - Lyndhurst,BARNEY'S NEW YORK - LYNDHURST,Lyndhurst,,NJ,,2019-11-01,311,,https://www.nj.gov/labor/employer-services/warn/
Barneys New York,BARNEYS NEW YORK,New York,,NJ,,2019-11-01,311,,https://www.nj.gov/labor/employer-services/warn/
National Express Transit (NEXT),NATIONAL EXPRESS TRANSIT (NEXT),Arlington VA,,VA,2019-10-31,,150,Closure,https://www.vec.virginia.gov/warn-notices
Lord+Taylor (Tyson's Corner Store),LORD+TAYLOR (TYSON'S CORNER STORE),McLean VA,,VA,2019-10-31,,117,Closure,https://www.vec.virginia.gov/warn-notices
Oakwood Worldwide,OAKWOOD WORLDWIDE,Carrollton,Dallas,TX,2019-10-29,2019-12-30,1,,https://data.texas.gov/d/8w53-c4f6
Samsung Austin Semiconductors LLC-Central Processing Unit,SAMSUNG AUSTIN SEMICONDUCTORS -CENTRAL PROCESSING UNIT,Austin,Travis,TX,2019-10-29,2019-12-31,290,,https://data.texas.gov/d/8w53-c4f6
Oakwood Worldwide (US) LP,OAKWOOD WORLDWIDE ( ),"Arlington, Alexandria & Chantilly VA",,VA,2019-10-29,,23,,https://www.vec.virginia.gov/warn-notices
Clarisonic (aka Pacific Bioscience Laboratories and Pacific Bioscience Laboratories Products Inc),CLARISONIC (AKA PACIFIC BIOSCIENCE LABORATORIES AND PACIFIC BIOSCIENCE LABORATORIES PRODUCTS ),Redmond,,WA,2019-10-29,2019-12-31,92,Permanent,https://esd.wa.gov/about-employees/WARN
"MV Transportation, Inc",MV TRANSPORTATION,Spokane Valley,,WA,2019-10-29,2019-12-31,59,Permanent,https://esd.wa.gov/about-employees/WARN
Oakwood Worldwide (US) LP,OAKWOOD WORLDWIDE ( ),Tukwila,,WA,2019-10-29,2019-12-30,7,Permanent,https://esd.wa.gov/about-employees/WARN
Smithfield,SMITHFIELD,Newport News VA,,VA,2019-10-28,,39,Closure,https://www.vec.virginia.gov/warn-notices
Harte-Hanks,HARTE-HANKS,Austin,Travis,TX,2019-10-23,2019-12-22,146,,https://data.texas.gov/d/8w53-c4f6
Cudd Energy Services,CUDD ENERGY,San Antonio,Bexar,TX,2019-10-23,2019-12-22,117,,https://data.texas.gov/d/8w53-c4f6
Backflip Studios,BACKFLIP STUDIOS,Renton,,WA,2019-10-23,2019-12-23,1,Permanent,https://esd.wa.gov/about-employees/WARN
Applus Technologies Inc,APPLUS,Statewide,,WA,2019-10-23,2019-12-31,118,Permanent,https://esd.wa.gov/about-employees/WARN
Vesuvius USA-Tyler,VESUVIUS -TYLER,Tyler,Smith,TX,2019-10-21,2019-12-31,9,,https://data.texas.gov/d/8w53-c4f6
First Transit,FIRST TRANSIT,Lawnside,,NJ,,2019-10-19,203,,https://www.nj.gov/labor/employer-services/warn/
"Arconic, Inc.",ARCONIC,Elmendorf,Bexar,TX,2019-10-18,2019-12-20,67,,https://data.texas.gov/d/8w53-c4f6
"Nestle, USA",NESTLE,Keasbey,,NJ,,2019-10-18,64,,https://www.nj.gov/labor/employer-services/warn/
"Ultrafryer Systems, LLC",ULTRAFRYER SYSTEMS,San Antonio,Bexar,TX,2019-10-17,2019-12-28,70,,https://data.texas.gov/d/8w53-c4f6
"Arconic, Inc.",ARCONIC,Elmendorf,Bexar,TX,2019-10-17,2019-12-20,67,,https://data.texas.gov/d/8w53-c4f6
Advanced System Development Inc. (ASD),ADVANCED SYSTEM DEVELOPMENT (ASD),Arlington VA,,VA,2019-10-16,,54,Layoff,https://www.vec.virginia.gov/warn-notices
HRP Brownsville LLC dba Steel Coast,HRP BROWNSVILLE DBA STEEL COAST,Brownsville,Cameron,TX,2019-10-15,2019-12-15,100,,https://data.texas.gov/d/8w53-c4f6
Ominplex,OMINPLEX,Arlington VA,,VA,2019-10-15,,168,Layoff,https://www.vec.virginia.gov/warn-notices
Berry Global,BERRY GLOBAL,Winchester VA,,VA,2019-10-15,,23,Closure,https://www.vec.virginia.gov/warn-notices
School Specialty Inc / Premier Agendas LLC,SCHOOL SPECIALTY / PREMIER AGENDAS,Bellingham,,WA,2019-10-15,2019-12-31,40,Permanent,https://esd.wa.gov/about-employees/WARN
"Western Union, LLC and Western Union Business Solutions USA",WESTERN UNION AND WESTERN UNION BUSINESS,Montvale,,NJ,,2019-10-13,192,,https://www.nj.gov/labor/employer-services/warn/
Best of Princeton Inc,BEST OF PRINCETON,Princeton,,NJ,,2019-10-12,6,,https://www.nj.gov/labor/employer-services/warn/
Hotel Valencia Corp.-Hotel Sorella,HOTEL VALENCIA -HOTEL SORELLA,Houston,Harris,TX,2019-10-11,2019-12-11,121,,https://data.texas.gov/d/8w53-c4f6
Teva Pharmaceuticals USA Inc.,TEVA PHARMACEUTICALS,Forest VA,,VA,2019-10-11,,220,Layoff,https://www.vec.virginia.gov/warn-notices
Zirkle Fruit Company,ZIRKLE FRUIT,Prosser,,WA,2019-10-11,2019-12-06,164,Permanent,https://esd.wa.gov/about-employees/WARN
Katerra,KATERRA,Seattle,,WA,2019-10-10,2019-10-09,58,Permanent,https://esd.wa.gov/about-employees/WARN
"Prime Flight Aviation Services, Inc.",PRIME FLIGHT AVIATION,Newark,,NJ,,2019-10-08,735,,https://www.nj.gov/labor/employer-services/warn/
Lord+Tyalor (Sterling Store),LORD+TYALOR (STERLING STORE),Sterling VA,,VA,2019-10-08,,79,Closure,https://www.vec.virginia.gov/warn-notices
"Daiichi Sankyo, Inc.",DAIICHI SANKYO,Basking Ridge,,NJ,,2019-10-07,68,,https://www.nj.gov/labor/employer-services/warn/
IKEA Industry Danville LLC,IKEA INDUSTRY DANVILLE,Ringgold VA,,VA,2019-10-07,,280,Closure,https://www.vec.virginia.gov/warn-notices
FleetPride,FLEETPRIDE,Tacoma,,WA,2019-10-07,2019-12-06,7,Permanent,https://esd.wa.gov/about-employees/WARN
Letter Ride-Howard Ln.,LETTER RIDE-HOWARD LN,Austin,Travis,TX,2019-10-04,2019-12-07,91,,https://data.texas.gov/d/8w53-c4f6
Letter Ride-W. Fuqua,LETTER RIDE-W FUQUA,Houston,Harris,TX,2019-10-04,2019-12-07,87,,https://data.texas.gov/d/8w53-c4f6
Letter Ride-N. Stemmons,LETTER RIDE-N STEMMONS,Farmers Branch,Dallas,TX,2019-10-04,2019-12-04,64,,https://data.texas.gov/d/8w53-c4f6
Letter Ride-Gold Spike Dr.,LETTER RIDE-GOLD SPIKE DR,Ft. Worth,Tarrant,TX,2019-10-04,2019-12-07,71,,https://data.texas.gov/d/8w53-c4f6
Letter Ride-Evergreen Oak,LETTER RIDE-EVERGREEN OAK,Conroe,Montgomery,TX,2019-10-04,2019-12-07,12,,https://data.texas.gov/d/8w53-c4f6
Letter Ride-North Gessner,LETTER RIDE-NORTH GESSNER,Houston,Harris,TX,2019-10-04,2019-12-07,98,,https://data.texas.gov/d/8w53-c4f6
Nix Specialty Health-Behavioral Facility,NIX SPECIALTY HEALTH-BEHAVIORAL FACILITY,San Antonio,Bexar,TX,2019-10-04,2019-12-02,156,,https://data.texas.gov/d/8w53-c4f6
NetCentrics Corporation,NETCENTRICS,Arlington & Alexandria VA,,VA,2019-10-03,,95,,https://www.vec.virginia.gov/warn-notices
Wyndham Vacation Clubs,WYNDHAM VACATION CLUBS,Redmond,,WA,2019-10-03,2019-12-06,103,Permanent,https://esd.wa.gov/about-employees/WARN
Inpax Final Mile Delivery-Farmers Branch,INPAX FINAL MILE DELIVERY-FARMERS BRANCH,Farmers Branch,Dallas,TX,2019-10-01,2019-10-02,109,,https://data.texas.gov/d/8w53-c4f6
Inpax Final Mile Delivery-Garland,INPAX FINAL MILE DELIVERY-GARLAND,Garland,Dallas,TX,2019-10-01,2019-10-02,119,,https://data.texas.gov/d/8w53-c4f6
Walmart #3506,WALMART #3506,Cypress,Harris,TX,2019-09-30,2019-12-06,80,,https://data.texas.gov/d/8w53-c4f6
"Avenue Stores, LLC",AVENUE STORES,Rochelle Park,,NJ,,2019-09-30,152,,https://www.nj.gov/labor/employer-services/warn/
CHI Franciscan Health,CHI FRANCISCAN HEALTH,Burien,,WA,2019-09-30,2019-12-31,86,Permanent,https://esd.wa.gov/about-employees/WARN
Dry Van Business dba Rich Logistics-Dallas,DRY VAN BUSINESS DBA RICH LOGISTICS-DALLAS,Dallas,Dallas,TX,2019-09-27,2019-11-29,98,,https://data.texas.gov/d/8w53-c4f6
Dry Van Business dba Rich Logistics-Laredo,DRY VAN BUSINESS DBA RICH LOGISTICS-LAREDO,Laredo,Webb,TX,2019-09-27,2019-11-29,111,,https://data.texas.gov/d/8w53-c4f6
Guest Services Inc.,GUEST,Williamsburg VA,,VA,2019-09-27,,358,,https://www.vec.virginia.gov/warn-notices
True Health Diagnostic LLC,TRUE HEALTH DIAGNOSTIC,Richmond VA,,VA,2019-09-27,,126,Closure,https://www.vec.virginia.gov/warn-notices
Stevens Tanker Division,STEVENS TANKER DIVISION,Dallas,Dallas,TX,2019-09-26,2019-10-15,71,,https://data.texas.gov/d/8w53-c4f6
Nobilis Health Corp.-Sugarland,NOBILIS HEALTH -SUGARLAND,Sugar Land,Fort Bend,TX,2019-09-26,2019-09-13,36,,https://data.texas.gov/d/8w53-c4f6
Finisar Corporation,FINISAR,Allen,Collin,TX,2019-09-26,2019-11-01,104,,https://data.texas.gov/d/8w53-c4f6
New LifeCare Management Services dba LifeCare Health Partners,NEW LIFECARE MANAGEMENT DBA LIFECARE HEALTH PARTNERS,Plano,Collin,TX,2019-09-25,2019-11-29,33,,https://data.texas.gov/d/8w53-c4f6
"Futurewei Technologies, Inc.",FUTUREWEI,Bridgewater,,NJ,,2019-09-23,49,,https://www.nj.gov/labor/employer-services/warn/
Blackjewel,BLACKJEWEL,"Vansant, Jewell Ridge & Honaker VA",,VA,2019-09-23,,214,Closure,https://www.vec.virginia.gov/warn-notices
Nobilis Health Corp.,NOBILIS HEALTH,Houston,Harris,TX,2019-09-20,2019-09-13,9,,https://data.texas.gov/d/8w53-c4f6
Blackjewel,BLACKJEWEL,Appalachia VA,,VA,2019-09-18,,92,Closure,https://www.vec.virginia.gov/warn-notices
Nestle USA-Supply Chain Frozen DSD,NESTLE -SUPPLY CHAIN FROZEN DSD,Houston,Harris,TX,2019-09-16,2019-11-15,51,,https://data.texas.gov/d/8w53-c4f6
Trident Seafoods Corporation,TRIDENT SEAFOODS,Seattle,,WA,2019-09-16,2019-11-15,63,Permanent,https://esd.wa.gov/about-employees/WARN
First Student,FIRST STUDENT,Hampton,,NJ,,2019-09-15,95,,https://www.nj.gov/labor/employer-services/warn/
Food Services of America,FOOD OF AMERICA,Kent,,WA,2019-09-13,2019-10-14,200,Permanent,https://esd.wa.gov/about-employees/WARN
State Street Financial Services-Alterra Pkwy,STATE STREET FINANCIAL -ALTERRA PKWY,Austin,Travis,TX,2019-09-12,2019-11-13,51,,https://data.texas.gov/d/8w53-c4f6
"State Street Financial Services, Inc",STATE STREET FINANCIAL,Austin,Travis,TX,2019-09-12,2019-11-13,9,,https://data.texas.gov/d/8w53-c4f6
Northwest Hardwoods,NORTHWEST HARDWOODS,Mount Vernon,,WA,2019-09-12,2019-11-11,66,Permanent,https://esd.wa.gov/about-employees/WARN
Premier Fixtures LLC,PREMIER FIXTURES,Henrico & Sandston VA,,VA,2019-09-11,,190,Closure,https://www.vec.virginia.gov/warn-notices
Univar Solutions,UNIVAR,Redmond,,WA,2019-09-11,2019-11-15,65,Permanent,https://esd.wa.gov/about-employees/WARN
Premier XD,PREMIER XD,Everett,,WA,2019-09-11,2019-09-11,99,Permanent,https://esd.wa.gov/about-employees/WARN
Premier XD,PREMIER XD,Everett,,WA,2019-09-11,2019-09-11,7,Permanent,https://esd.wa.gov/about-employees/WARN
Concentrix CVG CORP,CONCENTRIX CVG,Longview,Gregg,TX,2019-09-10,2019-11-15,177,,https://data.texas.gov/d/8w53-c4f6
HMS Host,HMS HOST,Trenton,,NJ,,2019-09-06,308,,https://www.nj.gov/labor/employer-services/warn/
"O-I (Owens-Illinois, Inc./Owens-Brockway Glass Container, Inc.)",O-I (OWENS-ILLINOIS /OWENS-BROCKWAY GLASS CONTAINER ),Waco,McLennan,TX,2019-09-05,2019-11-07,81,,https://data.texas.gov/d/8w53-c4f6
El Rio Grande Facility,EL RIO GRANDE FACILITY,Garland,Dallas,TX,2019-09-03,2019-09-30,116,,https://data.texas.gov/d/8w53-c4f6
"Transdev Services, Inc",TRANSDEV,Kent,,WA,2019-09-03,2019-10-31,340,Permanent,https://esd.wa.gov/about-employees/WARN
New LifeCare Management Services dba LifeCare Health Partners,NEW LIFECARE MANAGEMENT DBA LIFECARE HEALTH PARTNERS,Plano,Collin,TX,2019-08-30,2019-08-30,13,,https://data.texas.gov/d/8w53-c4f6
WSFS Bank,WSFS BANK,Burlington,,NJ,,2019-08-30,14,,https://www.nj.gov/labor/employer-services/warn/
Brinderson,BRINDERSON,Anacortes,,WA,2019-08-29,2019-09-05,61,Permanent,https://esd.wa.gov/about-employees/WARN
AECON-Flint Energy Services-Pecos,AECON-FLINT ENERGY -PECOS,Pecos,Reeves,TX,2019-08-27,2019-10-28,50,,https://data.texas.gov/d/8w53-c4f6
AECOM-Flint Energy Services-Odessa,AECOM-FLINT ENERGY -ODESSA,Odessa,Ector,TX,2019-08-27,2019-10-28,77,,https://data.texas.gov/d/8w53-c4f6
Mednax Health Solutions Partner,MEDNAX HEALTH PARTNER,Glen Allen VA,,VA,2019-08-27,,61,Closure,https://www.vec.virginia.gov/warn-notices
Nix Home Care Facility,NIX HOME CARE FACILITY,San Antonio,Bexar,TX,2019-08-23,2019-10-21,585,,https://data.texas.gov/d/8w53-c4f6
First Transit,FIRST TRANSIT,Seattle,,WA,2019-08-22,2019-10-25,86,Permanent,https://esd.wa.gov/about-employees/WARN
"Epic Companies, LLC",EPIC COMPANIES,Houston,Harris,TX,2019-08-21,2019-11-21,8,,https://data.texas.gov/d/8w53-c4f6
United Structures of America,UNITED STRUCTURES OF AMERICA,Houston,Harris,TX,2019-08-21,2019-09-30,73,,https://data.texas.gov/d/8w53-c4f6
Welocalize,WELOCALIZE,Houston,Harris,TX,2019-08-16,2019-08-16,100,,https://data.texas.gov/d/8w53-c4f6
Teleperformance USA-Dallas,TELEPERFORMANCE -DALLAS,Dallas,Dallas,TX,2019-08-16,2019-11-01,44,,https://data.texas.gov/d/8w53-c4f6
XPO Logistics,XPO LOGISTICS,Swedesboro,,NJ,,2019-08-16,269,,https://www.nj.gov/labor/employer-services/warn/
Zirkle Fruit Company,ZIRKLE FRUIT,Prosser,,WA,2019-08-16,2019-10-17,95,Permanent,https://esd.wa.gov/about-employees/WARN
Nestle,NESTLE,Kent,,WA,2019-08-16,2019-10-18,67,Permanent,https://esd.wa.gov/about-employees/WARN
"SpiceWorks, Inc.",SPICEWORKS,Austin,Travis,TX,2019-08-14,2019-08-14,59,,https://data.texas.gov/d/8w53-c4f6
Conifer,CONIFER,Tacoma,,WA,2019-08-14,2019-11-15,169,Permanent,https://esd.wa.gov/about-employees/WARN
Centrica,CENTRICA,Houston,Harris,TX,2019-08-09,2019-10-07,23,,https://data.texas.gov/d/8w53-c4f6
UPS General Services Co.,UPS GENERAL,Coppell,Dallas,TX,2019-08-08,2019-10-01,64,,https://data.texas.gov/d/8w53-c4f6
FIS Management Services,FIS MANAGEMENT,Carlstadt,,NJ,,2019-08-06,56,,https://www.nj.gov/labor/employer-services/warn/
Seneca Foods Corporation,SENECA FOODS,Yakima,,WA,2019-08-06,2019-10-05,300,Permanent,https://esd.wa.gov/about-employees/WARN
Ryder,RYDER,Avenel,,NJ,,2019-08-02,44,,https://www.nj.gov/labor/employer-services/warn/
United Natural Foods/SUPERVALU,UNITED NATURAL FOODS/SUPERVALU,Tacoma,,WA,2019-08-02,2019-09-28,280,Permanent,https://esd.wa.gov/about-employees/WARN
AECOM,AECOM,Pacific Beach and Whidbey Island,,WA,2019-07-31,2019-09-30,10,Permanent,https://esd.wa.gov/about-employees/WARN
"MV Transportation, Inc-Dallas",MV TRANSPORTATION -DALLAS,Dallas,Dallas,TX,2019-07-30,2019-09-30,129,,https://data.texas.gov/d/8w53-c4f6
Southwest Key Programs-Conroe,SOUTHWEST KEY PROGRAMS-CONROE,Conroe,Montgomery,TX,2019-07-30,2019-07-30,197,,https://data.texas.gov/d/8w53-c4f6
Anjinomoto Foods - Fort Worth Facility,ANJINOMOTO FOODS - FORT WORTH FACILITY,Fort Worth,Tarrant,TX,2019-07-30,2020-03-01,117,,https://data.texas.gov/d/8w53-c4f6
HMS Host,HMS HOST,SeaTac,,WA,2019-07-30,2019-09-30,21,Permanent,https://esd.wa.gov/about-employees/WARN
"True Health Diagnostics, LLC",TRUE HEALTH DIAGNOSTICS,Frisco,Denton,TX,2019-07-29,2019-07-29,16,,https://data.texas.gov/d/8w53-c4f6
Kimball Hospitality,KIMBALL HOSPITALITY,Martinsville VA,,VA,2019-07-29,,54,Closure,https://www.vec.virginia.gov/warn-notices
AECOM,AECOM,Norfolk & Virginia Beach VA,,VA,2019-07-29,,101,Layoff,https://www.vec.virginia.gov/warn-notices
True Health Diagnostics LLC,TRUE HEALTH DIAGNOSTICS,Richmond VA,,VA,2019-07-29,,399,,https://www.vec.virginia.gov/warn-notices
Siemens Energy Inc-Houston Service Center,SIEMENS ENERGY -HOUSTON SERVICE CENTER,Houston,Harris,TX,2019-07-24,2019-09-20,10,,https://data.texas.gov/d/8w53-c4f6
Futurewei,FUTUREWEI,Bellevue,,WA,2019-07-23,2019-09-23,41,Permanent,https://esd.wa.gov/about-employees/WARN
Salvation Army,SALVATION ARMY,Seattle,,WA,2019-07-23,2019-09-27,58,Permanent,https://esd.wa.gov/about-employees/WARN
Centrica,CENTRICA,Houston,Harris,TX,2019-07-22,2019-08-30,54,,https://data.texas.gov/d/8w53-c4f6
Boeing - El Paso,BOEING - EL PASO,El Paso,El Paso,TX,2019-07-22,2019-09-20,2,,https://data.texas.gov/d/8w53-c4f6
FutureWei-Plano Facility,FUTUREWEI-PLANO FACILITY,Plano,Collin,TX,2019-07-22,2019-09-23,38,,https://data.texas.gov/d/8w53-c4f6
"The Dress Barn, Inc.; DBX, Inc., a subsidiary of The Dress Barn, Inc.; Ascena Retail Group, Inc.",THE DRESS BARN ; DBX A SUBSIDIARY OF THE DRESS BARN ; ASCENA RETAIL GROUP,Mahwah,,NJ,,2019-07-22,61,,https://www.nj.gov/labor/employer-services/warn/
Sodexo -West Orange,SODEXO -WEST ORANGE,West Orange,,NJ,,2019-07-22,75,,https://www.nj.gov/labor/employer-services/warn/
"The Dress Barn, Inc.; DBX, Inc., a subsidiary of The Dress Barn, Inc.; Ascena Retail Group, Inc.",THE DRESS BARN ; DBX A SUBSIDIARY OF THE DRESS BARN ; ASCENA RETAIL GROUP,Mahwah,,NJ,,2019-07-22,167,,https://www.nj.gov/labor/employer-services/warn/
"The Dress Barn, Inc.; DBX, Inc., a subsidiary of The Dress Barn, Inc.; Ascena Retail Group, Inc.",THE DRESS BARN ; DBX A SUBSIDIARY OF THE DRESS BARN ; ASCENA RETAIL GROUP,Mahwah,,NJ,,2019-07-22,212,,https://www.nj.gov/labor/employer-services/warn/
FreightCar America,FREIGHTCAR AMERICA,Roanoke VA,,VA,2019-07-22,,200,Closure,https://www.vec.virginia.gov/warn-notices
Sky Chefs,SKY CHEFS,Seattle,,WA,2019-07-16,2019-09-15,49,Permanent,https://esd.wa.gov/about-employees/WARN
"REC Silicon, Inc.",REC SILICON,Moses Lake,,WA,2019-07-16,2019-07-15,100,Temporary,https://esd.wa.gov/about-employees/WARN
"Johnson & Johnson Consumer, Inc.",JOHNSON JOHNSON CONSUMER,New Brunswick,,NJ,,2019-07-15,61,,https://www.nj.gov/labor/employer-services/warn/
United Natural Foods/SUPERVALU,UNITED NATURAL FOODS/SUPERVALU,Auburn,,WA,2019-07-15,2019-09-08,116,Permanent,https://esd.wa.gov/about-employees/WARN
Tramontina USA,TRAMONTINA,Sugar Land,Fort Bend,TX,2019-07-09,2019-09-01,108,,https://data.texas.gov/d/8w53-c4f6
"J.C. Penney Corporation, Inc.",J C PENNEY,Mays Landing,,NJ,,2019-07-06,81,,https://www.nj.gov/labor/employer-services/warn/
Baker & Taylor,BAKER TAYLOR,Bridgewater,,NJ,,2019-07-03,244,,https://www.nj.gov/labor/employer-services/warn/
Community Psychiatric Clinic,COMMUNITY PSYCHIATRIC CLINIC,Seattle,,WA,2019-07-03,2019-08-31,26,Permanent,https://esd.wa.gov/about-employees/WARN
BGIS-San Antonio Data Center,BGIS-SAN ANTONIO DATA CENTER,San Antonio,Bexar,TX,2019-07-02,2019-08-31,45,,https://data.texas.gov/d/8w53-c4f6
"Vu enterprise, inc",VU ENTERPRISE,Egg Harbor Twp,,NJ,,2019-07-01,0,,https://www.nj.gov/labor/employer-services/warn/
Mennellas Super Chicken LLC,MENNELLAS SUPER CHICKEN,Paterson,,NJ,,2019-07-01,5,,https://www.nj.gov/labor/employer-services/warn/
Exelon Generation,EXELON GENERATION,Forked River,,NJ,,2019-06-30,65,,https://www.nj.gov/labor/employer-services/warn/
Gateway Community Action Partnership,GATEWAY COMMUNITY ACTION PARTNERSHIP,Bridgeton,,NJ,,2019-06-30,169,,https://www.nj.gov/labor/employer-services/warn/
Hopatcong Board of Education,HOPATCONG BOARD OF EDUCATION,Hopatcong,,NJ,,2019-06-30,1,,https://www.nj.gov/labor/employer-services/warn/
Keiro Northwest,KEIRO NORTHWEST,Seattle,,WA,2019-06-28,2019-10-01,259,Permanent,https://esd.wa.gov/about-employees/WARN
Aramark-University of Houston,ARAMARK-UNIVERSITY OF HOUSTON,Houston,Harris,TX,2019-06-27,2019-08-29,115,,https://data.texas.gov/d/8w53-c4f6
"Crestron Electronics, Inc,",CRESTRON ELECTRONICS,ROCKLEIGH,,NJ,,2019-06-27,1,,https://www.nj.gov/labor/employer-services/warn/
Sykes,SYKES,Vansant VA,,VA,2019-06-26,,197,Layoff,https://www.vec.virginia.gov/warn-notices
Capital One,CAPITAL ONE,Seattle,,WA,2019-06-26,2019-09-01,146,Permanent,https://esd.wa.gov/about-employees/WARN
Sodexo-Northwest Texas Hospital,SODEXO-NORTHWEST TEXAS HOSPITAL,Amarillo,Potter,TX,2019-06-25,2019-09-21,95,,https://data.texas.gov/d/8w53-c4f6
Graham Packaging Company,GRAHAM PACKAGING,Harrisonburg VA,,VA,2019-06-24,,115,ClosureLayoff,https://www.vec.virginia.gov/warn-notices
Albertsons #3933,ALBERTSONS #3933,El Paso,El Paso,TX,2019-06-21,2019-08-03,90,,https://data.texas.gov/d/8w53-c4f6
Whole Foods Market,WHOLE FOODS MARKET,Vancouver,,WA,2019-06-21,2019-08-18,121,Permanent,https://esd.wa.gov/about-employees/WARN
Rubbermaid Commercial Products,RUBBERMAID COMMERCIAL PRODUCTS,Winchester VA,,VA,2019-06-19,,49,Layoff,https://www.vec.virginia.gov/warn-notices
"Ethan Allen Operations, Inc.,",ETHAN ALLEN OPERATIONS,Passaic,,NJ,,2019-06-15,55,,https://www.nj.gov/labor/employer-services/warn/
Siemens Energy Inc-Houston Service Center,SIEMENS ENERGY -HOUSTON SERVICE CENTER,Houston,Harris,TX,2019-06-14,2019-08-16,14,,https://data.texas.gov/d/8w53-c4f6
Kindred Hospital,KINDRED HOSPITAL,Seattle,,WA,2019-06-13,2019-08-09,166,Permanent,https://esd.wa.gov/about-employees/WARN
Kontoor Brands Inc. Distribution Center,KONTOOR BRANDS DISTRIBUTION CENTER,Luray VA,,VA,2019-06-12,,75,Layoff,https://www.vec.virginia.gov/warn-notices
Crothall Healthcare Inc.,CROTHALL HEALTHCARE,Manassas VA,,VA,2019-06-12,,113,Closure,https://www.vec.virginia.gov/warn-notices
Syngenta Crop Protection LLC-GBB Facility,SYNGENTA CROP PROTECTION -GBB FACILITY,Houston,Harris,TX,2019-06-10,2019-08-12,135,,https://data.texas.gov/d/8w53-c4f6
Walmart-store #650,WALMART-STORE #650,Big Stone Gap VA,,VA,2019-06-10,,81,Closure,https://www.vec.virginia.gov/warn-notices
Goodwill Rappahannock,GOODWILL RAPPAHANNOCK,Quantico VA,,VA,2019-06-10,,100,Layoff,https://www.vec.virginia.gov/warn-notices
Nordstrom,NORDSTROM,Seattle,,WA,2019-06-10,2019-08-09,167,Permanent,https://esd.wa.gov/about-employees/WARN
ZF Automotive,ZF AUTOMOTIVE,Atkins VA,,VA,2019-06-05,,75,Layoff,https://www.vec.virginia.gov/warn-notices
"Aprima Medical Software, Inc. an eMD's Co.",APRIMA MEDICAL SOFTWARE AN EMD'S,Richardson,Dallas,TX,2019-06-04,2019-07-30,19,,https://data.texas.gov/d/8w53-c4f6
Colortree Group,COLORTREE GROUP,Henrico VA,,VA,2019-06-03,,240,Layoff,https://www.vec.virginia.gov/warn-notices
Ostrom's Mushroom Farms,OSTROM'S MUSHROOM FARMS,Olympia,,WA,2019-06-03,2019-08-05,239,Permanent,https://esd.wa.gov/about-employees/WARN
Eurest Services Inc/Compass Group USA,EUREST /COMPASS GROUP,Dayton,,NJ,,2019-06-01,66,,https://www.nj.gov/labor/employer-services/warn/
Hard Rock Café International,HARD ROCK CAFÉ INTERNATIONAL,Dallas,Dallas,TX,2019-05-31,2019-07-31,27,,https://data.texas.gov/d/8w53-c4f6
Teck,TECK,Metaline Falls,,WA,2019-05-30,2019-07-31,210,Temporary,https://esd.wa.gov/about-employees/WARN
Clover Health,CLOVER HEALTH,Jersey City,,NJ,,2019-05-28,64,,https://www.nj.gov/labor/employer-services/warn/
Macy's,MACY'S,Seattle,,WA,2019-05-28,2019-07-23,134,Permanent,https://esd.wa.gov/about-employees/WARN
"Security Industry Specialists, Inc.",SECURITY INDUSTRY SPECIALISTS,Seattle,,WA,2019-05-28,2019-07-26,1066,Permanent,https://esd.wa.gov/about-employees/WARN
Holiday Inn-San Antonio,HOLIDAY INN-SAN ANTONIO,San Antonio,Bexar,TX,2019-05-24,2019-05-25,61,,https://data.texas.gov/d/8w53-c4f6
"Conagra Brands, Inc.",CONAGRA BRANDS,Cherry Hill,,NJ,,2019-05-24,196,,https://www.nj.gov/labor/employer-services/warn/
Deloitte (Arcadia Group (USA) Limited),DELOITTE (ARCADIA GROUP ( ) ),Springfield VA,,VA,2019-05-24,,13,Closure,https://www.vec.virginia.gov/warn-notices
Pine Creek Medical Center,PINE CREEK MEDICAL CENTER,Dallas,Dallas,TX,2019-05-20,2019-05-02,113,,https://data.texas.gov/d/8w53-c4f6
"United Airlines, Inc.-Passanger Revenue Accounting",UNITED AIRLINES -PASSANGER REVENUE ACCOUNTING,Houston,Harris,TX,2019-05-13,2019-07-15,100,,https://data.texas.gov/d/8w53-c4f6
"Dolce International Fort Worth, Inc.-American Airlines Training Ctr.",DOLCE INTERNATIONAL FORT WORTH -AMERICAN AIRLINES TRAINING CTR,Ft. Worth,Tarrant,TX,2019-05-13,2019-05-13,56,,https://data.texas.gov/d/8w53-c4f6
GE,GE,Salem VA,,VA,2019-05-13,,245,Closure,https://www.vec.virginia.gov/warn-notices
Verso Corporation,VERSO,Doswell VA,,VA,2019-05-10,,5,Layoff,https://www.vec.virginia.gov/warn-notices
Product & Logistics-Monahans,PRODUCT LOGISTICS-MONAHANS,Monahans,Ward,TX,2019-05-08,2019-07-06,124,,https://data.texas.gov/d/8w53-c4f6
Nestlé USA,NESTLÉ,Florham Park,,NJ,,2019-05-04,2,,https://www.nj.gov/labor/employer-services/warn/
Live Well Financial Inc.,LIVE WELL FINANCIAL,Richmond VA,,VA,2019-05-03,,103,Closure,https://www.vec.virginia.gov/warn-notices
Mitratech Holdings,MITRATECH HOLDINGS,Austin,Travis,TX,2019-05-01,2019-07-01,83,,https://data.texas.gov/d/8w53-c4f6
Falcon Transport Co.-Cedar Hill,FALCON TRANSPORT -CEDAR HILL,Cedar Hill,Dallas,TX,2019-04-30,2019-05-27,12,,https://data.texas.gov/d/8w53-c4f6
Falcon Transport Co.,FALCON TRANSPORT,Hutchins,Dallas,TX,2019-04-30,2019-04-27,19,,https://data.texas.gov/d/8w53-c4f6
MV Transportation Inc.,MV TRANSPORTATION,Fairfax VA,,VA,2019-04-30,,186,Layoff,https://www.vec.virginia.gov/warn-notices
MV Transportation Inc.,MV TRANSPORTATION,Lorton VA,,VA,2019-04-30,,254,Layoff,https://www.vec.virginia.gov/warn-notices
MV Transportation Inc,MV TRANSPORTATION,Herndon VA,,VA,2019-04-30,,256,Layoff,https://www.vec.virginia.gov/warn-notices
"Wise Foods, Inc.",WISE FOODS,Ft. Worth,Tarrant,TX,2019-04-29,2019-06-28,80,,https://data.texas.gov/d/8w53-c4f6
United Services Automobile Association (USAA),UNITED AUTOMOBILE ASSOCIATION (USAA),San Antonio,Bexar,TX,2019-04-25,2019-06-24,53,,https://data.texas.gov/d/8w53-c4f6
Dianne's Fine Desserts Inc.,DIANNE'S FINE DESSERTS,Ashland VA,,VA,2019-04-25,,97,Closure,https://www.vec.virginia.gov/warn-notices
Boeing - El Paso,BOEING - EL PASO,El Paso,El Paso,TX,2019-04-24,2019-06-21,2,,https://data.texas.gov/d/8w53-c4f6
"P3I, Inc.",P3I,Lackland AFB,Bexar,TX,2019-04-24,2019-05-17,85,,https://data.texas.gov/d/8w53-c4f6
First Transit-Transit Management of Denton Co.,FIRST TRANSIT-TRANSIT MANAGEMENT OF DENTON,Denton,Denton,TX,2019-04-23,2019-06-03,160,,https://data.texas.gov/d/8w53-c4f6
"Anheuser-Busch Sales of New Jersey,LLC",ANHEUSER-BUSCH SALES OF NEW JERSEY,Jersey City,,NJ,,2019-04-23,80,,https://www.nj.gov/labor/employer-services/warn/
SwimWays Corporation,SWIMWAYS,Virginia Beach VA,,VA,2019-04-23,,82,Closure,https://www.vec.virginia.gov/warn-notices
Vesuvius USA-Tyler,VESUVIUS -TYLER,Tyler,Smith,TX,2019-04-18,2019-06-23,9,,https://data.texas.gov/d/8w53-c4f6
1266 Apartment Corporation (Horizon House),1266 APARTMENT (HORIZON HOUSE),Fort Lee,,NJ,,2019-04-18,78,,https://www.nj.gov/labor/employer-services/warn/
Core Health & Fitness LLC,CORE HEALTH FITNESS,Independence VA,,VA,2019-04-17,,50,Layoff,https://www.vec.virginia.gov/warn-notices
AECOM,AECOM,Mclean VA,,VA,2019-04-17,,30,Permanent Reduction,https://www.vec.virginia.gov/warn-notices
idX West,IDX WEST,Puyallup,,WA,2019-04-16,2019-06-14,61,Permanent,https://esd.wa.gov/about-employees/WARN
Walmart Inc.,WALMART,Ledgewood,,NJ,,2019-04-10,143,,https://www.nj.gov/labor/employer-services/warn/
"Alta Mesa Services, LP",ALTA MESA,Houston,Harris,TX,2019-04-09,2019-04-09,13,,https://data.texas.gov/d/8w53-c4f6
Volt Management Corp.,VOLT MANAGEMENT,San Antonio,Bexar,TX,2019-04-08,2019-06-07,42,,https://data.texas.gov/d/8w53-c4f6
Kohler Co.,KOHLER,Brownwood,Brown,TX,2019-04-08,2019-06-10,223,,https://data.texas.gov/d/8w53-c4f6
Aramark-American Airlines,ARAMARK-AMERICAN AIRLINES,Ft. Worth,Tarrant,TX,2019-04-05,2019-06-19,70,,https://data.texas.gov/d/8w53-c4f6
Aramark-Highway 360,ARAMARK-HIGHWAY 360,Ft. Worth,Tarrant,TX,2019-04-05,2019-06-19,12,,https://data.texas.gov/d/8w53-c4f6
Aramark-American Blvd,ARAMARK-AMERICAN BLVD,Ft. Worth,Tarrant,TX,2019-04-05,2019-06-19,6,,https://data.texas.gov/d/8w53-c4f6
Aramark-Airport Frwy,ARAMARK-AIRPORT FRWY,Ft. Worth,Tarrant,TX,2019-04-05,2019-06-19,10,,https://data.texas.gov/d/8w53-c4f6
Aramark-John Carpenter Fwy,ARAMARK-JOHN CARPENTER FWY,Ft. Worth,Tarrant,TX,2019-04-05,2019-06-19,3,,https://data.texas.gov/d/8w53-c4f6
Aramark-Amon Carter Blvd,ARAMARK-AMON CARTER BLVD,Ft. Worth,Tarrant,TX,2019-04-05,2019-06-19,19,,https://data.texas.gov/d/8w53-c4f6
"H. D. Smith, LLC",H D SMITH,Kearny,,NJ,,2019-04-05,66,,https://www.nj.gov/labor/employer-services/warn/
La Torretta Lake Resort,LA TORRETTA LAKE RESORT,Montgomery,Montgomery,TX,2019-04-04,2019-06-04,241,,https://data.texas.gov/d/8w53-c4f6
Sitel-Amarillo,SITEL-AMARILLO,Amarillo,Potter,TX,2019-04-04,2019-06-28,327,,https://data.texas.gov/d/8w53-c4f6
Walmart #949,WALMART #949,Dallas,Dallas,TX,2019-04-03,2019-06-07,415,,https://data.texas.gov/d/8w53-c4f6
McKesson,MCKESSON,Everett,,WA,2019-04-03,2019-06-07,67,Permanent,https://esd.wa.gov/about-employees/WARN
Ware Industries dba Marino Ware-Norbet Trucking,WARE INDUSTRIES DBA MARINO WARE-NORBET TRUCKING,Pasadena,Harris,TX,2019-04-02,2019-06-03,69,,https://data.texas.gov/d/8w53-c4f6
Signet Jewelers-Rombaur Rd.,SIGNET JEWELERS-ROMBAUR RD,Dallas,Dallas,TX,2019-04-01,2019-05-31,58,,https://data.texas.gov/d/8w53-c4f6
Aqua Products,AQUA PRODUCTS,Cedar Grove,,NJ,,2019-04-01,79,,https://www.nj.gov/labor/employer-services/warn/
Nestlé Nutrition USA,NESTLÉ NUTRITION,Florham Park,,NJ,,2019-04-01,62,,https://www.nj.gov/labor/employer-services/warn/
"DSJ Holding, Inc. (f/k/a Bridgewater Wholesalers, Inc.)",DSJ HOLDING (F/K/A BRIDGEWATER WHOLESALERS ),Bridgewater,,NJ,,2019-03-31,133,,https://www.nj.gov/labor/employer-services/warn/
Yodle.com- Yodle Web.com,YODLE COM- YODLE WEB COM,Austin,Travis,TX,2019-03-29,2019-06-01,10,,https://data.texas.gov/d/8w53-c4f6
"Legacy Measurement Solutions, Inc.",LEGACY MEASUREMENT,Tyler,Smith,TX,2019-03-29,2019-03-28,59,,https://data.texas.gov/d/8w53-c4f6
"Siemens Demag Delaval Turbomachinery, Inc",SIEMENS DEMAG DELAVAL TURBOMACHINERY,Hamilton,,NJ,,2019-03-29,35,,https://www.nj.gov/labor/employer-services/warn/
Web.com,WEB COM,Spokane,,WA,2019-03-29,2019-06-01,64,Permanent,https://esd.wa.gov/about-employees/WARN
Hart-Hanks-Texarkana,HART-HANKS-TEXARKANA,Texarkana,Bowie,TX,2019-03-28,2019-05-31,73,,https://data.texas.gov/d/8w53-c4f6
"Teleperformance USA-FHCS, Inc.",TELEPERFORMANCE -FHCS,Dallas,Dallas,TX,2019-03-28,2019-05-31,390,,https://data.texas.gov/d/8w53-c4f6
Avella Specialty Pharmacy,AVELLA SPECIALTY PHARMACY,Houston,Harris,TX,2019-03-26,2019-03-01,161,,https://data.texas.gov/d/8w53-c4f6
Avella Specialty Pharmacy-Bissonet,AVELLA SPECIALTY PHARMACY-BISSONET,Houston,Harris,TX,2019-03-26,2019-03-01,1,,https://data.texas.gov/d/8w53-c4f6
Alorica Inc.,ALORICA,Fredericksburg VA,,VA,2019-03-26,,311,Closure,https://www.vec.virginia.gov/warn-notices
Signet Jewelers-Dallas,SIGNET JEWELERS-DALLAS,Dallas,Dallas,TX,2019-03-25,2019-05-24,122,,https://data.texas.gov/d/8w53-c4f6
Walmart,WALMART,"Vancouver, Washington",,WA,2019-03-25,2019-04-19,80,Permanent,https://esd.wa.gov/about-employees/WARN
"Conagra Brands, Inc.",CONAGRA BRANDS,Parsippany,,NJ,,2019-03-22,308,,https://www.nj.gov/labor/employer-services/warn/
"Allied Beverage Group, LLC",ALLIED BEVERAGE GROUP,Trenton,,NJ,,2019-03-20,71,,https://www.nj.gov/labor/employer-services/warn/
"Allied Beverage Group, LLC",ALLIED BEVERAGE GROUP,Mt. Laurel,,NJ,,2019-03-20,58,,https://www.nj.gov/labor/employer-services/warn/
Petland Discounts,PETLAND DISCOUNTS,Irvington,,NJ,,2019-03-19,30,,https://www.nj.gov/labor/employer-services/warn/
Crowne Plaza Hotels & Resorts,CROWNE PLAZA HOTELS RESORTS,Alexandria VA,,VA,2019-03-19,,61,Closure,https://www.vec.virginia.gov/warn-notices
Goodwill Central and Coastal Virginia (Goodwill Staffing Solutions),GOODWILL CENTRAL AND COASTAL VIRGINIA (GOODWILL STAFFING ),Richmond VA,,VA,2019-03-19,,74,Closure,https://www.vec.virginia.gov/warn-notices
Cypress Fairbanks Medical Center,CYPRESS FAIRBANKS MEDICAL CENTER,Houston,Harris,TX,2019-03-18,2019-05-17,586,,https://data.texas.gov/d/8w53-c4f6
JP Morgan Chase & Co-Consumer Banking & Card,JP MORGAN CHASE -CONSUMER BANKING CARD,Arlington,Tarrant,TX,2019-03-18,2019-03-14,368,,https://data.texas.gov/d/8w53-c4f6
Spectrum Pharmaceuticals,SPECTRUM PHARMACEUTICALS,Henderson,,NJ,,2019-03-15,2,,https://www.nj.gov/labor/employer-services/warn/
OMNIPLEX World Services,OMNIPLEX WORLD,Herndon VA,,VA,2019-03-15,,60,Layoff,https://www.vec.virginia.gov/warn-notices
OMNIPLEX World Services,OMNIPLEX WORLD,Arlington VA,,VA,2019-03-15,,155,Layoff,https://www.vec.virginia.gov/warn-notices
Capital Health,CAPITAL HEALTH,Trenton,,NJ,,2019-03-08,103,,https://www.nj.gov/labor/employer-services/warn/
"Customer Engineering Services, LLC",CUSTOMER ENGINEERING,Edison,,NJ,,2019-03-08,35,,https://www.nj.gov/labor/employer-services/warn/
Bear Island,BEAR ISLAND,Ashland VA,,VA,2019-03-08,,132,Closure,https://www.vec.virginia.gov/warn-notices
"ABM Aviation, Inc.",ABM AVIATION,SeaTac,,WA,2019-03-08,2019-05-13,176,Permanent,https://esd.wa.gov/about-employees/WARN
"Verizon Connect, Inc.",VERIZON CONNECT,Austin,Travis,TX,2019-03-07,2019-04-23,133,,https://data.texas.gov/d/8w53-c4f6
"Aprima Medical Software, Inc. an eMD's Co.",APRIMA MEDICAL SOFTWARE AN EMD'S,Richardson,Dallas,TX,2019-03-07,2019-05-04,149,,https://data.texas.gov/d/8w53-c4f6
General Inoformation Services dba HireRight,GENERAL INOFORMATION DBA HIRERIGHT,Dallas,Dallas,TX,2019-03-07,2019-05-31,76,,https://data.texas.gov/d/8w53-c4f6
CHI St. Joseph Health- Bellville Hospital,CHI ST JOSEPH HEALTH- BELLVILLE HOSPITAL,Bellville,Austin,TX,2019-03-05,2019-05-07,45,,https://data.texas.gov/d/8w53-c4f6
Brooks,BROOKS,Sumner,,WA,2019-03-05,2019-05-03,67,Permanent,https://esd.wa.gov/about-employees/WARN
Monogram Foods-Monogram Pet Treats,MONOGRAM FOODS-MONOGRAM PET TREATS,Schulenburg,Fayette,TX,2019-03-04,2019-03-04,65,,https://data.texas.gov/d/8w53-c4f6
Magni-Fab,MAGNI-FAB,Howe,Grayson,TX,2019-03-04,2019-04-30,24,,https://data.texas.gov/d/8w53-c4f6
"Natera, Inc.",NATERA,Austin,Travis,TX,2019-03-01,2019-04-17,92,,https://data.texas.gov/d/8w53-c4f6
Magni-Fab Southwest,MAGNI-FAB SOUTHWEST,Howe,Grayson,TX,2019-03-01,2019-04-30,5,,https://data.texas.gov/d/8w53-c4f6
JCPenney,JCPENNEY,Seattle,,WA,2019-03-01,2019-05-03,113,Permanent,https://esd.wa.gov/about-employees/WARN
Petroleum Service Corp.,PETROLEUM SERVICE,Mont Belvieu,Chambers,TX,2019-02-27,2019-05-05,151,,https://data.texas.gov/d/8w53-c4f6
Union Bank & Trust,UNION BANK TRUST,Leesburg VA,,VA,2019-02-27,,46,LayoffPermanent Reduction,https://www.vec.virginia.gov/warn-notices
Walmart,WALMART,Virginia Beach VA,,VA,2019-02-27,,72,Closure,https://www.vec.virginia.gov/warn-notices
Walmart,WALMART,Chesterfield VA,,VA,2019-02-27,,94,Closure,https://www.vec.virginia.gov/warn-notices
Lowes,LOWES,KIRKLAND,,WA,2019-02-27,2019-04-27,175,Permanent,https://esd.wa.gov/about-employees/WARN
Post Acute Specialty Hospital-PAM Sepcialty Hosptial,POST ACUTE SPECIALTY HOSPITAL-PAM SEPCIALTY HOSPTIAL,Corpus Ch,Nueces,TX,2019-02-25,2019-04-20,65,,https://data.texas.gov/d/8w53-c4f6
"AmerisourceBergen-H.D. Smith, LLC",AMERISOURCEBERGEN-H D SMITH,Flower Mound,Denton,TX,2019-02-25,2019-04-26,17,,https://data.texas.gov/d/8w53-c4f6
Payless Shoesource-Dallas Corp. Office,PAYLESS SHOESOURCE-DALLAS OFFICE,Dallas,Dallas,TX,2019-02-25,2019-02-19,75,,https://data.texas.gov/d/8w53-c4f6
ArenaNet,ARENANET,Bellevue,,WA,2019-02-25,2019-03-01,143,Permanent,https://esd.wa.gov/about-employees/WARN
Encana Service Company,ENCANA SERVICE,The Woodlands,Montgomery,TX,2019-02-18,2019-05-31,274,,https://data.texas.gov/d/8w53-c4f6
New England Motor Freight,NEW ENGLAND MOTOR FREIGHT,Elizabeth,,NJ,,2019-02-15,1690,,https://www.nj.gov/labor/employer-services/warn/
Rosenberger N.A.,ROSENBERGER N A,Plano,Collin,TX,2019-02-13,2019-04-15,74,,https://data.texas.gov/d/8w53-c4f6
Spectrum Pharmaceuticals,SPECTRUM PHARMACEUTICALS,Colleyville,Tarrant,TX,2019-02-13,2019-03-15,1,,https://data.texas.gov/d/8w53-c4f6
Spectrum Pharmaceuticals,SPECTRUM PHARMACEUTICALS,Richmond and Midlothian VA,,VA,2019-02-13,,2,LayoffPermanent Reduction,https://www.vec.virginia.gov/warn-notices
VF Jeanswear - El Paso5,VF JEANSWEAR - EL PASO5,El Paso,El Paso,TX,2019-02-11,2019-04-13,25,,https://data.texas.gov/d/8w53-c4f6
Post Acute Specialty Hospital of Corpus Christi,POST ACUTE SPECIALTY HOSPITAL OF CORPUS CHRISTI,Corpus Ch,Nueces,TX,2019-02-11,2019-04-11,162,,https://data.texas.gov/d/8w53-c4f6
Dubell Lumber,DUBELL LUMBER,Medford,,NJ,,2019-02-09,157,,https://www.nj.gov/labor/employer-services/warn/
"Alta Mesa Services, LP",ALTA MESA,Houston,Harris,TX,2019-02-08,2019-02-05,58,,https://data.texas.gov/d/8w53-c4f6
Dedicated Management Group,DEDICATED MANAGEMENT GROUP,Carneys Point,,NJ,,2019-02-08,107,,https://www.nj.gov/labor/employer-services/warn/
AECOM,AECOM,Norfolk & Virginia Beach VA,,VA,2019-02-07,,96,,https://www.vec.virginia.gov/warn-notices
"KCI USA, Inc.",KCI,San Antonio,Bexar,TX,2019-02-06,2019-07-05,210,,https://data.texas.gov/d/8w53-c4f6
"Legacy Fruit Packers, LLC",LEGACY FRUIT PACKERS,Wapato,,WA,2019-02-06,2019-02-06,199,Permanent,https://esd.wa.gov/about-employees/WARN
"Larson Orchard Management, Inc.",LARSON ORCHARD MANAGEMENT,Selah,,WA,2019-02-06,2019-02-06,807,Permanent,https://esd.wa.gov/about-employees/WARN
"Valley Fruit III, LLC",VALLEY FRUIT III,Wapato,,WA,2019-02-06,2019-02-06,1009,Permanent,https://esd.wa.gov/about-employees/WARN
"Penske Logistics, LLC - Midland",PENSKE LOGISTICS - MIDLAND,Midland,Midland,TX,2019-02-04,2019-02-04,65,,https://data.texas.gov/d/8w53-c4f6
"Allied Beverage Group, LLC",ALLIED BEVERAGE GROUP,Mt. Laurel,,NJ,,2019-02-02,37,,https://www.nj.gov/labor/employer-services/warn/
Crestron Electronics,CRESTRON ELECTRONICS,Rockleigh,,NJ,,2019-02-02,50,,https://www.nj.gov/labor/employer-services/warn/
Yodle.com- Yodle Web.com,YODLE COM- YODLE WEB COM,Austin,Travis,TX,2019-02-01,2019-02-01,155,,https://data.texas.gov/d/8w53-c4f6
HMS Host,HMS HOST,SeaTac,,WA,2019-02-01,2019-03-31,202,Permanent,https://esd.wa.gov/about-employees/WARN
JELD WEN,JELD WEN,Yakima,,WA,2019-02-01,2019-04-05,179,Permanent,https://esd.wa.gov/about-employees/WARN
Children's Health System of Texas,CHILDREN'S HEALTH SYSTEM OF TEXAS,Dallas,Dallas,TX,2019-01-31,2019-04-01,93,,https://data.texas.gov/d/8w53-c4f6
Blue Apron- Arlington,BLUE APRON- ARLINGTON,Arlington,Tarrant,TX,2019-01-31,2019-04-01,206,,https://data.texas.gov/d/8w53-c4f6
Kimberly Clark-Holeman Distribution,KIMBERLY CLARK-HOLEMAN DISTRIBUTION,Paris,Lamar,TX,2019-01-31,2019-03-31,126,,https://data.texas.gov/d/8w53-c4f6
Lord & Taylor,LORD TAYLOR,Eatontown,,NJ,,2019-01-31,124,,https://www.nj.gov/labor/employer-services/warn/
Sun Pharma,SUN PHARMA,Cranbury,,NJ,,2019-01-31,96,,https://www.nj.gov/labor/employer-services/warn/
"IQE RF, LLC",IQE RF,Somerset,,NJ,,2019-01-31,22,,https://www.nj.gov/labor/employer-services/warn/
Boeing Company,BOEING,Houston,Harris,TX,2019-01-29,2019-03-22,6,,https://data.texas.gov/d/8w53-c4f6
Phoenix Theatres Entertainment,PHOENIX THEATRES ENTERTAINMENT,Hampton VA,,VA,2019-01-23,,112,,https://www.vec.virginia.gov/warn-notices
LSC Communications,LSC COMMUNICATIONS,Lynchburg VA,,VA,2019-01-22,,369,Closure,https://www.vec.virginia.gov/warn-notices
Skagit Bank,SKAGIT BANK,Burlington,,WA,2019-01-22,2019-03-01,60,Permanent,https://esd.wa.gov/about-employees/WARN
Winberie's Restaurant and Bar,WINBERIE'S RESTAURANT AND BAR,Princeton,,NJ,,2019-01-21,43,,https://www.nj.gov/labor/employer-services/warn/
Sears Fashion Distribution Center2,SEARS FASHION DISTRIBUTION CENTER2,Garland,Dallas,TX,2019-01-18,2019-03-22,84,,https://data.texas.gov/d/8w53-c4f6
"Sodexo, Inc.-AA Admirals Club",SODEXO -AA ADMIRALS CLUB,DFW Airport,Tarrant,TX,2019-01-18,2019-03-31,98,,https://data.texas.gov/d/8w53-c4f6
Macy's,MACY'S,McLean VA,,VA,2019-01-18,,43,Closure,https://www.vec.virginia.gov/warn-notices
Signify Health,SIGNIFY HEALTH,Richmond VA,,VA,2019-01-18,,132,Closure,https://www.vec.virginia.gov/warn-notices
Asheboro Elastic Corporation,ASHEBORO ELASTIC,Boykins VA,,VA,2019-01-16,,90,Closure,https://www.vec.virginia.gov/warn-notices
AllianceOne Receivables Management,ALLIANCEONE RECEIVABLES MANAGEMENT,Dallas,Dallas,TX,2019-01-15,2019-03-30,236,,https://data.texas.gov/d/8w53-c4f6
Kohl's-Dallas,KOHL'S-DALLAS,Dallas,Dallas,TX,2019-01-11,2019-03-11,330,,https://data.texas.gov/d/8w53-c4f6
Chariot Transit Inc.,CHARIOT TRANSIT,Austin,Travis,TX,2019-01-10,2019-03-15,79,,https://data.texas.gov/d/8w53-c4f6
ePATHUSA Inc,EPATHUSA,West Des Moines,,NJ,,2019-01-10,1,,https://www.nj.gov/labor/employer-services/warn/
R1 RCM Inc.,R1 RCM,Austin,Travis,TX,2019-01-09,2019-04-12,65,,https://data.texas.gov/d/8w53-c4f6
Pier 1 Imports-Mansfield,PIER 1 IMPORTS-MANSFIELD,Mansfield,Tarrant,TX,2019-01-07,2019-03-08,65,,https://data.texas.gov/d/8w53-c4f6
CA Technologies,CA,Ewing,,NJ,,2019-01-07,54,,https://www.nj.gov/labor/employer-services/warn/
Nestle USA,NESTLE,Fort Worth,Tarrant,TX,2019-01-04,2019-03-08,42,,https://data.texas.gov/d/8w53-c4f6
NSC National Wholesale Liquidators,NSC NATIONAL WHOLESALE LIQUIDATORS,Lodi,,NJ,,2019-01-01,152,,https://www.nj.gov/labor/employer-services/warn/
Sears Auto Store 06494,SEARS AUTO STORE 06494,Deptford,,NJ,,2018-12-31,10,,https://www.nj.gov/labor/employer-services/warn/
"Sears, Roebuck and Company",SEARS ROEBUCK AND,Deptford,,NJ,,2018-12-31,77,,https://www.nj.gov/labor/employer-services/warn/
"Sears, Roebuck and Compay",SEARS ROEBUCK AND COMPAY,Middletown,,NJ,,2018-12-31,57,,https://www.nj.gov/labor/employer-services/warn/
Solix,SOLIX,Parsippany,,NJ,,2018-12-31,149,,https://www.nj.gov/labor/employer-services/warn/
Virtua Center for HealthFitness Washington Township,VIRTUA CENTER FOR HEALTHFITNESS WASHINGTON TOWNSHIP,Sewell,,NJ,,2018-12-31,125,,https://www.nj.gov/labor/employer-services/warn/
Salem Clinic Corporation,SALEM CLINIC,Salem,,NJ,,2018-12-31,11,,https://www.nj.gov/labor/employer-services/warn/
Salem Clinic Corporation,SALEM CLINIC,Salem,,NJ,,2018-12-31,28,,https://www.nj.gov/labor/employer-services/warn/
"Salem Home Care Services, LLC",SALEM HOME CARE,Salem,,NJ,,2018-12-31,19,,https://www.nj.gov/labor/employer-services/warn/
Salem Hospital Corporation,SALEM HOSPITAL,Salem,,NJ,,2018-12-31,339,,https://www.nj.gov/labor/employer-services/warn/
"Salem Medical Professionals, P.C.",SALEM MEDICAL PROFESSIONALS P C,Salem,,NJ,,2018-12-31,11,,https://www.nj.gov/labor/employer-services/warn/
Agfa Corporation,AGFA,Somerville,,NJ,,2018-12-26,125,,https://www.nj.gov/labor/employer-services/warn/
Julep Beauty,JULEP BEAUTY,"Seattle, Bellevue",,WA,2018-12-21,2018-12-19,102,Permanent,https://esd.wa.gov/about-employees/WARN
Employee Transportation Services,EMPLOYEE TRANSPORTATION,Everett and Renton,,WA,2018-12-18,2019-02-28,75,Permanent,https://esd.wa.gov/about-employees/WARN
Thomson Reuters,THOMSON REUTERS,Bellevue,,WA,2018-12-06,2019-02-08,58,Permanent,https://esd.wa.gov/about-employees/WARN
Providence,PROVIDENCE,Lacey,,WA,2018-12-03,2019-02-25,26,Permanent,https://esd.wa.gov/about-employees/WARN
Southeast Services Coproporation,SOUTHEAST COPROPORATION,Richmond VA,,VA,2018-11-29,,134,Closure,https://www.vec.virginia.gov/warn-notices
Tacoma News Tribune,TACOMA NEWS TRIBUNE,Tacoma,,WA,2018-11-29,2019-02-03,67,Permanent,https://esd.wa.gov/about-employees/WARN
Seaview Dolce Hotel,SEAVIEW DOLCE HOTEL,Galloway,,NJ,,2018-11-26,229,,https://www.nj.gov/labor/employer-services/warn/
Sears Auto Center,SEARS AUTO CENTER,Mays Landing,,NJ,,2018-11-25,12,,https://www.nj.gov/labor/employer-services/warn/
"Sears, Roebuck and Co.",SEARS ROEBUCK AND,Mays Landing,,NJ,,2018-11-25,51,,https://www.nj.gov/labor/employer-services/warn/
REO Logistics,REO LOGISTICS,Waynesboro VA,,VA,2018-11-16,,70,,https://www.vec.virginia.gov/warn-notices
Crothall Healthcare,CROTHALL HEALTHCARE,Richmond VA,,VA,2018-11-15,,139,Layoff,https://www.vec.virginia.gov/warn-notices
Broadcom,BROADCOM,Herndon VA,,VA,2018-11-07,,64,Layoff,https://www.vec.virginia.gov/warn-notices
ABM Aviation,ABM AVIATION,Newark,,NJ,,2018-11-01,821,,https://www.nj.gov/labor/employer-services/warn/
DH Leesburg Managment LLC @ Lansdowne Resort & Spa,DH LEESBURG MANAGMENT @ LANSDOWNE RESORT SPA,Leesburg VA,,VA,2018-10-31,,401,Layoff,https://www.vec.virginia.gov/warn-notices
QualChoice Health Plan Services,QUALCHOICE HEALTH PLAN,Federal Way,,WA,2018-10-31,2018-12-31,164,Permanent,https://esd.wa.gov/about-employees/WARN
ZymoGenetics,ZYMOGENETICS,Seattle,,WA,2018-10-31,2018-12-31,63,Permanent,https://esd.wa.gov/about-employees/WARN
Bristol Compressors,BRISTOL COMPRESSORS,Bristol VA,,VA,2018-10-29,,303,Closure,https://www.vec.virginia.gov/warn-notices
Kroger Store #536,KROGER STORE #536,Norfolk VA,,VA,2018-10-18,,102,Closure,https://www.vec.virginia.gov/warn-notices
NetCentrics Corporation,NETCENTRICS,Alexandria & Arlington VA,,VA,2018-10-11,,149,,https://www.vec.virginia.gov/warn-notices
"Twin City Foods, Inc.",TWIN CITY FOODS,Stanwood,,WA,2018-10-04,2018-12-01,65,Permanent,https://esd.wa.gov/about-employees/WARN
"Nestle Waters North Ameriaca, Inc.",NESTLE WATERS NORTH AMERIACA,Kearny,,NJ,,2018-10-01,175,,https://www.nj.gov/labor/employer-services/warn/
FMC Corporation,FMC,Philadelphia,,NJ,,2018-09-30,53,,https://www.nj.gov/labor/employer-services/warn/
"Natirar Resort Development, LLC",NATIRAR RESORT DEVELOPMENT,Peapack & Gladstone,,NJ,,2018-09-30,160,,https://www.nj.gov/labor/employer-services/warn/
The Tides Inn,THE TIDES INN,Irvington VA,,VA,2018-09-26,,170,Layoff,https://www.vec.virginia.gov/warn-notices
hikma,HIKMA,Eatontown,,NJ,,2018-09-21,78,,https://www.nj.gov/labor/employer-services/warn/
Vertafore,VERTAFORE,Bothell,,WA,2018-09-21,2018-12-31,53,Permanent,https://esd.wa.gov/about-employees/WARN
HMS Host,HMS HOST,Trenton,,NJ,,2018-09-14,287,,https://www.nj.gov/labor/employer-services/warn/
"Van Dyk Health Care, Inc.",VAN DYK HEALTH CARE,Ridgewood,,NJ,,2018-09-12,216,,https://www.nj.gov/labor/employer-services/warn/
Majestic Rehabilitation and Nursing Center,MAJESTIC REHABILITATION AND NURSING CENTER,Jersey City,,NJ,,2018-09-05,166,,https://www.nj.gov/labor/employer-services/warn/
State Farm,STATE FARM,Tacoma,,WA,2018-09-05,2018-10-31,269,Permanent,https://esd.wa.gov/about-employees/WARN
Kmart,KMART,Clifton,,NJ,,2018-09-02,103,,https://www.nj.gov/labor/employer-services/warn/
TE Connectivity,TE CONNECTIVITY,Budd Lake,,NJ,,2018-08-31,43,,https://www.nj.gov/labor/employer-services/warn/
"Preferred Display, Inc.",PREFERRED DISPLAY,Clifton,,NJ,,2018-08-30,75,,https://www.nj.gov/labor/employer-services/warn/
Commonwealth Lodging Management,COMMONWEALTH LODGING MANAGEMENT,Virginia Beach VA,,VA,2018-08-28,,79,,https://www.vec.virginia.gov/warn-notices
Toys,TOYS,Wayne,,NJ,,2018-08-15,184,,https://www.nj.gov/labor/employer-services/warn/
Toys,TOYS,Wayne,,NJ,,2018-08-15,212,,https://www.nj.gov/labor/employer-services/warn/
Kmart Store #04483,KMART STORE #04483,Annandale VA,,VA,2018-08-14,,83,Closure,https://www.vec.virginia.gov/warn-notices
DAL Global Services LLC (DGS),DAL GLOBAL (DGS),Norfolk VA,,VA,2018-08-06,,102,Layoff,https://www.vec.virginia.gov/warn-notices
DAL Global Services LLC (DGS),DAL GLOBAL (DGS),Richmond VA,,VA,2018-08-06,,92,Layoff,https://www.vec.virginia.gov/warn-notices
Tory Burch LLC,TORY BURCH,Jamesburg,,NJ,,2018-07-31,64,,https://www.nj.gov/labor/employer-services/warn/
Restaurant Associates,RESTAURANT ASSOCIATES,East Rutherford,,NJ,,2018-07-31,73,,https://www.nj.gov/labor/employer-services/warn/
Tahari ASL LLC,TAHARI ASL,Millburn,,NJ,,2018-07-30,101,,https://www.nj.gov/labor/employer-services/warn/
Apple Inc.,APPLE,Atlantic City,,NJ,,2018-07-25,52,,https://www.nj.gov/labor/employer-services/warn/
CenseoHealth LLC,CENSEOHEALTH,Herndon VA,,VA,2018-07-17,,141,Closure,https://www.vec.virginia.gov/warn-notices
Aleut,ALEUT,Ft Belvoir VA,,VA,2018-07-16,,126,Layoff,https://www.vec.virginia.gov/warn-notices
Arvato,ARVATO,Yakima,,WA,2018-07-12,2018-09-28,168,Permanent,https://esd.wa.gov/about-employees/WARN
"Mimeo.com, Inc.",MIMEO COM,Newark,,NJ,,2018-07-07,116,,https://www.nj.gov/labor/employer-services/warn/
Advanced Digestive Care,ADVANCED DIGESTIVE CARE,"Fairfax, Herndon, Sterling, Chantilly VA",,VA,2018-07-03,,90,Layoff,https://www.vec.virginia.gov/warn-notices
Advance Digestive Care,ADVANCE DIGESTIVE CARE,Fredericksburg VA,,VA,2018-07-03,,40,Layoff,https://www.vec.virginia.gov/warn-notices
West-Ward Pharmacueticals Corp,WEST-WARD PHARMACUETICALS,Eatontown,,NJ,,2018-07-02,38,,https://www.nj.gov/labor/employer-services/warn/
Ammar's Inc.,AMMAR'S,Bluefield VA,,VA,2018-07-02,,97,Closure,https://www.vec.virginia.gov/warn-notices
Ammar's Inc-Magic Mart #500,AMMAR'S -MAGIC MART #500,Grundy VA,,VA,2018-07-02,,26,Closure,https://www.vec.virginia.gov/warn-notices
Ammar's Inc-Magic Mart #475,AMMAR'S -MAGIC MART #475,Richlands VA,,VA,2018-07-02,,24,Closure,https://www.vec.virginia.gov/warn-notices
Ammar's Inc-Magic Mart #873,AMMAR'S -MAGIC MART #873,Pulaski VA,,VA,2018-07-02,,28,Closure,https://www.vec.virginia.gov/warn-notices
Ammar's Inc-Magic Mart #363,AMMAR'S -MAGIC MART #363,Tazewell VA,,VA,2018-07-02,,28,Closure,https://www.vec.virginia.gov/warn-notices
Ammar's Inc-Magic Mart #312,AMMAR'S -MAGIC MART #312,Norton VA,,VA,2018-07-02,,26,Closure,https://www.vec.virginia.gov/warn-notices
Ammar's Inc-Magic Mart #983,AMMAR'S -MAGIC MART #983,Galax VA,,VA,2018-07-01,,30,Closure,https://www.vec.virginia.gov/warn-notices
"Aramark Campus Services, LLC",ARAMARK CAMPUS,Lawrenceville,,NJ,,2018-06-30,147,,https://www.nj.gov/labor/employer-services/warn/
"MedPlast West Berlin, Inc.",MEDPLAST WEST BERLIN,West Berlin,,NJ,,2018-06-30,67,,https://www.nj.gov/labor/employer-services/warn/
"Maggy London International, Ltd.",MAGGY LONDON INTERNATIONAL,East Rutherford,,NJ,,2018-06-29,80,,https://www.nj.gov/labor/employer-services/warn/
Mercedes-Benz,MERCEDES-BENZ,Montvale,,NJ,,2018-06-29,115,,https://www.nj.gov/labor/employer-services/warn/
Aramark,ARAMARK,Plainfield,,NJ,,2018-06-29,13,,https://www.nj.gov/labor/employer-services/warn/
Dream Center Education Holdings LLC,DREAM CENTER EDUCATION HOLDINGS,Arlington VA,,VA,2018-06-29,,118,Closure,https://www.vec.virginia.gov/warn-notices
Tailored Brands,TAILORED BRANDS,Richmond VA,,VA,2018-06-29,,64,Closure,https://www.vec.virginia.gov/warn-notices
"Exelon Generation Company, LLC",EXELON GENERATION,Forked River,,NJ,,2018-06-22,84,,https://www.nj.gov/labor/employer-services/warn/
INOVA Health System,INOVA HEALTH SYSTEM,Fairfax VA,,VA,2018-06-19,,211,,https://www.vec.virginia.gov/warn-notices
The Corsi Group,THE CORSI GROUP,Keysville VA,,VA,2018-06-19,,53,Closure,https://www.vec.virginia.gov/warn-notices
Northrop Grumman,NORTHROP GRUMMAN,Chester VA,,VA,2018-06-14,,348,,https://www.vec.virginia.gov/warn-notices
GEO REENTRY SERVICES LLC,GEO REENTRY,Newark,,NJ,,2018-06-08,54,,https://www.nj.gov/labor/employer-services/warn/
Lakewood Pathology Associates Inc. d/b/a Inform Diagnostics,LAKEWOOD PATHOLOGY ASSOCIATES D/B/A INFORM DIAGNOSTICS,Union,,NJ,,2018-06-08,117,,https://www.nj.gov/labor/employer-services/warn/
PE Systems,PE SYSTEMS,"Arlington & Fairfax, VA VA",,VA,2018-06-08,,68,Layoff,https://www.vec.virginia.gov/warn-notices
AECOM,AECOM,McLean VA,,VA,2018-06-08,,173,Layoff,https://www.vec.virginia.gov/warn-notices
"Nine West Holdings, Inc.",NINE WEST HOLDINGS,West Deptford,,NJ,,2018-06-04,102,,https://www.nj.gov/labor/employer-services/warn/
Conduent,CONDUENT,Federal Way,,WA,2018-06-01,2018-07-31,304,Permanent,https://esd.wa.gov/about-employees/WARN
Amazon,AMAZON,Jersey City,,NJ,,2018-05-31,77,,https://www.nj.gov/labor/employer-services/warn/
Cintas Corporation,CINTAS,Belleville,,NJ,,2018-05-31,49,,https://www.nj.gov/labor/employer-services/warn/
"Cintas Corporation No, 2",CINTAS NO 2,Belleville,,NJ,,2018-05-31,49,,https://www.nj.gov/labor/employer-services/warn/
E.I.DuPont de Nemours and Company,E I DUPONT DE NEMOURS AND,Deepwater,,NJ,,2018-05-31,103,,https://www.nj.gov/labor/employer-services/warn/
ABM/GCA Vehicle Services,ABM/GCA VEHICLE,Springfield VA,,VA,2018-05-25,,80,Layoff,https://www.vec.virginia.gov/warn-notices
Wargaming (Seattle) Inc.,WARGAMING (SEATTLE),Redmond,,WA,2018-05-24,2018-07-22,155,Permanent,https://esd.wa.gov/about-employees/WARN
"Personal-Touch Home Care of N.J., Inc.",PERSONAL-TOUCH HOME CARE OF N J,Bloomfield,,NJ,,2018-05-18,276,,https://www.nj.gov/labor/employer-services/warn/
Personal Touch HOme Care,PERSONAL TOUCH HOME CARE,Neptune,,NJ,,2018-05-18,53,,https://www.nj.gov/labor/employer-services/warn/
Personal Touch Home Care,PERSONAL TOUCH HOME CARE,Roselle Park,,NJ,,2018-05-18,100,,https://www.nj.gov/labor/employer-services/warn/
Personal Touch Home Care of NJ,PERSONAL TOUCH HOME CARE OF NJ,Union City,,NJ,,2018-05-18,28,,https://www.nj.gov/labor/employer-services/warn/
Teva Pharmaceuticals,TEVA PHARMACEUTICALS,Elizabeth,,NJ,,2018-05-15,101,,https://www.nj.gov/labor/employer-services/warn/
Toys R Us,TOYS R,Flanders,,NJ,,2018-05-14,473,,https://www.nj.gov/labor/employer-services/warn/
Toys R Us,TOYS R,Wayne,,NJ,,2018-05-14,1159,,https://www.nj.gov/labor/employer-services/warn/
International Vitamin Corporation,INTERNATIONAL VITAMIN,Freehold,,NJ,,2018-05-11,160,,https://www.nj.gov/labor/employer-services/warn/
Bayshore Concrete Products Corporation,BAYSHORE CONCRETE PRODUCTS,Cape Charles VA,,VA,2018-05-11,,35,Closure,https://www.vec.virginia.gov/warn-notices
Menzies Aviation,MENZIES AVIATION,SeaTac,,WA,2018-05-11,2018-07-08,63,Permanent,https://esd.wa.gov/about-employees/WARN
CACI,CACI,Springfield VA,,VA,2018-05-07,,65,,https://www.vec.virginia.gov/warn-notices
Sears,SEARS,Redmond,,WA,2018-04-25,2018-07-08,68,Permanent,https://esd.wa.gov/about-employees/WARN
"Wyndham Worldwide Operations, Inc.",WYNDHAM WORLDWIDE OPERATIONS,Parsippany,,NJ,,2018-04-21,134,,https://www.nj.gov/labor/employer-services/warn/
Jorgensen Forge,JORGENSEN FORGE,Tukwila,,WA,2018-04-20,2018-06-18,101,Permanent,https://esd.wa.gov/about-employees/WARN
Kroger #403,KROGER #403,Waynesboro VA,,VA,2018-04-18,,69,Closure,https://www.vec.virginia.gov/warn-notices
WALMART INC,WALMART,BRANCHBURG,,NJ,,2018-04-13,149,,https://www.nj.gov/labor/employer-services/warn/
A.O. Smith,A O SMITH,Renton,,WA,2018-04-13,2018-06-15,57,Permanent,https://esd.wa.gov/about-employees/WARN
Sears Holdings,SEARS HOLDINGS,Toms River,,NJ,,2018-04-08,49,,https://www.nj.gov/labor/employer-services/warn/
Lionbridge,LIONBRIDGE,Vancouver,,WA,2018-04-06,2018-06-10,119,Permanent,https://esd.wa.gov/about-employees/WARN
McKesson Corporation,MCKESSON,Delran,,NJ,,2018-03-31,102,,https://www.nj.gov/labor/employer-services/warn/
"NYK (North America), Inc.",NYK (NORTH AMERICA),Secaucus,,NJ,,2018-03-31,75,,https://www.nj.gov/labor/employer-services/warn/
MOL (America) Inc.,MOL (AMERICA),Woodbridge,,NJ,,2018-03-30,32,,https://www.nj.gov/labor/employer-services/warn/
Flow International,FLOW INTERNATIONAL,Kent,,WA,2018-03-29,2018-06-30,110,Permanent,https://esd.wa.gov/about-employees/WARN
Avante-Roanoke,AVANTE-ROANOKE,Roanoke VA,,VA,2018-03-28,,78,Layoff,https://www.vec.virginia.gov/warn-notices
Avante-Waynesboro,AVANTE-WAYNESBORO,Waynsboro VA,,VA,2018-03-28,,98,Layoff,https://www.vec.virginia.gov/warn-notices
Avante-Harrisonburg,AVANTE-HARRISONBURG,Harrisonburg VA,,VA,2018-03-28,,79,Layoff,https://www.vec.virginia.gov/warn-notices
Avante-Lynchburg,AVANTE-LYNCHBURG,Lynchburg VA,,VA,2018-03-28,,92,Layoff,https://www.vec.virginia.gov/warn-notices
"PHH Home Loans, LLC",PHH HOME LOANS,Mt. Laurel,,NJ,,2018-03-23,78,,https://www.nj.gov/labor/employer-services/warn/
CHI Franciscan Health,CHI FRANCISCAN HEALTH,Tacoma,,WA,2018-03-20,2018-05-27,51,Permanent,https://esd.wa.gov/about-employees/WARN
"Twin City Foods, Inc.",TWIN CITY FOODS,Stanwood,,WA,2018-03-20,2018-05-18,92,Permanent,https://esd.wa.gov/about-employees/WARN
"Allergan, Inc",ALLERGAN,Madison,,NJ,,2018-03-16,308,,https://www.nj.gov/labor/employer-services/warn/
Farm Fresh #6293,FARM FRESH #6293,Virginia Beach VA,,VA,2018-03-14,,94,Closure,https://www.vec.virginia.gov/warn-notices
Farm Fresh #6291,FARM FRESH #6291,Virignia Beach VA,,VA,2018-03-14,,88,Closure,https://www.vec.virginia.gov/warn-notices
Farm Fresh #6290,FARM FRESH #6290,Hayes VA,,VA,2018-03-14,,87,ClosureLayoff,https://www.vec.virginia.gov/warn-notices
Farm Fresh #6289,FARM FRESH #6289,Virginia Beach VA,,VA,2018-03-14,,92,Closure,https://www.vec.virginia.gov/warn-notices
Farm Fresh #6288,FARM FRESH #6288,Norfolk VA,,VA,2018-03-14,,81,Closure,https://www.vec.virginia.gov/warn-notices
Farm Fresh #6282,FARM FRESH #6282,Chesapeake VA,,VA,2018-03-14,,85,Closure,https://www.vec.virginia.gov/warn-notices
Farm Fresh #6280,FARM FRESH #6280,Franklin VA,,VA,2018-03-14,,77,Closure,https://www.vec.virginia.gov/warn-notices
Farm Fresh #6279,FARM FRESH #6279,Virignia Beach VA,,VA,2018-03-14,,98,Closure,https://www.vec.virginia.gov/warn-notices
Farm Fresh #6277,FARM FRESH #6277,Chesapeake VA,,VA,2018-03-14,,78,Closure,https://www.vec.virginia.gov/warn-notices
Farm Fresh #6276,FARM FRESH #6276,Suffolk VA,,VA,2018-03-14,,80,Closure,https://www.vec.virginia.gov/warn-notices
Farm Fresh #6275,FARM FRESH #6275,Portsmouth VA,,VA,2018-03-14,,100,Closure,https://www.vec.virginia.gov/warn-notices
Farm Fresh #6272,FARM FRESH #6272,Norfolk VA,,VA,2018-03-14,,78,Closure,https://www.vec.virginia.gov/warn-notices
Farm Fresh #6270,FARM FRESH #6270,Norfolk VA,,VA,2018-03-14,,65,Closure,https://www.vec.virginia.gov/warn-notices
Farm Fresh #6269,FARM FRESH #6269,Williamsburg VA,,VA,2018-03-14,,88,Closure,https://www.vec.virginia.gov/warn-notices
Farm Fresh #6268,FARM FRESH #6268,Grafton VA,,VA,2018-03-14,,93,ClosureLayoff,https://www.vec.virginia.gov/warn-notices
Farm Fresh #6266,FARM FRESH #6266,Virignia Beach VA,,VA,2018-03-14,,71,Closure,https://www.vec.virginia.gov/warn-notices
Farm Fresh #6265,FARM FRESH #6265,Williamsburg VA,,VA,2018-03-14,,88,Closure,https://www.vec.virginia.gov/warn-notices
Farm Fresh #6262,FARM FRESH #6262,Poquoson VA,,VA,2018-03-14,,69,Closure,https://www.vec.virginia.gov/warn-notices
Farm Fresh #6260,FARM FRESH #6260,Hampton VA,,VA,2018-03-14,,70,Closure,https://www.vec.virginia.gov/warn-notices
Farm Fresh #6258,FARM FRESH #6258,Norfolk VA,,VA,2018-03-14,,67,Closure,https://www.vec.virginia.gov/warn-notices
Farm Fresh #6257,FARM FRESH #6257,Hampton VA,,VA,2018-03-14,,111,Closure,https://www.vec.virginia.gov/warn-notices
Farm Fresh #6256,FARM FRESH #6256,Smithfield VA,,VA,2018-03-14,,100,ClosureLayoff,https://www.vec.virginia.gov/warn-notices
Farm Fresh #6255,FARM FRESH #6255,Chesapeake VA,,VA,2018-03-14,,94,Closure,https://www.vec.virginia.gov/warn-notices
Farm Fresh #6254,FARM FRESH #6254,Newport News VA,,VA,2018-03-14,,92,Closure,https://www.vec.virginia.gov/warn-notices
Farm Fresh #6253,FARM FRESH #6253,Virignia Beach VA,,VA,2018-03-14,,69,Closure,https://www.vec.virginia.gov/warn-notices
Farm Fresh #6250,FARM FRESH #6250,Virignai Beach VA,,VA,2018-03-14,,58,Closure,https://www.vec.virginia.gov/warn-notices
Farm Fresh #6249,FARM FRESH #6249,Hampton VA,,VA,2018-03-14,,102,Closure,https://www.vec.virginia.gov/warn-notices
Farm Fresh #6247,FARM FRESH #6247,Virignia Beach VA,,VA,2018-03-14,,86,Closure,https://www.vec.virginia.gov/warn-notices
Farm Fresh #6246,FARM FRESH #6246,Norfolk VA,,VA,2018-03-14,,104,Closure,https://www.vec.virginia.gov/warn-notices
Farm Fresh #6244,FARM FRESH #6244,Hampton VA,,VA,2018-03-14,,82,Closure,https://www.vec.virginia.gov/warn-notices
Farm Fresh #6243,FARM FRESH #6243,Virignia Beach VA,,VA,2018-03-14,,71,Closure,https://www.vec.virginia.gov/warn-notices
Farm Fresh #6242,FARM FRESH #6242,Virginia Beach VA,,VA,2018-03-14,,77,Closure,https://www.vec.virginia.gov/warn-notices
Farm Fresh #6241,FARM FRESH #6241,Chesapeake VA,,VA,2018-03-14,,58,Closure,https://www.vec.virginia.gov/warn-notices
Farm Fresh #6240,FARM FRESH #6240,Virginia Beach VA,,VA,2018-03-14,,134,Closure,https://www.vec.virginia.gov/warn-notices
Farm Fresh #6239,FARM FRESH #6239,Chesapeake VA,,VA,2018-03-14,,82,Closure,https://www.vec.virginia.gov/warn-notices
Farm Fresh #6238,FARM FRESH #6238,Suffolk VA,,VA,2018-03-14,,95,Closure,https://www.vec.virginia.gov/warn-notices
Farm Fresh #6274,FARM FRESH #6274,Richmond VA,,VA,2018-03-14,,84,Closure,https://www.vec.virginia.gov/warn-notices
Dish Network,DISH NETWORK,Christiansburg VA,,VA,2018-03-13,,570,Closure,https://www.vec.virginia.gov/warn-notices
"J.C. Penney Corporation, Inc.",J C PENNEY,Paramus,,NJ,,2018-03-11,144,,https://www.nj.gov/labor/employer-services/warn/
RAB Lighting,RAB LIGHTING,Northvale,,NJ,,2018-03-09,121,,https://www.nj.gov/labor/employer-services/warn/
NJVC LLC,NJVC,Chantilly VA,,VA,2018-03-07,,113,Layoff,https://www.vec.virginia.gov/warn-notices
Amazon,AMAZON,Sterling VA,,VA,2018-03-07,,67,Layoff,https://www.vec.virginia.gov/warn-notices
Hitachi,HITACHI,Bellevue,,WA,2018-03-02,2018-05-01,61,Permanent,https://esd.wa.gov/about-employees/WARN
Schneider National Carriers Inc.,SCHNEIDER NATIONAL CARRIERS,Gordonsville VA,,VA,2018-03-01,,181,Layoff,https://www.vec.virginia.gov/warn-notices
Leidos,LEIDOS,Charlottesville VA,,VA,2018-03-01,,52,Layoff,https://www.vec.virginia.gov/warn-notices
Pacific Seafood,PACIFIC SEAFOOD,Federal Way,,WA,2018-02-26,2018-04-30,69,Permanent,https://esd.wa.gov/about-employees/WARN
Marine View Beverage,MARINE VIEW BEVERAGE,Port Angeles,,WA,2018-02-22,2018-04-27,5,Permanent,https://esd.wa.gov/about-employees/WARN
Marine View Beverage,MARINE VIEW BEVERAGE,Poulsbo,,WA,2018-02-22,2018-04-27,70,Permanent,https://esd.wa.gov/about-employees/WARN
Marine View Beverage,MARINE VIEW BEVERAGE,Sumner,,WA,2018-02-22,2018-04-27,138,Permanent,https://esd.wa.gov/about-employees/WARN
Marine View Beverage,MARINE VIEW BEVERAGE,Sumner,,WA,2018-02-22,2018-04-27,9,Permanent,https://esd.wa.gov/about-employees/WARN
Marine View Beverage,MARINE VIEW BEVERAGE,Tumwater,,WA,2018-02-22,2018-04-27,56,Permanent,https://esd.wa.gov/about-employees/WARN
Quality Technology Services,QUALITY,Dulles VA,,VA,2018-02-21,,52,Layoff,https://www.vec.virginia.gov/warn-notices
Cenveo Corporation,CENVEO,Kent,,WA,2018-02-21,2018-02-21,62,Permanent,https://esd.wa.gov/about-employees/WARN
General Dynamics Information Technology,GENERAL DYNAMICS INFORMATION,Springfield VA,,VA,2018-02-19,,73,Layoff,https://www.vec.virginia.gov/warn-notices
Fidelity Care Inc.,FIDELITY CARE,Garfield,,NJ,,2018-02-17,147,,https://www.nj.gov/labor/employer-services/warn/
The Medicines Company,THE MEDICINES,Parsippany,,NJ,,2018-02-14,18,,https://www.nj.gov/labor/employer-services/warn/
Dormeo-US Octaspring Operations Inc,DORMEO- OCTASPRING OPERATIONS,Winchester VA,,VA,2018-02-09,,33,Closure,https://www.vec.virginia.gov/warn-notices
Giles & Ransome,GILES RANSOME,Hammonton,,NJ,,2018-02-05,67,,https://www.nj.gov/labor/employer-services/warn/
AES Corporation,AES,Arlingotn VA,,VA,2018-02-05,,70,LayoffPermanent Reduction,https://www.vec.virginia.gov/warn-notices
Axeon Specialty Products LLC,AXEON SPECIALTY PRODUCTS,Paulsboro,,NJ,,2018-02-01,5,,https://www.nj.gov/labor/employer-services/warn/
ASM Research,ASM RESEARCH,Lakewood,,WA,2018-02-01,2018-03-27,7,Permanent,https://esd.wa.gov/about-employees/WARN
"Shiel Holdings, LLC",SHIEL HOLDINGS,Rockleigh,,NJ,,2018-01-31,538,,https://www.nj.gov/labor/employer-services/warn/
Eli Lilly,ELI LILLY,Bridgewater,,NJ,,2018-01-31,78,,https://www.nj.gov/labor/employer-services/warn/
ImClone Systems LLC,IMCLONE SYSTEMS,Branchburg,,NJ,,2018-01-31,77,,https://www.nj.gov/labor/employer-services/warn/
Georgia Pacific Corporation,GEORGIA PACIFIC,Camas,,WA,2018-01-30,2018-05-01,243,Permanent,https://esd.wa.gov/about-employees/WARN
BAE Systems Inc.,BAE SYSTEMS,Sterling VA,,VA,2018-01-29,,141,,https://www.vec.virginia.gov/warn-notices
Sam's Club,SAM'S CLUB,Princeton,,NJ,,2018-01-26,196,,https://www.nj.gov/labor/employer-services/warn/
Lux Home,LUX HOME,West Caldwell,,NJ,,2018-01-19,137,,https://www.nj.gov/labor/employer-services/warn/
Dreamlight,DREAMLIGHT,Virginia Beach VA,,VA,2018-01-15,,50,Closure,https://www.vec.virginia.gov/warn-notices
Sam's Club,SAM'S CLUB,Linden,,NJ,,2018-01-11,187,,https://www.nj.gov/labor/employer-services/warn/
Sam's Club,SAM'S CLUB,Budd Lake,,NJ,,2018-01-11,144,,https://www.nj.gov/labor/employer-services/warn/
Sam's Club #4733 Norfolk,SAM'S CLUB #4733 NORFOLK,Norfolk VA,,VA,2018-01-11,,140,Closure,https://www.vec.virginia.gov/warn-notices
Sam's Club #4788 Richmond,SAM'S CLUB #4788 RICHMOND,Richmond VA,,VA,2018-01-11,,163,Closure,https://www.vec.virginia.gov/warn-notices
Sam's Club,SAM'S CLUB,Auburn,,WA,2018-01-11,2018-03-16,168,Permanent,https://esd.wa.gov/about-employees/WARN
Sam's Club,SAM'S CLUB,Renton,,WA,2018-01-11,2018-03-16,179,Permanent,https://esd.wa.gov/about-employees/WARN
Sam's Club,SAM'S CLUB,Seattle,,WA,2018-01-11,2018-03-16,148,Permanent,https://esd.wa.gov/about-employees/WARN
"Aerogroup International, Inc.",AEROGROUP INTERNATIONAL,Edison,,NJ,,2018-01-08,141,,https://www.nj.gov/labor/employer-services/warn/
Zenith Education Group,ZENITH EDUCATION GROUP,South Plainfield,,NJ,,2018-01-08,41,,https://www.nj.gov/labor/employer-services/warn/
Telvista,TELVISTA,Danville VA,,VA,2018-01-05,,300,Closure,https://www.vec.virginia.gov/warn-notices
Teva Pharmaceuticals,TEVA PHARMACEUTICALS,Parsippany,,NJ,,2018-01-04,46,,https://www.nj.gov/labor/employer-services/warn/
Old Dominion Peanut Company,OLD DOMINION PEANUT,Norfolk VA,,VA,2018-01-04,,69,Closure,https://www.vec.virginia.gov/warn-notices
Metrie Inc.,METRIE,Doswell VA,,VA,2018-01-04,,59,Closure,https://www.vec.virginia.gov/warn-notices
Louis Vuitton USA Inc.,LOUIS VUITTON,Atlantic City,,NJ,,2018-01-03,6,,https://www.nj.gov/labor/employer-services/warn/
Walmart-Roanoke #3618,WALMART-ROANOKE #3618,Roanoke VA,,VA,2018-01-03,,72,Closure,https://www.vec.virginia.gov/warn-notices
Transportation General Inc,TRANSPORTATION GENERAL,Arlingotn VA,,VA,2018-01-03,,80,,https://www.vec.virginia.gov/warn-notices
Lawns Etc.,LAWNS ETC,Wildwood,,NJ,,2017-12-31,1,,https://www.nj.gov/labor/employer-services/warn/
Bristol-Myers Squibb,BRISTOL-MYERS SQUIBB,New Brunswick,,NJ,,2017-12-31,61,,https://www.nj.gov/labor/employer-services/warn/
Tessler & Weiss,TESSLER WEISS,Union,,NJ,,2017-12-31,150,,https://www.nj.gov/labor/employer-services/warn/
URS Federal Services,URS FEDERAL,Norfolk VA,,VA,2017-12-26,,78,Permanent Reduction,https://www.vec.virginia.gov/warn-notices
Maserati North America,MASERATI NORTH AMERICA,Englewood Cliffs,,NJ,,2017-12-22,1,,https://www.nj.gov/labor/employer-services/warn/
CVS Health,CVS HEALTH,East Northport,,NJ,,2017-12-15,12,,https://www.nj.gov/labor/employer-services/warn/
Air Wisconsin Airline Corporation,AIR WISCONSIN AIRLINE,Norfolk VA,,VA,2017-12-13,,213,Closure,https://www.vec.virginia.gov/warn-notices
Taylor Communications,TAYLOR COMMUNICATIONS,Richmond VA,,VA,2017-12-07,,50,Closure,https://www.vec.virginia.gov/warn-notices
"Vitamin Shoppe Industries, Inc.",VITAMIN SHOPPE INDUSTRIES,North Bergen,,NJ,,2017-12-01,139,,https://www.nj.gov/labor/employer-services/warn/
Hospital Central Services Cooperative - Laundry,HOSPITAL CENTRAL COOPERATIVE - LAUNDRY,Camden,,NJ,,2017-11-28,81,,https://www.nj.gov/labor/employer-services/warn/
RDSL Urban NY LLC,RDSL URBAN NY,Carlstadt,,NJ,,2017-11-14,8,,https://www.nj.gov/labor/employer-services/warn/
Northrop Grumman,NORTHROP GRUMMAN,Lakewood,,WA,2017-11-14,2018-01-12,43,Permanent,https://esd.wa.gov/about-employees/WARN
"ABM Aviation, Inc.",ABM AVIATION,SeaTac,,WA,2017-11-09,2018-01-01,171,Permanent,https://esd.wa.gov/about-employees/WARN
Eulen America,EULEN AMERICA,Arlington VA,,VA,2017-11-08,,216,,https://www.vec.virginia.gov/warn-notices
Keswick Hall & Golf Club,KESWICK HALL GOLF CLUB,Keswick VA,,VA,2017-11-07,,109,Closure,https://www.vec.virginia.gov/warn-notices
Zenith Education Group,ZENITH EDUCATION GROUP,Everett,,WA,2017-11-07,2018-01-08,29,Permanent,https://esd.wa.gov/about-employees/WARN
Zenith Education Group,ZENITH EDUCATION GROUP,Tacoma,,WA,2017-11-07,2018-01-08,45,Permanent,https://esd.wa.gov/about-employees/WARN
Zenith Education Group-Altierus Career Colleges,ZENITH EDUCATION GROUP-ALTIERUS CAREER COLLEGES,Woodbridge VA,,VA,2017-11-03,,33,Permanent Reduction,https://www.vec.virginia.gov/warn-notices
Zenith Education Group-Everest Institute,ZENITH EDUCATION GROUP-EVEREST INSTITUTE,Chesapeake VA,,VA,2017-11-03,,43,Closure,https://www.vec.virginia.gov/warn-notices
Boeing,BOEING,Puget Sound Area,,WA,2017-11-02,2018-01-01,2,Permanent,https://esd.wa.gov/about-employees/WARN
Hard Rock Cafe,HARD ROCK CAFE,Atlantic City,,NJ,,2017-11-01,96,,https://www.nj.gov/labor/employer-services/warn/
The Hacker Group,THE HACKER GROUP,Seattle,,WA,2017-11-01,2017-12-31,17,Permanent,https://esd.wa.gov/about-employees/WARN
Covance Laboratories,COVANCE LABORATORIES,West Trenton,,NJ,,2017-10-31,39,,https://www.nj.gov/labor/employer-services/warn/
Shaw Industries Group Inc.,SHAW INDUSTRIES GROUP,Stuart VA,,VA,2017-10-31,,166,Closure,https://www.vec.virginia.gov/warn-notices
The Hacker Group,THE HACKER GROUP,Seattle,,WA,2017-10-31,2017-12-04,65,Permanent,https://esd.wa.gov/about-employees/WARN
Davlyn,DAVLYN,Monroe Township,,NJ,,2017-10-30,115,,https://www.nj.gov/labor/employer-services/warn/
"JHT Corporation (f/k/a JPC Enterprises, Inc. t/a Jersey Paper Plus)",JHT (F/K/A JPC ENTERPRISES T/A JERSEY PAPER PLUS),Edison,,NJ,,2017-10-28,111,,https://www.nj.gov/labor/employer-services/warn/
Leidos,LEIDOS,Vienna VA,,VA,2017-10-24,,62,Layoff,https://www.vec.virginia.gov/warn-notices
General Dynamics Information Technology,GENERAL DYNAMICS INFORMATION,Alexandria VA,,VA,2017-10-16,,92,Closure,https://www.vec.virginia.gov/warn-notices
S.S. White Technologies,S S WHITE,Piscataway,,NJ,,2017-10-15,126,,https://www.nj.gov/labor/employer-services/warn/
St. Joseph's Regional Medical Center:DSS Program,ST JOSEPH'S REGIONAL MEDICAL CENTER:DSS PROGRAM,Paterson,,NJ,,2017-10-13,8,,https://www.nj.gov/labor/employer-services/warn/
"Northwest Trustee Services, Inc.",NORTHWEST TRUSTEE,Bellevue,,WA,2017-10-13,2017-12-12,25,Permanent,https://esd.wa.gov/about-employees/WARN
"Foreclosure Expeditors Initiators, LLC",FORECLOSURE EXPEDITORS INITIATORS,Bellevue,,WA,2017-10-13,2017-12-12,4,Permanent,https://esd.wa.gov/about-employees/WARN
"RCO Legal, PS",RCO LEGAL PS,Bellevue,,WA,2017-10-13,2017-12-12,12,Permanent,https://esd.wa.gov/about-employees/WARN
"Realty in Motion, LLC",REALTY IN MOTION,Bellevue,,WA,2017-10-13,2017-12-12,27,Permanent,https://esd.wa.gov/about-employees/WARN
Maserati North America,MASERATI NORTH AMERICA,Englewood Cliffs,,NJ,,2017-10-10,2,,https://www.nj.gov/labor/employer-services/warn/
Providence Medical Center,PROVIDENCE MEDICAL CENTER,Everett,,WA,2017-10-10,2017-12-08,62,Permanent,https://esd.wa.gov/about-employees/WARN
Blue Apron,BLUE APRON,Jersey City,,NJ,,2017-10-06,1270,,https://www.nj.gov/labor/employer-services/warn/
Bristol-Myers Squibb,BRISTOL-MYERS SQUIBB,Lawrence Township,,NJ,,2017-10-06,58,,https://www.nj.gov/labor/employer-services/warn/
Cardinal Logistics Management Corporation,CARDINAL LOGISTICS MANAGEMENT,Salem VA,,VA,2017-10-02,,69,,https://www.vec.virginia.gov/warn-notices
Bergen Regional Medical Center,BERGEN REGIONAL MEDICAL CENTER,Paramus,,NJ,,2017-09-30,0,,https://www.nj.gov/labor/employer-services/warn/
Specialty Retailers Inc.,SPECIALTY RETAILERS,Southhill VA,,VA,2017-09-27,,100,Closure,https://www.vec.virginia.gov/warn-notices
Bayshore Concrete Products Corporation,BAYSHORE CONCRETE PRODUCTS,Cape Charles VA,,VA,2017-09-26,,100,Layoff,https://www.vec.virginia.gov/warn-notices
"Associated Materials, Inc.",ASSOCIATED MATERIALS,Bothell,,WA,2017-09-26,2017-11-27,87,Permanent,https://esd.wa.gov/about-employees/WARN
Charter Communications,CHARTER COMMUNICATIONS,Herndon VA,,VA,2017-09-21,,52,Layoff,https://www.vec.virginia.gov/warn-notices
Boeing,BOEING,Puget Sound Area,,WA,2017-09-18,2017-11-17,18,Permanent,https://esd.wa.gov/about-employees/WARN
Sears Holdings,SEARS HOLDINGS,Watchung,,NJ,,2017-09-17,126,,https://www.nj.gov/labor/employer-services/warn/
Sovah Health-Danville,SOVAH HEALTH-DANVILLE,Danville VA,,VA,2017-09-06,,91,Layoff,https://www.vec.virginia.gov/warn-notices
"Siemens PPAL, LLC (Newark Internation Airport O & M Contract)",SIEMENS PPAL (NEWARK INTERNATION AIRPORT O M CONTRACT),Newark,,NJ,,2017-08-31,63,,https://www.nj.gov/labor/employer-services/warn/
Command Security Corporation,COMMAND SECURITY,Los Angeles,,NJ,,2017-08-31,113,,https://www.nj.gov/labor/employer-services/warn/
Sovah Health-Martinsville,SOVAH HEALTH-MARTINSVILLE,Martinsville VA,,VA,2017-08-28,,67,Layoff,https://www.vec.virginia.gov/warn-notices
Compass Group USA d/b/a FLIK Lifestyles,COMPASS GROUP D/B/A FLIK LIFESTYLES,Voorhees,,NJ,,2017-08-26,101,,https://www.nj.gov/labor/employer-services/warn/
Boeing,BOEING,Puget Sound Area,,WA,2017-08-24,2017-10-20,74,Permanent,https://esd.wa.gov/about-employees/WARN
Riverside Shore Rehabilitation Center,RIVERSIDE SHORE REHABILITATION CENTER,Parksley VA,,VA,2017-08-22,,128,Closure,https://www.vec.virginia.gov/warn-notices
DSC Logistics Inc.,DSC LOGISTICS,Raphine VA,,VA,2017-08-14,,70,Layoff,https://www.vec.virginia.gov/warn-notices
"Maserati North America, Inc.",MASERATI NORTH AMERICA,Englewood Cliffs,,NJ,,2017-08-11,32,,https://www.nj.gov/labor/employer-services/warn/
Wells Fargo Home Mortgage Servicing,WELLS FARGO HOME MORTGAGE SERVICING,Vancouver,,WA,2017-08-10,2017-10-09,72,Permanent,https://esd.wa.gov/about-employees/WARN
Land-O-Sun Dairies LLC,LAND-O-SUN DAIRIES,Richmond VA,,VA,2017-08-08,,71,Closure,https://www.vec.virginia.gov/warn-notices
B & B Bachrach,B B BACHRACH,Lawrence Twonship,,NJ,,2017-08-06,8,,https://www.nj.gov/labor/employer-services/warn/
Media Matters For America,MEDIA MATTERS FOR AMERICA,WASHINGTON,,NJ,,2017-08-01,1,,https://www.nj.gov/labor/employer-services/warn/
The Medicines Company,THE MEDICINES,Parsippany,,NJ,,2017-08-01,52,,https://www.nj.gov/labor/employer-services/warn/
Kellogg's,KELLOGG'S,Cranbury,,NJ,,2017-07-29,316,,https://www.nj.gov/labor/employer-services/warn/
Novartis Pharmceuticals Corporation,NOVARTIS PHARMCEUTICALS,East Hanover,,NJ,,2017-07-28,204,,https://www.nj.gov/labor/employer-services/warn/
Telvista,TELVISTA,Danville VA,,VA,2017-07-28,,222,,https://www.vec.virginia.gov/warn-notices
First Potomac Realty Trust,FIRST POTOMAC REALTY TRUST,Fairfax VA,,VA,2017-07-28,,18,Layoff,https://www.vec.virginia.gov/warn-notices
Boeing,BOEING,Puget Sound,,WA,2017-07-27,2017-09-22,220,Permanent,https://esd.wa.gov/about-employees/WARN
General Foam Plastics,GENERAL FOAM PLASTICS,Norfolk & Virginia Beach VA,,VA,2017-07-26,,109,ClosureLayoff,https://www.vec.virginia.gov/warn-notices
APM Terminals,APM TERMINALS,Tacoma,,WA,2017-07-25,2017-09-22,12,Permanent,https://esd.wa.gov/about-employees/WARN
Le Eco,LE ECO,Bellevue,,WA,2017-07-24,2017-09-18,25,Permanent,https://esd.wa.gov/about-employees/WARN
Vertafore,VERTAFORE,"Bothell, WA",,WA,2017-07-17,2017-10-01,121,Permanent,https://esd.wa.gov/about-employees/WARN
Mount Laurel Center,MOUNT LAUREL CENTER,Mount Laurel,,NJ,,2017-07-16,323,,https://www.nj.gov/labor/employer-services/warn/
"KIK Tacoma, Inc.",KIK TACOMA,"Tacoma, WA",,WA,2017-07-12,2017-08-11,20,Permanent,https://esd.wa.gov/about-employees/WARN
"Total Airport Services, LLC",TOTAL AIRPORT,Newark,,NJ,,2017-07-07,34,,https://www.nj.gov/labor/employer-services/warn/
Asheboro Elastics,ASHEBORO ELASTICS,Boykins VA,,VA,2017-07-05,,40,,https://www.vec.virginia.gov/warn-notices
"Gannett Satellite Information Network, LLC",GANNETT SATELLITE INFORMATION NETWORK,Neptune,,NJ,,2017-07-03,88,,https://www.nj.gov/labor/employer-services/warn/
Dollar Express - Belmar,DOLLAR EXPRESS - BELMAR,Belmar,,NJ,,2017-06-30,5,,https://www.nj.gov/labor/employer-services/warn/
Dollar Express - Brigantine,DOLLAR EXPRESS - BRIGANTINE,Brigantine,,NJ,,2017-06-30,8,,https://www.nj.gov/labor/employer-services/warn/
Dollar Express - Elizabeth (1),DOLLAR EXPRESS - ELIZABETH (1),Elizabeth,,NJ,,2017-06-30,7,,https://www.nj.gov/labor/employer-services/warn/
Dollar Express - Elizabeth (2),DOLLAR EXPRESS - ELIZABETH (2),Elizabeth,,NJ,,2017-06-30,10,,https://www.nj.gov/labor/employer-services/warn/
Dollar Express - Ewing,DOLLAR EXPRESS - EWING,Ewing,,NJ,,2017-06-30,9,,https://www.nj.gov/labor/employer-services/warn/
Dollar Express - Glassboro,DOLLAR EXPRESS - GLASSBORO,Glassboro,,NJ,,2017-06-30,5,,https://www.nj.gov/labor/employer-services/warn/
Dollar Express - Hamilton Township,DOLLAR EXPRESS - HAMILTON TOWNSHIP,Hamilton Township,,NJ,,2017-06-30,9,,https://www.nj.gov/labor/employer-services/warn/
Dollar Express - Irvington,DOLLAR EXPRESS - IRVINGTON,Ivrington,,NJ,,2017-06-30,10,,https://www.nj.gov/labor/employer-services/warn/
Dollar Express - Mt. Holly,DOLLAR EXPRESS - MT HOLLY,Mt. Holly,,NJ,,2017-06-30,6,,https://www.nj.gov/labor/employer-services/warn/
Dollar Express - Newark (1),DOLLAR EXPRESS - NEWARK (1),Newark,,NJ,,2017-06-30,14,,https://www.nj.gov/labor/employer-services/warn/
Dollar Express - Newark (2),DOLLAR EXPRESS - NEWARK (2),Newark,,NJ,,2017-06-30,13,,https://www.nj.gov/labor/employer-services/warn/
Dollar Express - Paterson,DOLLAR EXPRESS - PATERSON,PatersoN,,NJ,,2017-06-30,8,,https://www.nj.gov/labor/employer-services/warn/
Dollar Express - Pleasantville,DOLLAR EXPRESS - PLEASANTVILLE,Pleasantville,,NJ,,2017-06-30,9,,https://www.nj.gov/labor/employer-services/warn/
Dollar Express - Vineland,DOLLAR EXPRESS - VINELAND,Vineland,,NJ,,2017-06-30,7,,https://www.nj.gov/labor/employer-services/warn/
Dollar Express- East Orange,DOLLAR EXPRESS- EAST ORANGE,East Orange,,NJ,,2017-06-30,11,,https://www.nj.gov/labor/employer-services/warn/
"Pochet of America, Inc.",POCHET OF AMERICA,Wayne,,NJ,,2017-06-30,30,,https://www.nj.gov/labor/employer-services/warn/
Nordstrom,NORDSTROM,Dulles VA,,VA,2017-06-30,,153,Closure,https://www.vec.virginia.gov/warn-notices
Leidos,LEIDOS,Chantilly VA,,VA,2017-06-30,,30,LayoffPermanent Reduction,https://www.vec.virginia.gov/warn-notices
Boeing,BOEING,Puget Sound Area,,WA,2017-06-30,2017-08-25,89,Permanent,https://esd.wa.gov/about-employees/WARN
Holiday Inn - Cherry Hill,HOLIDAY INN - CHERRY HILL,Cherry Hill,,NJ,,2017-06-29,82,,https://www.nj.gov/labor/employer-services/warn/
K-Mart,K-MART,Tacoma,,WA,2017-06-29,2017-09-10,67,Permanent,https://esd.wa.gov/about-employees/WARN
"NRG Energy, Inc.",NRG ENERGY,Wall,,NJ,,2017-06-23,65,,https://www.nj.gov/labor/employer-services/warn/
Adventist Health,ADVENTIST HEALTH,Walla Walla,,WA,2017-06-21,2017-08-24,371,Permanent,https://esd.wa.gov/about-employees/WARN
"Retail Logistics, LLC",RETAIL LOGISTICS,Wayne,,NJ,,2017-06-19,68,,https://www.nj.gov/labor/employer-services/warn/
Comcast Cable,COMCAST CABLE,West Deptford,,NJ,,2017-06-16,88,,https://www.nj.gov/labor/employer-services/warn/
Space Needle,SPACE NEEDLE,Seattle,,WA,2017-06-15,2017-09-05,153,Permanent,https://esd.wa.gov/about-employees/WARN
Elkay Wood Products Co.,ELKAY WOOD PRODUCTS,Ringgold VA,,VA,2017-06-12,,150,Closure,https://www.vec.virginia.gov/warn-notices
Gannett Satellite Information Network - Freehold,GANNETT SATELLITE INFORMATION NETWORK - FREEHOLD,Freehold Township,,NJ,,2017-06-04,213,,https://www.nj.gov/labor/employer-services/warn/
The GEO Company,THE GEO,Boca Raton,,NJ,,2017-06-04,84,,https://www.nj.gov/labor/employer-services/warn/
Quidsi,QUIDSI,Jersey City,,NJ,,2017-06-02,263,,https://www.nj.gov/labor/employer-services/warn/
"Ricoh USA, Inc.",RICOH,West Caldwell,,NJ,,2017-06-02,77,,https://www.nj.gov/labor/employer-services/warn/
Boats Group,BOATS GROUP,Norfolk VA,,VA,2017-06-01,,72,Closure,https://www.vec.virginia.gov/warn-notices
Community Education Centers,COMMUNITY EDUCATION CENTERS,Newark,,NJ,,2017-05-31,166,,https://www.nj.gov/labor/employer-services/warn/
BH Media Group Inc.,BH MEDIA GROUP,Roanoke VA,,VA,2017-05-30,,53,LayoffPermanent Reduction,https://www.vec.virginia.gov/warn-notices
Walgreen Co,WALGREEN,Swedesboro,,NJ,,2017-05-24,133,,https://www.nj.gov/labor/employer-services/warn/
JCPenney,JCPENNEY,Roanoke VA,,VA,2017-05-24,,72,Closure,https://www.vec.virginia.gov/warn-notices
Boeing,BOEING,Puget Sound Area,,WA,2017-05-23,2017-07-21,337,Permanent,https://esd.wa.gov/about-employees/WARN
Altice,ALTICE,Edison,,NJ,,2017-05-22,64,,https://www.nj.gov/labor/employer-services/warn/
SGS,SGS,Mawah,,NJ,,2017-05-22,37,,https://www.nj.gov/labor/employer-services/warn/
LSC Communications,LSC COMMUNICATIONS,Salem VA,,VA,2017-05-22,,140,Closure,https://www.vec.virginia.gov/warn-notices
Martin's Store #6402,MARTIN'S STORE #6402,Williamsburg VA,,VA,2017-05-16,,183,Closure,https://www.vec.virginia.gov/warn-notices
White Birch Paper,WHITE BIRCH PAPER,Ashland VA,,VA,2017-05-16,,164,Closure,https://www.vec.virginia.gov/warn-notices
Martin's Store #6588,MARTIN'S STORE #6588,Midlothian VA,,VA,2017-05-16,,164,Closure,https://www.vec.virginia.gov/warn-notices
Martin's Store #6491,MARTIN'S STORE #6491,Chester VA,,VA,2017-05-16,,107,Closure,https://www.vec.virginia.gov/warn-notices
Martin's Store #6490,MARTIN'S STORE #6490,Chesterfield VA,,VA,2017-05-16,,114,Closure,https://www.vec.virginia.gov/warn-notices
Martin's Store #6489,MARTIN'S STORE #6489,Ashland VA,,VA,2017-05-16,,110,Closure,https://www.vec.virginia.gov/warn-notices
Martin's Store #6440,MARTIN'S STORE #6440,N. Chesterfield VA,,VA,2017-05-16,,168,Closure,https://www.vec.virginia.gov/warn-notices
Martin's Store #6406,MARTIN'S STORE #6406,Richmond VA,,VA,2017-05-16,,92,Closure,https://www.vec.virginia.gov/warn-notices
Martin's Store #5700,MARTIN'S STORE #5700,Richmond VA,,VA,2017-05-16,,121,Closure,https://www.vec.virginia.gov/warn-notices
Martin's  Store #6428,MARTIN'S STORE #6428,Richmond VA,,VA,2017-05-16,,127,Closure,https://www.vec.virginia.gov/warn-notices
Electronic Arts Inc,ELECTRONIC ARTS,"Seattle, WA",,WA,2017-05-08,2017-07-03,45,Permanent,https://esd.wa.gov/about-employees/WARN
Boeing,BOEING,Puget Sound Area,,WA,2017-05-08,2017-06-23,580,Permanent,https://esd.wa.gov/about-employees/WARN
Kmart,KMART,Herndon VA,,VA,2017-05-04,,67,Closure,https://www.vec.virginia.gov/warn-notices
Kmart,KMART,Charlottesville VA,,VA,2017-05-04,,62,Closure,https://www.vec.virginia.gov/warn-notices
AXEON,AXEON,Paulsboro,,NJ,,2017-05-01,115,,https://www.nj.gov/labor/employer-services/warn/
Spectrum Glass Company,SPECTRUM GLASS,Woodinville,,WA,2017-05-01,2017-06-30,14,Permanent,https://esd.wa.gov/about-employees/WARN
Hub City Distributing Company,HUB CITY DISTRIBUTING,Lawrenceville,,NJ,,2017-04-30,101,,https://www.nj.gov/labor/employer-services/warn/
Warren Distributing Company,WARREN DISTRIBUTING,Blue Anchor,,NJ,,2017-04-30,128,,https://www.nj.gov/labor/employer-services/warn/
Intercapital Services North America LLC / NEX Group,INTERCAPITAL NORTH AMERICA / NEX GROUP,Jersey City,,NJ,,2017-04-24,0,,https://www.nj.gov/labor/employer-services/warn/
Martin's,MARTIN'S,Richmond VA,,VA,2017-04-24,,109,Closure,https://www.vec.virginia.gov/warn-notices
Express Scripts,EXPRESS SCRIPTS,Franklin Lakes,,NJ,,2017-04-21,66,,https://www.nj.gov/labor/employer-services/warn/
"Crowne Architectural Systems, Inc.",CROWNE ARCHITECTURAL SYSTEMS,North Bergen,,NJ,,2017-04-18,200,,https://www.nj.gov/labor/employer-services/warn/
Jacobs Technology Inc.,JACOBS,Crystal City VA,,VA,2017-04-17,,55,,https://www.vec.virginia.gov/warn-notices
Railex,RAILEX,"Burbank, WA",,WA,2017-04-12,2017-06-30,88,Permanent,https://esd.wa.gov/about-employees/WARN
Caradigm LLC,CARADIGM,"Bellevue, WA",,WA,2017-04-12,2017-06-14,39,Permanent,https://esd.wa.gov/about-employees/WARN
Martin's,MARTIN'S,Richmond VA,,VA,2017-04-11,,99,Closure,https://www.vec.virginia.gov/warn-notices
Martin's,MARTIN'S,Glen Allen VA,,VA,2017-04-11,,141,Closure,https://www.vec.virginia.gov/warn-notices
Martin's,MARTIN'S,Richmond VA,,VA,2017-04-11,,138,Closure,https://www.vec.virginia.gov/warn-notices
Cardinal Bank,CARDINAL BANK,McLean VA,,VA,2017-04-10,,60,LayoffPermanent Reduction,https://www.vec.virginia.gov/warn-notices
"Community Access Unlimited, Inc.",COMMUNITY ACCESS UNLIMITED,Cranford,,NJ,,2017-03-31,98,,https://www.nj.gov/labor/employer-services/warn/
PrintBuyer LLC dba Zoo Printing,PRINTBUYER DBA ZOO PRINTING,West Deptford,,NJ,,2017-03-31,65,,https://www.nj.gov/labor/employer-services/warn/
"Transdev Services, Inc.",TRANSDEV,Union,,NJ,,2017-03-31,64,,https://www.nj.gov/labor/employer-services/warn/
VALID USA,VALID,So. Plainfield,,NJ,,2017-03-31,76,,https://www.nj.gov/labor/employer-services/warn/
Dollar Express,DOLLAR EXPRESS,Alexandria VA,,VA,2017-03-30,,6,Closure,https://www.vec.virginia.gov/warn-notices
Dollar Express,DOLLAR EXPRESS,"Norfolk, Portsmouth, Hampton, Chesapeake VA",,VA,2017-03-30,,44,Closure,https://www.vec.virginia.gov/warn-notices
Dollar Express,DOLLAR EXPRESS,Richmond & Lynchburg VA,,VA,2017-03-30,,11,Closure,https://www.vec.virginia.gov/warn-notices
Ostrom's Mushroom Farms,OSTROM'S MUSHROOM FARMS,Everson,,WA,2017-03-30,2017-06-01,65,Permanent,https://esd.wa.gov/about-employees/WARN
FreightCar America Inc.,FREIGHTCAR AMERICA,Roanoke VA,,VA,2017-03-29,,364,,https://www.vec.virginia.gov/warn-notices
"Gannett Satelilite Information Network, LLC",GANNETT SATELILITE INFORMATION NETWORK,Woodland Park,,NJ,,2017-03-25,125,,https://www.nj.gov/labor/employer-services/warn/
"Gannett Satellite Information Network, LLC",GANNETT SATELLITE INFORMATION NETWORK,Rockaway,,NJ,,2017-03-25,16,,https://www.nj.gov/labor/employer-services/warn/
Bebe Stores Inc,BEBE STORES,Fairfax VA,,VA,2017-03-25,,36,Closure,https://www.vec.virginia.gov/warn-notices
Bebe Stores Inc,BEBE STORES,Norfolk VA,,VA,2017-03-25,,18,Closure,https://www.vec.virginia.gov/warn-notices
Bebe Stores Inc,BEBE STORES,Richmond VA,,VA,2017-03-25,,10,Closure,https://www.vec.virginia.gov/warn-notices
"General Mills, Inc. (Progresso Soup)",GENERAL MILLS (PROGRESSO SOUP),Vineland,,NJ,,2017-03-24,338,,https://www.nj.gov/labor/employer-services/warn/
Boeing,BOEING,Puget Sound Area,,WA,2017-03-23,2017-05-19,245,Permanent,https://esd.wa.gov/about-employees/WARN
Macy's,MACY'S,Moorestown,,NJ,,2017-03-19,117,,https://www.nj.gov/labor/employer-services/warn/
Ophthotech Corporation,OPHTHOTECH,Princeton,,NJ,,2017-03-17,69,,https://www.nj.gov/labor/employer-services/warn/
Aphena Pharma Solutions,APHENA PHARMA,Whippany,,NJ,,2017-03-17,70,,https://www.nj.gov/labor/employer-services/warn/
Impax Laboratories,IMPAX LABORATORIES,Middlesex,,NJ,,2017-03-15,207,,https://www.nj.gov/labor/employer-services/warn/
PHH Mortgage Corporation,PHH MORTGAGE,Mount Laurel,,NJ,,2017-03-13,33,,https://www.nj.gov/labor/employer-services/warn/
Macy's,MACY'S,Alexandria VA,,VA,2017-03-06,,119,Closure,https://www.vec.virginia.gov/warn-notices
"Nippon Paper Indsutries USA, Co. Ltd.",NIPPON PAPER INDSUTRIES,Port Angeles,,WA,2017-03-06,2017-03-06,151,Permanent,https://esd.wa.gov/about-employees/WARN
Menzies Aviation,MENZIES AVIATION,SeaTac,,WA,2017-03-03,2017-05-01,949,Permanent,https://esd.wa.gov/about-employees/WARN
Harman (Harman International Industries),HARMAN (HARMAN INTERNATIONAL INDUSTRIES),"Cheney, WA",,WA,2017-03-02,2017-05-04,86,Permanent,https://esd.wa.gov/about-employees/WARN
Wilson Trucking Corporation Inc.,WILSON TRUCKING,Fishersville VA,,VA,2017-02-28,,316,Closure,https://www.vec.virginia.gov/warn-notices
New York Life Insurance Company,NEW YORK LIFE INSURANCE,Parsippany,,NJ,,2017-02-17,2,,https://www.nj.gov/labor/employer-services/warn/
PeaceHealth,PEACEHEALTH,Various locations in Washington,,WA,2017-02-16,2017-04-30,142,Permanent,https://esd.wa.gov/about-employees/WARN
Bristol-Myers Squibb,BRISTOL-MYERS SQUIBB,Hopewell,,NJ,,2017-02-13,2,,https://www.nj.gov/labor/employer-services/warn/
Crown Resources Corporation/Echo Bay Minerals Company (KRB),CROWN RESOURCES /ECHO BAY MINERALS (KRB),Ferry and Okanogan Counties,,WA,2017-02-10,2017-04-10,95,Permanent,https://esd.wa.gov/about-employees/WARN
Hearth and Home Technologies,HEARTH AND HOME,Colville,,WA,2017-02-09,2017-05-18,90,Permanent,https://esd.wa.gov/about-employees/WARN
Charter Communications,CHARTER COMMUNICATIONS,Herndon VA,,VA,2017-02-08,,59,Layoff,https://www.vec.virginia.gov/warn-notices
BAE Systems,BAE SYSTEMS,"Keyport, WA",,WA,2017-01-31,2017-03-31,59,Permanent,https://esd.wa.gov/about-employees/WARN
Aetna Insulated Wire,AETNA INSULATED WIRE,Virginia Beach VA,,VA,2017-01-30,,52,Closure,https://www.vec.virginia.gov/warn-notices
"Kenco Logistic Services, LLC",KENCO LOGISTIC,Robbinsville,,NJ,,2017-01-29,466,,https://www.nj.gov/labor/employer-services/warn/
ABM Healthcare Support Services,ABM HEALTHCARE SUPPORT,Falls Church VA,,VA,2017-01-27,,130,Closure,https://www.vec.virginia.gov/warn-notices
Interim Healthcare,INTERIM HEALTHCARE,Hamilton,,NJ,,2017-01-24,101,,https://www.nj.gov/labor/employer-services/warn/
Glu Mobile Washington Inc.,GLU MOBILE WASHINGTON,"Bellevue, WA",,WA,2017-01-10,2017-03-11,58,Permanent,https://esd.wa.gov/about-employees/WARN
Macy's,MACY'S,Everett,,WA,2017-01-05,2017-03-06,135,Permanent,https://esd.wa.gov/about-employees/WARN
Voicebox Technologies Corporation,VOICEBOX,Bellevue,,WA,2017-01-05,2017-01-05,115,Permanent,https://esd.wa.gov/about-employees/WARN
CACI,CACI,Springfield VA,,VA,2017-01-03,,65,,https://www.vec.virginia.gov/warn-notices
Spectrum Health Systems Inc,SPECTRUM HEALTH SYSTEMS,Nineteen locations across Washington State,,WA,2017-01-03,2016-12-31,79,Permanent,https://esd.wa.gov/about-employees/WARN
Tyco International Management Company,TYCO INTERNATIONAL MANAGEMENT,Princeton,,NJ,,2017-01-02,6,,https://www.nj.gov/labor/employer-services/warn/
"HAIER AMERICA COMPANY, LLC",HAIER AMERICA,WAYNE,,NJ,,2016-12-31,97,,https://www.nj.gov/labor/employer-services/warn/
"Meda Pharmaceuticals, Inc.",MEDA PHARMACEUTICALS,Somerset,,NJ,,2016-12-31,94,,https://www.nj.gov/labor/employer-services/warn/
Delivery Agent Holdings Corporation,DELIVERY AGENT HOLDINGS,Crozrt VA,,VA,2016-12-22,,134,Closure,https://www.vec.virginia.gov/warn-notices
Seattle Sportservice Inc,SEATTLE SPORTSERVICE,Seattle,,WA,2016-12-16,2017-02-14,761,Permanent,https://esd.wa.gov/about-employees/WARN
Volvo Group Trucks Operations,VOLVO GROUP TRUCKS OPERATIONS,Dublin VA,,VA,2016-12-14,,519,Closure,https://www.vec.virginia.gov/warn-notices
Retail Relay (Realy Foods),RETAIL RELAY (REALY FOODS),Charlottesville VA,,VA,2016-12-14,,48,,https://www.vec.virginia.gov/warn-notices
Schenker Inc,SCHENKER,Chesapeake VA,,VA,2016-12-14,,16,,https://www.vec.virginia.gov/warn-notices
The Kane Company,THE KANE,Alexandria & Quantico VA,,VA,2016-12-13,,122,Closure,https://www.vec.virginia.gov/warn-notices
The Kane Company,THE KANE,Hanover VA,,VA,2016-12-13,,105,Closure,https://www.vec.virginia.gov/warn-notices
Martin's,MARTIN'S,Midlothian VA,,VA,2016-12-08,,173,Closure,https://www.vec.virginia.gov/warn-notices
Martin's,MARTIN'S,Colonial Heights VA,,VA,2016-12-08,,183,Closure,https://www.vec.virginia.gov/warn-notices
Martin's,MARTIN'S,Glen Allen VA,,VA,2016-12-08,,161,Closure,https://www.vec.virginia.gov/warn-notices
Martin's,MARTIN'S,Richmond VA,,VA,2016-12-08,,155,Closure,https://www.vec.virginia.gov/warn-notices
Omak Wood Products,OMAK WOOD PRODUCTS,Omak,,WA,2016-12-08,2017-01-29,217,Permanent,https://esd.wa.gov/about-employees/WARN
Tyco International Management Company,TYCO INTERNATIONAL MANAGEMENT,Princeton,,NJ,,2016-12-01,4,,https://www.nj.gov/labor/employer-services/warn/
Quad/Graphics Inc.,QUAD/GRAPHICS,Manassas VA,,VA,2016-12-01,,81,Closure,https://www.vec.virginia.gov/warn-notices
The Home Depot,THE HOME DEPOT,Charles City VA,,VA,2016-12-01,,66,Closure,https://www.vec.virginia.gov/warn-notices
"A Q L Decorating Company, Inc.",A Q L DECORATING,Fairview,,NJ,,2016-11-28,98,,https://www.nj.gov/labor/employer-services/warn/
"Gannett Satellite Information Network, LLC",GANNETT SATELLITE INFORMATION NETWORK,Woodland Park,,NJ,,2016-11-15,426,,https://www.nj.gov/labor/employer-services/warn/
Garco,GARCO,Airway Heights,,WA,2016-11-15,2017-01-14,112,Permanent,https://esd.wa.gov/about-employees/WARN
Intel Corporation,INTEL,DuPont,,WA,2016-11-15,2016-12-31,77,Permanent,https://esd.wa.gov/about-employees/WARN
Merck,MERCK,Kenilworth,,NJ,,2016-11-14,64,,https://www.nj.gov/labor/employer-services/warn/
Airport Terminal Services,AIRPORT TERMINAL,Arlington VA,,VA,2016-11-11,,85,,https://www.vec.virginia.gov/warn-notices
"Aeropostale, Inc.",AEROPOSTALE,Lyndhurst,,NJ,,2016-11-08,105,,https://www.nj.gov/labor/employer-services/warn/
Experience Works Inc.,EXPERIENCE WORKS,Arlington VA,,VA,2016-11-07,,35,,https://www.vec.virginia.gov/warn-notices
Riverside Pace,RIVERSIDE PACE,Hampton VA,,VA,2016-11-07,,96,Closure,https://www.vec.virginia.gov/warn-notices
Riverside Pace,RIVERSIDE PACE,Richmond VA,,VA,2016-11-07,,37,Closure,https://www.vec.virginia.gov/warn-notices
State Farm Mutual Automobile Insurance Company,STATE FARM MUTUAL AUTOMOBILE INSURANCE,Parsippany,,NJ,,2016-10-31,77,,https://www.nj.gov/labor/employer-services/warn/
"Veltri, Inc.",VELTRI,Kearny,,NJ,,2016-10-31,77,,https://www.nj.gov/labor/employer-services/warn/
"Ocean Beauty Seafoods, Inc",OCEAN BEAUTY SEAFOODS,Seattle,,WA,2016-10-31,2016-12-30,69,Permanent,https://esd.wa.gov/about-employees/WARN
Hearthstone Cottages,HEARTHSTONE COTTAGES,Ellensburg,,WA,2016-10-31,2016-11-30,48,Permanent,https://esd.wa.gov/about-employees/WARN
Hearthstone Cottages,HEARTHSTONE COTTAGES,East Wenatchee,,WA,2016-10-31,2016-11-30,36,Permanent,https://esd.wa.gov/about-employees/WARN
Colonial Vista Retirement Centers,COLONIAL VISTA RETIREMENT CENTERS,Wenatchee,,WA,2016-10-31,2016-11-30,70,Permanent,https://esd.wa.gov/about-employees/WARN
Colonial Vista Retirement Centers,COLONIAL VISTA RETIREMENT CENTERS,Wenatchee,,WA,2016-10-31,2016-11-30,149,Permanent,https://esd.wa.gov/about-employees/WARN
Chubb,CHUBB,Salem VA,,VA,2016-10-28,,71,Closure,https://www.vec.virginia.gov/warn-notices
"Healthy Options, LLC",HEALTHY OPTIONS,Wenatchee,,WA,2016-10-28,2017-01-01,66,Permanent,https://esd.wa.gov/about-employees/WARN
NJVC,NJVC,Chantilly VA,,VA,2016-10-18,,46,Closure,https://www.vec.virginia.gov/warn-notices
"Healthways SC, LLC",HEALTHWAYS SC,Bellevue,,WA,2016-10-18,2016-12-31,68,Permanent,https://esd.wa.gov/about-employees/WARN
Boeing,BOEING,Puget Sound,,WA,2016-10-18,2016-12-16,56,Permanent,https://esd.wa.gov/about-employees/WARN
Jorgensen Forge,JORGENSEN FORGE,Tukwila,,WA,2016-10-14,2016-10-31,111,Permanent,https://esd.wa.gov/about-employees/WARN
"Hollander Investments, Inc.",HOLLANDER INVESTMENTS,Everett,,WA,2016-10-12,2016-12-05,84,Temporary,https://esd.wa.gov/about-employees/WARN
I L Mulino,I L MULINO,Atlantic City,,NJ,,2016-10-10,60,,https://www.nj.gov/labor/employer-services/warn/
"Trump Taj Mahal Assoc, LLC",TRUMP TAJ MAHAL ASSOC,Atlantic City,,NJ,,2016-10-10,2848,,https://www.nj.gov/labor/employer-services/warn/
Hard Rock Cafe,HARD ROCK CAFE,Atlantic City,,NJ,,2016-10-05,105,,https://www.nj.gov/labor/employer-services/warn/
"Capital One Investing, LLC",CAPITAL ONE INVESTING,Seattle,,WA,2016-10-03,2016-10-01,239,Permanent,https://esd.wa.gov/about-employees/WARN
"Chanel, Inc",CHANEL,Piscataway,,NJ,,2016-09-30,75,,https://www.nj.gov/labor/employer-services/warn/
"Heyco Products, Inc.",HEYCO PRODUCTS,Toms River,,NJ,,2016-09-30,107,,https://www.nj.gov/labor/employer-services/warn/
"OKI Data Americas, Inc.",OKI DATA AMERICAS,Mt. Laurel,,NJ,,2016-09-30,38,,https://www.nj.gov/labor/employer-services/warn/
"Hanjin Shipping America, LLC",HANJIN SHIPPING AMERICA,Paramus,,NJ,,2016-09-30,127,,https://www.nj.gov/labor/employer-services/warn/
Giant Food Stores (Martin's),GIANT FOOD STORES (MARTIN'S),Richmond & Glen Allen VA,,VA,2016-09-27,,438,Closure,https://www.vec.virginia.gov/warn-notices
"Graham PackagingCompany, L.P.",GRAHAM PACKAGINGCOMPANY L P,Belvidere,,NJ,,2016-09-26,71,,https://www.nj.gov/labor/employer-services/warn/
HDT Global,HDT GLOBAL,Buena Vista VA,,VA,2016-09-26,,74,Closure,https://www.vec.virginia.gov/warn-notices
Spectrum Glass Company,SPECTRUM GLASS,Woodinville,,WA,2016-09-26,2016-11-14,7,Permanent,https://esd.wa.gov/about-employees/WARN
"Qualcomm Atheros, Inc.",QUALCOMM ATHEROS,Red Bank,,NJ,,2016-09-23,76,,https://www.nj.gov/labor/employer-services/warn/
L'Oreal USA,L'OREAL,Redmond & Kent,,WA,2016-09-20,2016-11-21,120,Permanent,https://esd.wa.gov/about-employees/WARN
"Kenco Logistic Services, LLC",KENCO LOGISTIC,Robbinsville,,NJ,,2016-09-18,415,,https://www.nj.gov/labor/employer-services/warn/
Nordson Corporation,NORDSON,Pulaski VA,,VA,2016-09-16,,146,Closure,https://www.vec.virginia.gov/warn-notices
Disney Social Games,DISNEY SOCIAL GAMES,Bellevue,,WA,2016-09-14,2016-12-20,61,Permanent,https://esd.wa.gov/about-employees/WARN
Saks Fifth Avenue,SAKS FIFTH AVENUE,Short Hills,,NJ,,2016-09-10,137,,https://www.nj.gov/labor/employer-services/warn/
Community Development Institute Head Start,COMMUNITY DEVELOPMENT INSTITUTE HEAD START,Newark,,NJ,,2016-08-31,237,,https://www.nj.gov/labor/employer-services/warn/
Jordan Transportation,JORDAN TRANSPORTATION,Parsippany,,NJ,,2016-08-30,81,,https://www.nj.gov/labor/employer-services/warn/
Arrow Electronics Inc.,ARROW ELECTRONICS,Ashland VA,,VA,2016-08-30,,72,Closure,https://www.vec.virginia.gov/warn-notices
Novitex Government Solutions,NOVITEX GOVERNMENT,Sterling VA,,VA,2016-08-29,,55,Closure,https://www.vec.virginia.gov/warn-notices
W.G. Cells,W G CELLS,Bellevue,,WA,2016-08-24,2016-10-22,64,Permanent,https://esd.wa.gov/about-employees/WARN
Boeing,BOEING,Puget Sound,,WA,2016-08-24,2016-10-21,116,Permanent,https://esd.wa.gov/about-employees/WARN
Acuity Brands Lighting,ACUITY BRANDS LIGHTING,Edison,,NJ,,2016-08-16,168,,https://www.nj.gov/labor/employer-services/warn/
IBEX Global,IBEX GLOBAL,Hampton VA,,VA,2016-08-14,,215,Permanent Reduction,https://www.vec.virginia.gov/warn-notices
First Student,FIRST STUDENT,Cologne,,NJ,,2016-08-11,65,,https://www.nj.gov/labor/employer-services/warn/
Inspira Medical Center,INSPIRA MEDICAL CENTER,Millville,,NJ,,2016-08-10,23,,https://www.nj.gov/labor/employer-services/warn/
Inspira Medical Center,INSPIRA MEDICAL CENTER,Bridgeton,,NJ,,2016-08-10,22,,https://www.nj.gov/labor/employer-services/warn/
Sisters of Charity of Saint Elizabeth/Saint Anne Villa,SISTERS OF CHARITY OF SAINT ELIZABETH/SAINT ANNE VILLA,Florham Park,,NJ,,2016-08-01,135,,https://www.nj.gov/labor/employer-services/warn/
Family Promise of Passaic County,FAMILY PROMISE OF PASSAIC COUNTY,Passaic,,NJ,,2016-07-31,5,,https://www.nj.gov/labor/employer-services/warn/
"Hennes and Mauritz, L. P.",HENNES AND MAURITZ L P,North Arlington,,NJ,,2016-07-30,156,,https://www.nj.gov/labor/employer-services/warn/
Sandvik,SANDVIK,Bristol VA,,VA,2016-07-29,,49,Closure,https://www.vec.virginia.gov/warn-notices
Lockheed Martin,LOCKHEED MARTIN,Wallops Island VA,,VA,2016-07-29,,123,Permanent Reduction,https://www.vec.virginia.gov/warn-notices
BB&T,BB T,Richmond VA,,VA,2016-07-27,,61,LayoffPermanent Reduction,https://www.vec.virginia.gov/warn-notices
New York Life Insurance Company,NEW YORK LIFE INSURANCE,Lebanon,,NJ,,2016-07-22,68,,https://www.nj.gov/labor/employer-services/warn/
Spectrum Glass Company,SPECTRUM GLASS,Woodinville,,WA,2016-07-18,2016-09-14,6,Permanent,https://esd.wa.gov/about-employees/WARN
Graphic Packaging,GRAPHIC PACKAGING,Piscataway,,NJ,,2016-07-16,117,,https://www.nj.gov/labor/employer-services/warn/
Trading Company Stores,TRADING STORES,Cheney,,WA,2016-07-13,2016-09-10,53,Permanent,https://esd.wa.gov/about-employees/WARN
Trading Company Stores,TRADING STORES,Spokane Valley,,WA,2016-07-13,2016-09-10,76,Permanent,https://esd.wa.gov/about-employees/WARN
Trading Company Stores,TRADING STORES,Spokane,,WA,2016-07-13,2016-09-10,83,Permanent,https://esd.wa.gov/about-employees/WARN
Triumph Structures-Everett,TRIUMPH STRUCTURES-EVERETT,Everett,,WA,2016-07-11,2016-09-30,99,Permanent,https://esd.wa.gov/about-employees/WARN
VALID USA,VALID,So. Plainfield,,NJ,,2016-07-08,144,,https://www.nj.gov/labor/employer-services/warn/
DCS Facility Services,DCS FACILITY,Statewide,,WA,2016-07-01,2016-08-31,220,Permanent,https://esd.wa.gov/about-employees/WARN
Mother Teresa Regional School,MOTHER TERESA REGIONAL SCHOOL,Atlantic Highlands,,NJ,,2016-06-30,24,,https://www.nj.gov/labor/employer-services/warn/
Precision Motor Transport Group LLC,PRECISION MOTOR TRANSPORT GROUP,Jersey City,,NJ,,2016-06-30,69,,https://www.nj.gov/labor/employer-services/warn/
Unilever United States In,UNILEVER UNITED STATES IN,Englewood Cliffs,,NJ,,2016-06-30,106,,https://www.nj.gov/labor/employer-services/warn/
Meridian Services Group,MERIDIAN GROUP,Hamilton,,NJ,,2016-06-30,97,,https://www.nj.gov/labor/employer-services/warn/
Minerallac,MINERALLAC,Seattle,,WA,2016-06-23,2016-09-01,9,Permanent,https://esd.wa.gov/about-employees/WARN
Virginia Managment Inc.,VIRGINIA MANAGMENT,Alexandria VA,,VA,2016-06-22,,61,Layoff,https://www.vec.virginia.gov/warn-notices
Boeing,BOEING,Puget Sound,,WA,2016-06-22,2016-08-19,99,Permanent,https://esd.wa.gov/about-employees/WARN
Colgate-Palmolive,COLGATE-PALMOLIVE,Morristown,,NJ,,2016-06-15,300,,https://www.nj.gov/labor/employer-services/warn/
Genworth Financial Inc.,GENWORTH FINANCIAL,Richmon & Lynchburg VA,,VA,2016-06-15,,42,,https://www.vec.virginia.gov/warn-notices
Martin's,MARTIN'S,Petersburg VA,,VA,2016-06-14,,65,Closure,https://www.vec.virginia.gov/warn-notices
Martin's,MARTIN'S,Richmond VA,,VA,2016-06-14,,96,Closure,https://www.vec.virginia.gov/warn-notices
Martin's,MARTIN'S,Mechanicsville VA,,VA,2016-06-14,,94,Closure,https://www.vec.virginia.gov/warn-notices
"Sports Authority, Inc. - New Jersey Distribution Center #843",SPORTS AUTHORITY - NEW JERSEY DISTRIBUTION CENTER #843,Burlington,,NJ,,2016-06-10,88,,https://www.nj.gov/labor/employer-services/warn/
HSN,HSN,Roanoke VA,,VA,2016-06-10,,257,Closure,https://www.vec.virginia.gov/warn-notices
Boeing,BOEING,Puget Sound,,WA,2016-06-01,2016-07-22,211,Permanent,https://esd.wa.gov/about-employees/WARN
Forever 21 Retail,FOREVER 21 RETAIL,Tacoma,,WA,2016-05-25,2016-06-22,70,Permanent,https://esd.wa.gov/about-employees/WARN
Olympic Panel Products,OLYMPIC PANEL PRODUCTS,Shelton,,WA,2016-05-23,2016-07-22,217,Permanent,https://esd.wa.gov/about-employees/WARN
Royal Ingredients LLC,ROYAL INGREDIENTS,Swedesboro,,NJ,,2016-05-20,80,,https://www.nj.gov/labor/employer-services/warn/
Broadspectrum,BROADSPECTRUM,Anacortes,,WA,2016-05-20,2016-06-09,57,Permanent,https://esd.wa.gov/about-employees/WARN
Summit Management Company,SUMMIT MANAGEMENT,Winlock,,WA,2016-05-18,2016-07-14,3,Permanent,https://esd.wa.gov/about-employees/WARN
Spectrum Glass Company,SPECTRUM GLASS,Woodinville,,WA,2016-05-18,2016-07-14,124,Permanent,https://esd.wa.gov/about-employees/WARN
CRF Frozen Foods,CRF FROZEN FOODS,Pasco,,WA,2016-05-12,2016-05-03,250,Temporary,https://esd.wa.gov/about-employees/WARN
Washington Closure Hanford,WASHINGTON CLOSURE HANFORD,Richland,,WA,2016-05-10,2016-07-01,435,Permanent,https://esd.wa.gov/about-employees/WARN
Midwesco Filter Resources Inc.,MIDWESCO FILTER RESOURCES,Winchester VA,,VA,2016-05-05,,147,Closure,https://www.vec.virginia.gov/warn-notices
Innovative Buildings Systems LLC,INNOVATIVE BUILDINGS SYSTEMS,Rocky Mount VA,,VA,2016-05-03,,219,Closure,https://www.vec.virginia.gov/warn-notices
"Enclara Health, LLC",ENCLARA HEALTH,West Deptford,,NJ,,2016-05-01,100,,https://www.nj.gov/labor/employer-services/warn/
Cadbury Senior Lifestyles,CADBURY SENIOR LIFESTYLES,Cherry Hill,,NJ,,2016-04-30,255,,https://www.nj.gov/labor/employer-services/warn/
St. Francis Life Care Corporation (dba Franciscan Oaks),ST FRANCIS LIFE CARE (DBA FRANCISCAN OAKS),Denville,,NJ,,2016-04-30,257,,https://www.nj.gov/labor/employer-services/warn/
Inspira Health Network,INSPIRA HEALTH NETWORK,Vineland,,NJ,,2016-04-25,105,,https://www.nj.gov/labor/employer-services/warn/
Cablecraft Motion Controls,CABLECRAFT MOTION CONTROLS,Tacoma,,WA,2016-04-21,2016-06-16,38,Permanent,https://esd.wa.gov/about-employees/WARN
Kmart Corporation,KMART,Lodi,,NJ,,2016-04-17,75,,https://www.nj.gov/labor/employer-services/warn/
"Airway Cleaners, LLC",AIRWAY CLEANERS,Rockville Centre,,NJ,,2016-04-15,81,,https://www.nj.gov/labor/employer-services/warn/
HarrisConnect,HARRISCONNECT,Chesapeake VA,,VA,2016-04-12,,106,Permanent Reduction,https://www.vec.virginia.gov/warn-notices
Southern Season,SOUTHERN SEASON,Richmond VA,,VA,2016-04-08,,115,Closure,https://www.vec.virginia.gov/warn-notices
Pyrotechnique by Grucci Inc. *notice rescinded,PYROTECHNIQUE BY GRUCCI *NOTICE RESCINDED,Radford VA,,VA,2016-04-04,,0,Layoff,https://www.vec.virginia.gov/warn-notices
Cascade Valley Hospital & Clinics,CASCADE VALLEY HOSPITAL CLINICS,Arlington,,WA,2016-04-01,2016-05-31,418,Permanent,https://esd.wa.gov/about-employees/WARN
Xerox Commercial Solutioins,XEROX COMMERCIAL SOLUTIOINS,Kent,,WA,2016-04-01,2016-05-31,98,Permanent,https://esd.wa.gov/about-employees/WARN
The Hertz Corporation,THE HERTZ,Park Ridge,,NJ,,2016-03-31,63,,https://www.nj.gov/labor/employer-services/warn/
Alorica,ALORICA,Norfolk VA,,VA,2016-03-30,,262,,https://www.vec.virginia.gov/warn-notices
CACI Inc,CACI,Norfolk VA,,VA,2016-03-28,,64,Layoff,https://www.vec.virginia.gov/warn-notices
Mycom North America,MYCOM NORTH AMERICA,Redmond,,WA,2016-03-22,2016-03-31,2,Permanent,https://esd.wa.gov/about-employees/WARN
"Reiss Manufacturing, Inc.",REISS MANUFACTURING,Englishtown,,NJ,,2016-03-21,125,,https://www.nj.gov/labor/employer-services/warn/
AEC Narrow Fabrics,AEC NARROW FABRICS,Boykins VA,,VA,2016-03-21,,5,Layoff,https://www.vec.virginia.gov/warn-notices
Hospice of Virginia,HOSPICE OF VIRGINIA,Farmville VA,,VA,2016-03-21,,16,Closure,https://www.vec.virginia.gov/warn-notices
Hospice of Virginia,HOSPICE OF VIRGINIA,Tappahannock VA,,VA,2016-03-20,,18,Closure,https://www.vec.virginia.gov/warn-notices
Hospice of Virginia,HOSPICE OF VIRGINIA,Richmond VA,,VA,2016-03-20,,76,Closure,https://www.vec.virginia.gov/warn-notices
Wells Fargo Home Mortgage Servicing,WELLS FARGO HOME MORTGAGE SERVICING,Vancouver,,WA,2016-03-17,2016-04-03,1,Permanent,https://esd.wa.gov/about-employees/WARN
Sterling Life Insurance Company,STERLING LIFE INSURANCE,Bellingham,,WA,2016-03-16,2016-05-11,55,Permanent,https://esd.wa.gov/about-employees/WARN
Hospice of Virginia,HOSPICE OF VIRGINIA,Newport News VA,,VA,2016-03-15,,5,Closure,https://www.vec.virginia.gov/warn-notices
Haggen Food & Pharmacy,HAGGEN FOOD PHARMACY,Puyallup,,WA,2016-03-11,2016-05-10,78,Permanent,https://esd.wa.gov/about-employees/WARN
Haggen Food & Pharmacy,HAGGEN FOOD PHARMACY,Port Angeles,,WA,2016-03-11,2016-05-10,67,Permanent,https://esd.wa.gov/about-employees/WARN
Sterling Backcheck Company,STERLING BACKCHECK,Winchester VA,,VA,2016-03-09,,83,Closure,https://www.vec.virginia.gov/warn-notices
Haggen Food & Pharmacy,HAGGEN FOOD PHARMACY,Federal Way,,WA,2016-03-09,2016-05-09,71,Permanent,https://esd.wa.gov/about-employees/WARN
Haggen Food & Pharmacy,HAGGEN FOOD PHARMACY,Burien,,WA,2016-03-09,2016-05-09,54,Permanent,https://esd.wa.gov/about-employees/WARN
Locating Inc.,LOCATING,Lakewood,,WA,2016-03-08,2016-05-01,60,Permanent,https://esd.wa.gov/about-employees/WARN
Xerox Commercial Solutioins,XEROX COMMERCIAL SOLUTIOINS,Redmond,,WA,2016-03-07,2016-05-06,325,Permanent,https://esd.wa.gov/about-employees/WARN
Albertson's LLC,ALBERTSON'S,Bellingham,,WA,2016-03-07,2016-05-07,65,Permanent,https://esd.wa.gov/about-employees/WARN
Gannett Publishing Services,GANNETT PUBLISHING,Springfield VA,,VA,2016-03-05,,7,Closure,https://www.vec.virginia.gov/warn-notices
University of Phoenix,UNIVERSITY OF PHOENIX,Seattle,,WA,2016-03-02,2016-04-29,4,Permanent,https://esd.wa.gov/about-employees/WARN
"Apollo Education Group, Inc. (AEG)",APOLLO EDUCATION GROUP (AEG),Seattle,,WA,2016-03-02,2016-04-29,72,Permanent,https://esd.wa.gov/about-employees/WARN
Maslow Media Group,MASLOW MEDIA GROUP,Seattle,,WA,2016-02-26,2016-04-30,8,Permanent,https://esd.wa.gov/about-employees/WARN
Ball North American Metal Beverage Package,BALL NORTH AMERICAN METAL BEVERAGE PACKAGE,Bristol VA,,VA,2016-02-23,,200,Closure,https://www.vec.virginia.gov/warn-notices
"Daiichi Sankyo, Inc.",DAIICHI SANKYO,Parsippany,,NJ,,2016-02-10,24,,https://www.nj.gov/labor/employer-services/warn/
Genworth Financial,GENWORTH FINANCIAL,Richmond & Lynchburg VA,,VA,2016-02-04,,336,,https://www.vec.virginia.gov/warn-notices
Concentrix,CONCENTRIX,Bremerton,,WA,2016-02-03,2016-03-04,520,Permanent,https://esd.wa.gov/about-employees/WARN
Wells Fargo Home Mortgage Servicing,WELLS FARGO HOME MORTGAGE SERVICING,Vancouver,,WA,2016-02-03,2016-04-03,59,Permanent,https://esd.wa.gov/about-employees/WARN
"Cosmetic Esssence, LLS",COSMETIC ESSSENCE LLS,Edison,,NJ,,2016-02-01,100,,https://www.nj.gov/labor/employer-services/warn/
Cardinal Health,CARDINAL HEALTH,Auburn,,WA,2016-02-01,2016-03-31,59,Permanent,https://esd.wa.gov/about-employees/WARN
Sprint,SPRINT,Hampton VA,,VA,2016-01-22,,380,Layoff,https://www.vec.virginia.gov/warn-notices
General Dynamics Mission Systems,GENERAL DYNAMICS MISSION SYSTEMS,Hampton VA,,VA,2016-01-19,,60,,https://www.vec.virginia.gov/warn-notices
BASF Corporation,BASF,Florham Park,,NJ,,2016-01-15,92,,https://www.nj.gov/labor/employer-services/warn/
BAE Systems,BAE SYSTEMS,Norfolk VA,,VA,2016-01-12,,500,,https://www.vec.virginia.gov/warn-notices
Manufacturers and Traders Trust Company (dba,MANUFACTURERS AND TRADERS TRUST (DBA,Buffalo,,NJ,,2016-01-08,366,,https://www.nj.gov/labor/employer-services/warn/
General Dynamics NASSCO-Norfolk,GENERAL DYNAMICS NASSCO-NORFOLK,Norfolk & Portsmouth VA,,VA,2016-01-08,,260,,https://www.vec.virginia.gov/warn-notices
Haggen Food & Pharmacy,HAGGEN FOOD PHARMACY,Puyallup,,WA,2016-01-08,2016-03-08,87,Permanent,https://esd.wa.gov/about-employees/WARN
Nationwide Mutual Insurance Company,NATIONWIDE MUTUAL INSURANCE,Lynchburg VA,,VA,2016-01-07,,85,Closure,https://www.vec.virginia.gov/warn-notices
Macy's,MACY'S,Spokane,,WA,2016-01-07,2016-03-14,94,Permanent,https://esd.wa.gov/about-employees/WARN
Macy's,MACY'S,Norfolk VA,,VA,2016-01-06,,95,Closure,https://www.vec.virginia.gov/warn-notices
Macy's,MACY'S,Hampton VA,,VA,2016-01-06,,109,Closure,https://www.vec.virginia.gov/warn-notices
Macy's,MACY'S,Richmond VA,,VA,2016-01-06,,135,Closure,https://www.vec.virginia.gov/warn-notices
Macy's,MACY'S,Glen Allen VA,,VA,2016-01-06,,81,Closure,https://www.vec.virginia.gov/warn-notices
IDT Corporation,IDT,Piscataway,,NJ,,2016-01-04,84,,https://www.nj.gov/labor/employer-services/warn/
Sykes Enterprises Incorporated,SYKES ENTERPRISES,Vansant VA,,VA,2016-01-04,,184,ClosureLayoff,https://www.vec.virginia.gov/warn-notices
Barnabas Health,BARNABAS HEALTH,West Orange,,NJ,,2015-12-31,700,,https://www.nj.gov/labor/employer-services/warn/
"Haier America Trading, LLC",HAIER AMERICA TRADING,Wayne,,NJ,,2015-12-31,137,,https://www.nj.gov/labor/employer-services/warn/
Pleasants Hardware,PLEASANTS HARDWARE,Richmond VA,,VA,2015-12-29,,95,ClosureLayoff,https://www.vec.virginia.gov/warn-notices
The Great Atlantic and Pacific Tea Company (3),THE GREAT ATLANTIC AND PACIFIC TEA (3),Montvale,,NJ,,2015-12-18,187,,https://www.nj.gov/labor/employer-services/warn/
Hoquiam Plywood Products,HOQUIAM PLYWOOD PRODUCTS,Hoquiam,,WA,2015-12-18,2016-02-15,90,Temporary,https://esd.wa.gov/about-employees/WARN
Omak Wood Products,OMAK WOOD PRODUCTS,Omak,,WA,2015-12-15,2016-02-12,184,Permanent,https://esd.wa.gov/about-employees/WARN
Aramark Sports & Entertainment,ARAMARK SPORTS ENTERTAINMENT,Seattle,,WA,2015-12-10,2015-12-31,78,Permanent,https://esd.wa.gov/about-employees/WARN
SSC Service Solutions,SSC SERVICE,Alexandria VA,,VA,2015-12-09,,71,,https://www.vec.virginia.gov/warn-notices
Alion Science and Technology,ALION SCIENCE AND,Arlington VA,,VA,2015-12-08,,114,,https://www.vec.virginia.gov/warn-notices
Newport News Shipbuilding,NEWPORT NEWS SHIPBUILDING,Newport News VA,,VA,2015-12-03,,741,Permanent Reduction,https://www.vec.virginia.gov/warn-notices
Management & Training Corporation,MANAGEMENT TRAINING,Sedro Woolley,,WA,2015-12-02,2016-01-31,90,Permanent,https://esd.wa.gov/about-employees/WARN
Bishop McCarthy Residence Inc.,BISHOP MCCARTHY RESIDENCE,Vineland,,NJ,,2015-12-01,50,,https://www.nj.gov/labor/employer-services/warn/
Our Lady's Residence,OUR LADY'S RESIDENCE,Pleasantville,,NJ,,2015-12-01,50,,https://www.nj.gov/labor/employer-services/warn/
St. Mary's Catholic Home,ST MARY'S CATHOLIC HOME,Cherry Hill,,NJ,,2015-12-01,50,,https://www.nj.gov/labor/employer-services/warn/
Volvo Group Trucks Operations,VOLVO GROUP TRUCKS OPERATIONS,Dublin VA,,VA,2015-12-01,,734,,https://www.vec.virginia.gov/warn-notices
CACI International Inc.,CACI INTERNATIONAL,Norfolk VA,,VA,2015-11-30,,69,,https://www.vec.virginia.gov/warn-notices
Super Fresh Food Markets-Ocean City,SUPER FRESH FOOD MARKETS-OCEAN CITY,Ocean City,,NJ,,2015-11-26,171,,https://www.nj.gov/labor/employer-services/warn/
Super Fresh-Manahawkin,SUPER FRESH-MANAHAWKIN,Manahawkin,,NJ,,2015-11-26,75,,https://www.nj.gov/labor/employer-services/warn/
TSuper Fresh Food Markets-Wildwood,TSUPER FRESH FOOD MARKETS-WILDWOOD,Wildwood,,NJ,,2015-11-26,138,,https://www.nj.gov/labor/employer-services/warn/
The Great Atlantic & Pacific Tea Co- A&P-Allendale,THE GREAT ATLANTIC PACIFIC TEA - A P-ALLENDALE,Allendale,,NJ,,2015-11-26,104,,https://www.nj.gov/labor/employer-services/warn/
The Great Atlantic & Pacific Tea Co. - A&P-Basking Ridge,THE GREAT ATLANTIC PACIFIC TEA - A P-BASKING RIDGE,Basking Ridge,,NJ,,2015-11-26,66,,https://www.nj.gov/labor/employer-services/warn/
The Great Atlantic & Pacific Tea Co. - A&P-Belvidere,THE GREAT ATLANTIC PACIFIC TEA - A P-BELVIDERE,Belvidere,,NJ,,2015-11-26,64,,https://www.nj.gov/labor/employer-services/warn/
The Great Atlantic & Pacific Tea Co. - A&P-Blairstown,THE GREAT ATLANTIC PACIFIC TEA - A P-BLAIRSTOWN,Blairstown,,NJ,,2015-11-26,102,,https://www.nj.gov/labor/employer-services/warn/
The Great Atlantic & Pacific Tea Co. - A&P-Bloomfield,THE GREAT ATLANTIC PACIFIC TEA - A P-BLOOMFIELD,Bloomfield,,NJ,,2015-11-26,46,,https://www.nj.gov/labor/employer-services/warn/
The Great Atlantic & Pacific Tea Co. - A&P-Boonton Township,THE GREAT ATLANTIC PACIFIC TEA - A P-BOONTON TOWNSHIP,Boonton Township,,NJ,,2015-11-26,99,,https://www.nj.gov/labor/employer-services/warn/
The Great Atlantic & Pacific Tea Co. - A&P-Bricktown,THE GREAT ATLANTIC PACIFIC TEA - A P-BRICKTOWN,Bricktown,,NJ,,2015-11-26,80,,https://www.nj.gov/labor/employer-services/warn/
The Great Atlantic & Pacific Tea Co. - A&P-Califon,THE GREAT ATLANTIC PACIFIC TEA - A P-CALIFON,Califon,,NJ,,2015-11-26,55,,https://www.nj.gov/labor/employer-services/warn/
The Great Atlantic & Pacific Tea Co. - A&P-Clark,THE GREAT ATLANTIC PACIFIC TEA - A P-CLARK,Clark,,NJ,,2015-11-26,125,,https://www.nj.gov/labor/employer-services/warn/
The Great Atlantic & Pacific Tea Co. - A&P-Clinton,THE GREAT ATLANTIC PACIFIC TEA - A P-CLINTON,Clinton,,NJ,,2015-11-26,54,,https://www.nj.gov/labor/employer-services/warn/
The Great Atlantic & Pacific Tea Co. - A&P-Closter,THE GREAT ATLANTIC PACIFIC TEA - A P-CLOSTER,Closter,,NJ,,2015-11-26,92,,https://www.nj.gov/labor/employer-services/warn/
The Great Atlantic & Pacific Tea Co. - A&P-Denville,THE GREAT ATLANTIC PACIFIC TEA - A P-DENVILLE,Denville,,NJ,,2015-11-26,111,,https://www.nj.gov/labor/employer-services/warn/
The Great Atlantic & Pacific Tea Co. - A&P-Edison,THE GREAT ATLANTIC PACIFIC TEA - A P-EDISON,Edison,,NJ,,2015-11-26,72,,https://www.nj.gov/labor/employer-services/warn/
The Great Atlantic & Pacific Tea Co. - A&P-Fairview,THE GREAT ATLANTIC PACIFIC TEA - A P-FAIRVIEW,Fairview,,NJ,,2015-11-26,100,,https://www.nj.gov/labor/employer-services/warn/
The Great Atlantic & Pacific Tea Co. - A&P-Fanwood,THE GREAT ATLANTIC PACIFIC TEA - A P-FANWOOD,Fanwood,,NJ,,2015-11-26,72,,https://www.nj.gov/labor/employer-services/warn/
The Great Atlantic & Pacific Tea Co. - A&P-Fort Lee,THE GREAT ATLANTIC PACIFIC TEA - A P-FORT LEE,Fort Lee,,NJ,,2015-11-26,145,,https://www.nj.gov/labor/employer-services/warn/
The Great Atlantic & Pacific Tea Co. - A&P-Hackettstown,THE GREAT ATLANTIC PACIFIC TEA - A P-HACKETTSTOWN,Hackettstown,,NJ,,2015-11-26,6,,https://www.nj.gov/labor/employer-services/warn/
The Great Atlantic & Pacific Tea Co. - A&P-Haskell,THE GREAT ATLANTIC PACIFIC TEA - A P-HASKELL,Haskell,,NJ,,2015-11-26,7,,https://www.nj.gov/labor/employer-services/warn/
The Great Atlantic & Pacific Tea Co. - A&P-Hewitt,THE GREAT ATLANTIC PACIFIC TEA - A P-HEWITT,Hewitt,,NJ,,2015-11-26,85,,https://www.nj.gov/labor/employer-services/warn/
The Great Atlantic & Pacific Tea Co. - A&P-Hoboken,THE GREAT ATLANTIC PACIFIC TEA - A P-HOBOKEN,Hoboken,,NJ,,2015-11-26,104,,https://www.nj.gov/labor/employer-services/warn/
The Great Atlantic & Pacific Tea Co. - A&P-Jersey City,THE GREAT ATLANTIC PACIFIC TEA - A P-JERSEY CITY,Jersey City,,NJ,,2015-11-26,103,,https://www.nj.gov/labor/employer-services/warn/
The Great Atlantic & Pacific Tea Co. - A&P-Kenilworth,THE GREAT ATLANTIC PACIFIC TEA - A P-KENILWORTH,Kenilworth,,NJ,,2015-11-26,157,,https://www.nj.gov/labor/employer-services/warn/
The Great Atlantic & Pacific Tea Co. - A&P-Ledgewood,THE GREAT ATLANTIC PACIFIC TEA - A P-LEDGEWOOD,Ledgewood,,NJ,,2015-11-26,13,,https://www.nj.gov/labor/employer-services/warn/
The Great Atlantic & Pacific Tea Co. - A&P-Little Silver,THE GREAT ATLANTIC PACIFIC TEA - A P-LITTLE SILVER,Little Silver,,NJ,,2015-11-26,62,,https://www.nj.gov/labor/employer-services/warn/
The Great Atlantic & Pacific Tea Co. - A&P-Mahwah,THE GREAT ATLANTIC PACIFIC TEA - A P-MAHWAH,Mahwah,,NJ,,2015-11-26,138,,https://www.nj.gov/labor/employer-services/warn/
The Great Atlantic & Pacific Tea Co. - A&P-Marlboro,THE GREAT ATLANTIC PACIFIC TEA - A P-MARLBORO,Marlboro,,NJ,,2015-11-26,64,,https://www.nj.gov/labor/employer-services/warn/
The Great Atlantic & Pacific Tea Co. - A&P-Metuchen,THE GREAT ATLANTIC PACIFIC TEA - A P-METUCHEN,Metuchen,,NJ,,2015-11-26,13,,https://www.nj.gov/labor/employer-services/warn/
The Great Atlantic & Pacific Tea Co. - A&P-Midland Park,THE GREAT ATLANTIC PACIFIC TEA - A P-MIDLAND PARK,Midland Park,,NJ,,2015-11-26,162,,https://www.nj.gov/labor/employer-services/warn/
The Great Atlantic & Pacific Tea Co. - A&P-Milltown,THE GREAT ATLANTIC PACIFIC TEA - A P-MILLTOWN,North Brunswick,,NJ,,2015-11-26,103,,https://www.nj.gov/labor/employer-services/warn/
The Great Atlantic & Pacific Tea Co. - A&P-Montclair,THE GREAT ATLANTIC PACIFIC TEA - A P-MONTCLAIR,Montclair,,NJ,,2015-11-26,76,,https://www.nj.gov/labor/employer-services/warn/
The Great Atlantic & Pacific Tea Co. - A&P-Mt Olive,THE GREAT ATLANTIC PACIFIC TEA - A P-MT OLIVE,Mt Olive,,NJ,,2015-11-26,88,,https://www.nj.gov/labor/employer-services/warn/
The Great Atlantic & Pacific Tea Co. - A&P-Navesink,THE GREAT ATLANTIC PACIFIC TEA - A P-NAVESINK,Navesink,,NJ,,2015-11-26,38,,https://www.nj.gov/labor/employer-services/warn/
The Great Atlantic & Pacific Tea Co. - A&P-New Providence,THE GREAT ATLANTIC PACIFIC TEA - A P-NEW PROVIDENCE,New Providence,,NJ,,2015-11-26,102,,https://www.nj.gov/labor/employer-services/warn/
The Great Atlantic & Pacific Tea Co. - A&P-Oak Ridge,THE GREAT ATLANTIC PACIFIC TEA - A P-OAK RIDGE,Oak Ridge,,NJ,,2015-11-26,98,,https://www.nj.gov/labor/employer-services/warn/
The Great Atlantic & Pacific Tea Co. - A&P-Old Bridge,THE GREAT ATLANTIC PACIFIC TEA - A P-OLD BRIDGE,Old Bridge,,NJ,,2015-11-26,116,,https://www.nj.gov/labor/employer-services/warn/
The Great Atlantic & Pacific Tea Co. - A&P-Old Tappan,THE GREAT ATLANTIC PACIFIC TEA - A P-OLD TAPPAN,Old Tappan,,NJ,,2015-11-26,76,,https://www.nj.gov/labor/employer-services/warn/
The Great Atlantic & Pacific Tea Co. - A&P-Ortley Beach,THE GREAT ATLANTIC PACIFIC TEA - A P-ORTLEY BEACH,Ortley Beach,,NJ,,2015-11-26,164,,https://www.nj.gov/labor/employer-services/warn/
The Great Atlantic & Pacific Tea Co. - A&P-Park Ridge,THE GREAT ATLANTIC PACIFIC TEA - A P-PARK RIDGE,Park Ridge,,NJ,,2015-11-26,88,,https://www.nj.gov/labor/employer-services/warn/
The Great Atlantic & Pacific Tea Co. - A&P-Point Pleasant Beach,THE GREAT ATLANTIC PACIFIC TEA - A P-POINT PLEASANT BEACH,Point Pleasant Beach,,NJ,,2015-11-26,13,,https://www.nj.gov/labor/employer-services/warn/
The Great Atlantic & Pacific Tea Co. - A&P-Pompton Lakes,THE GREAT ATLANTIC PACIFIC TEA - A P-POMPTON LAKES,Pompton Lakes,,NJ,,2015-11-26,100,,https://www.nj.gov/labor/employer-services/warn/
The Great Atlantic & Pacific Tea Co. - A&P-Randolph,THE GREAT ATLANTIC PACIFIC TEA - A P-RANDOLPH,Randolph,,NJ,,2015-11-26,87,,https://www.nj.gov/labor/employer-services/warn/
The Great Atlantic & Pacific Tea Co. - A&P-Saddle Brook,THE GREAT ATLANTIC PACIFIC TEA - A P-SADDLE BROOK,Saddle Brook,,NJ,,2015-11-26,97,,https://www.nj.gov/labor/employer-services/warn/
The Great Atlantic & Pacific Tea Co. - A&P-South Plainfield,THE GREAT ATLANTIC PACIFIC TEA - A P-SOUTH PLAINFIELD,South Plainfield,,NJ,,2015-11-26,117,,https://www.nj.gov/labor/employer-services/warn/
The Great Atlantic & Pacific Tea Co. - A&P-Summit,THE GREAT ATLANTIC PACIFIC TEA - A P-SUMMIT,Summit,,NJ,,2015-11-26,10,,https://www.nj.gov/labor/employer-services/warn/
The Great Atlantic & Pacific Tea Co. - A&P-Sussex,THE GREAT ATLANTIC PACIFIC TEA - A P-SUSSEX,Sussex,,NJ,,2015-11-26,107,,https://www.nj.gov/labor/employer-services/warn/
The Great Atlantic & Pacific Tea Co. - A&P-Tinton Falls,THE GREAT ATLANTIC PACIFIC TEA - A P-TINTON FALLS,Tinton Falls,,NJ,,2015-11-26,76,,https://www.nj.gov/labor/employer-services/warn/
The Great Atlantic & Pacific Tea Co. - A&P-Township of Washington,THE GREAT ATLANTIC PACIFIC TEA - A P-TOWNSHIP OF WASHINGTON,Township of Washington,,NJ,,2015-11-26,81,,https://www.nj.gov/labor/employer-services/warn/
The Great Atlantic & Pacific Tea Co. - A&P-Vernon,THE GREAT ATLANTIC PACIFIC TEA - A P-VERNON,Vernon,,NJ,,2015-11-26,122,,https://www.nj.gov/labor/employer-services/warn/
The Great Atlantic & Pacific Tea Co. - A&P-Wall Township,THE GREAT ATLANTIC PACIFIC TEA - A P-WALL TOWNSHIP,Wall Township,,NJ,,2015-11-26,135,,https://www.nj.gov/labor/employer-services/warn/
The Great Atlantic & Pacific Tea Co. - A&P-Warren,THE GREAT ATLANTIC PACIFIC TEA - A P-WARREN,Warren,,NJ,,2015-11-26,82,,https://www.nj.gov/labor/employer-services/warn/
The Great Atlantic & Pacific Tea Co. - A&P-Washington,THE GREAT ATLANTIC PACIFIC TEA - A P-WASHINGTON,Washington,,NJ,,2015-11-26,58,,https://www.nj.gov/labor/employer-services/warn/
The Great Atlantic & Pacific Tea Co. - A&P-Wayne,THE GREAT ATLANTIC PACIFIC TEA - A P-WAYNE,Wayne,,NJ,,2015-11-26,81,,https://www.nj.gov/labor/employer-services/warn/
The Great Atlantic & Pacific Tea Co. - A&P-West New York,THE GREAT ATLANTIC PACIFIC TEA - A P-WEST NEW YORK,West New York,,NJ,,2015-11-26,87,,https://www.nj.gov/labor/employer-services/warn/
The Great Atlantic & Pacific Tea Co. - A&P-Westwood,THE GREAT ATLANTIC PACIFIC TEA - A P-WESTWOOD,Westwood,,NJ,,2015-11-26,12,,https://www.nj.gov/labor/employer-services/warn/
The Great Atlantic & Pacific Tea Co. - A&P-Woodcliff Lake,THE GREAT ATLANTIC PACIFIC TEA - A P-WOODCLIFF LAKE,Woodcliff Lake,,NJ,,2015-11-26,176,,https://www.nj.gov/labor/employer-services/warn/
The Great Atlantic & Pacific Tea Co. - A&P-Woodland Park,THE GREAT ATLANTIC PACIFIC TEA - A P-WOODLAND PARK,Woodland Park,,NJ,,2015-11-26,128,,https://www.nj.gov/labor/employer-services/warn/
The Great Atlantic & Pacific Tea Co. - Food Basics-Belleville,THE GREAT ATLANTIC PACIFIC TEA - FOOD BASICS-BELLEVILLE,Belleville,,NJ,,2015-11-26,73,,https://www.nj.gov/labor/employer-services/warn/
The Great Atlantic & Pacific Tea Co. - Food Basics-Fairview,THE GREAT ATLANTIC PACIFIC TEA - FOOD BASICS-FAIRVIEW,Fairview,,NJ,,2015-11-26,82,,https://www.nj.gov/labor/employer-services/warn/
The Great Atlantic & Pacific Tea Co. - Food Basics-Glen Rock,THE GREAT ATLANTIC PACIFIC TEA - FOOD BASICS-GLEN ROCK,Glen Rock,,NJ,,2015-11-26,67,,https://www.nj.gov/labor/employer-services/warn/
The Great Atlantic & Pacific Tea Co. - Food Basics-North Bergen,THE GREAT ATLANTIC PACIFIC TEA - FOOD BASICS-NORTH BERGEN,North Bergen,,NJ,,2015-11-26,96,,https://www.nj.gov/labor/employer-services/warn/
The Great Atlantic & Pacific Tea Co. - Food Basics-Passaic,THE GREAT ATLANTIC PACIFIC TEA - FOOD BASICS-PASSAIC,Passaic,,NJ,,2015-11-26,63,,https://www.nj.gov/labor/employer-services/warn/
The Great Atlantic & Pacific Tea Co. - Food Basics-Paterson,THE GREAT ATLANTIC PACIFIC TEA - FOOD BASICS-PATERSON,Paterson,,NJ,,2015-11-26,81,,https://www.nj.gov/labor/employer-services/warn/
The Great Atlantic & Pacific Tea Co. - Food Basics-Paterson,THE GREAT ATLANTIC PACIFIC TEA - FOOD BASICS-PATERSON,Paterson,,NJ,,2015-11-26,101,,https://www.nj.gov/labor/employer-services/warn/
The Great Atlantic & Pacific Tea Co. - Pathmark-Avenel,THE GREAT ATLANTIC PACIFIC TEA - PATHMARK-AVENEL,Avenel,,NJ,,2015-11-26,86,,https://www.nj.gov/labor/employer-services/warn/
The Great Atlantic & Pacific Tea Co. - Pathmark-Bergenfield,THE GREAT ATLANTIC PACIFIC TEA - PATHMARK-BERGENFIELD,Bergenfield,,NJ,,2015-11-26,132,,https://www.nj.gov/labor/employer-services/warn/
The Great Atlantic & Pacific Tea Co. - Pathmark-Bricktown,THE GREAT ATLANTIC PACIFIC TEA - PATHMARK-BRICKTOWN,Bricktown,,NJ,,2015-11-26,101,,https://www.nj.gov/labor/employer-services/warn/
The Great Atlantic & Pacific Tea Co. - Pathmark-Edgewater,THE GREAT ATLANTIC PACIFIC TEA - PATHMARK-EDGEWATER,Edgewater,,NJ,,2015-11-26,160,,https://www.nj.gov/labor/employer-services/warn/
The Great Atlantic & Pacific Tea Co. - Pathmark-Elmwood Park,THE GREAT ATLANTIC PACIFIC TEA - PATHMARK-ELMWOOD PARK,Elmwood Park,,NJ,,2015-11-26,121,,https://www.nj.gov/labor/employer-services/warn/
The Great Atlantic & Pacific Tea Co. - Pathmark-Fairlawn,THE GREAT ATLANTIC PACIFIC TEA - PATHMARK-FAIRLAWN,Fairlawn,,NJ,,2015-11-26,101,,https://www.nj.gov/labor/employer-services/warn/
The Great Atlantic & Pacific Tea Co. - Pathmark-Garwood,THE GREAT ATLANTIC PACIFIC TEA - PATHMARK-GARWOOD,Garwood,,NJ,,2015-11-26,98,,https://www.nj.gov/labor/employer-services/warn/
The Great Atlantic & Pacific Tea Co. - Pathmark-Hackensack,THE GREAT ATLANTIC PACIFIC TEA - PATHMARK-HACKENSACK,Hackensack,,NJ,,2015-11-26,86,,https://www.nj.gov/labor/employer-services/warn/
The Great Atlantic & Pacific Tea Co. - Pathmark-Hazlet,THE GREAT ATLANTIC PACIFIC TEA - PATHMARK-HAZLET,Hazlet,,NJ,,2015-11-26,82,,https://www.nj.gov/labor/employer-services/warn/
The Great Atlantic & Pacific Tea Co. - Pathmark-Hopelawn,THE GREAT ATLANTIC PACIFIC TEA - PATHMARK-HOPELAWN,Hopelawn,,NJ,,2015-11-26,82,,https://www.nj.gov/labor/employer-services/warn/
The Great Atlantic & Pacific Tea Co. - Pathmark-Irvington,THE GREAT ATLANTIC PACIFIC TEA - PATHMARK-IRVINGTON,Irvington,,NJ,,2015-11-26,145,,https://www.nj.gov/labor/employer-services/warn/
The Great Atlantic & Pacific Tea Co. - Pathmark-Jersey City,THE GREAT ATLANTIC PACIFIC TEA - PATHMARK-JERSEY CITY,Jersey City,,NJ,,2015-11-26,155,,https://www.nj.gov/labor/employer-services/warn/
The Great Atlantic & Pacific Tea Co. - Pathmark-Jersey City,THE GREAT ATLANTIC PACIFIC TEA - PATHMARK-JERSEY CITY,Jersey City,,NJ,,2015-11-26,99,,https://www.nj.gov/labor/employer-services/warn/
The Great Atlantic & Pacific Tea Co. - Pathmark-Kinnelon,THE GREAT ATLANTIC PACIFIC TEA - PATHMARK-KINNELON,Kinnelon,,NJ,,2015-11-26,108,,https://www.nj.gov/labor/employer-services/warn/
The Great Atlantic & Pacific Tea Co. - Pathmark-Lake Hopatcong,THE GREAT ATLANTIC PACIFIC TEA - PATHMARK-LAKE HOPATCONG,Lake Hopatcong,,NJ,,2015-11-26,86,,https://www.nj.gov/labor/employer-services/warn/
The Great Atlantic & Pacific Tea Co. - Pathmark-Ramsey,THE GREAT ATLANTIC PACIFIC TEA - PATHMARK-RAMSEY,Ramsey,,NJ,,2015-11-26,87,,https://www.nj.gov/labor/employer-services/warn/
The Great Atlantic & Pacific Tea Co. - Pathmark-South Orange,THE GREAT ATLANTIC PACIFIC TEA - PATHMARK-SOUTH ORANGE,South Orange,,NJ,,2015-11-26,119,,https://www.nj.gov/labor/employer-services/warn/
The Great Atlantic & Pacific Tea Co. - Pathmark-Ventnor,THE GREAT ATLANTIC PACIFIC TEA - PATHMARK-VENTNOR,Ventnor,,NJ,,2015-11-26,125,,https://www.nj.gov/labor/employer-services/warn/
The Great Atlantic & Pacific Tea Co. - Pathmark-Weehawken,THE GREAT ATLANTIC PACIFIC TEA - PATHMARK-WEEHAWKEN,Weehawken,,NJ,,2015-11-26,124,,https://www.nj.gov/labor/employer-services/warn/
The Great Atlantic & Pacific Tea Co. -Pathmark-Elizabeth,THE GREAT ATLANTIC PACIFIC TEA -PATHMARK-ELIZABETH,Elizabeth,,NJ,,2015-11-26,76,,https://www.nj.gov/labor/employer-services/warn/
The Great Atlantic & Pacific Tea Co. -Pathmark-Garwood,THE GREAT ATLANTIC PACIFIC TEA -PATHMARK-GARWOOD,Garwood,,NJ,,2015-11-26,98,,https://www.nj.gov/labor/employer-services/warn/
The Great Atlantic & Pacific Tea Co. -Pathmark-Landing,THE GREAT ATLANTIC PACIFIC TEA -PATHMARK-LANDING,Landing,,NJ,,2015-11-26,79,,https://www.nj.gov/labor/employer-services/warn/
The Great Atlantic & Pacific Tea Co. -Pathmark-Middlesex,THE GREAT ATLANTIC PACIFIC TEA -PATHMARK-MIDDLESEX,Middlesex,,NJ,,2015-11-26,82,,https://www.nj.gov/labor/employer-services/warn/
The Great Atlantic & Pacific Tea Co. -Pathmark-Montclair,THE GREAT ATLANTIC PACIFIC TEA -PATHMARK-MONTCLAIR,Montclair,,NJ,,2015-11-26,106,,https://www.nj.gov/labor/employer-services/warn/
The Great Atlantic & Pacific Tea Co. -Pathmark-Newark,THE GREAT ATLANTIC PACIFIC TEA -PATHMARK-NEWARK,Newark,,NJ,,2015-11-26,128,,https://www.nj.gov/labor/employer-services/warn/
The Great Atlantic & Pacific Tea Co. -Pathmark-Palisades Park,THE GREAT ATLANTIC PACIFIC TEA -PATHMARK-PALISADES PARK,Palisades Park,,NJ,,2015-11-26,8,,https://www.nj.gov/labor/employer-services/warn/
The Great Atlantic & Pacific Tea Co. -Pathmark-Parsippany,THE GREAT ATLANTIC PACIFIC TEA -PATHMARK-PARSIPPANY,Parsippany,,NJ,,2015-11-26,84,,https://www.nj.gov/labor/employer-services/warn/
The Great Atlantic & Pacific Tea Co.-Pathmark-Newark,THE GREAT ATLANTIC PACIFIC TEA -PATHMARK-NEWARK,Newark,,NJ,,2015-11-26,124,,https://www.nj.gov/labor/employer-services/warn/
PAREXEL International,PAREXEL INTERNATIONAL,Centreville VA,,VA,2015-11-24,,48,Permanent Reduction,https://www.vec.virginia.gov/warn-notices
Mitisubishi Kagaku Imaging Corporation (MKIC),MITISUBISHI KAGAKU IMAGING (MKIC),Chesapeake VA,,VA,2015-11-24,,83,,https://www.vec.virginia.gov/warn-notices
JACO Environmental,JACO ENVIRONMENTAL,Bothell/Everett,,WA,2015-11-24,2015-11-23,154,Permanent,https://esd.wa.gov/about-employees/WARN
"The Great Atlantic and Pacific Tea Company, Inc. (2)",THE GREAT ATLANTIC AND PACIFIC TEA (2),Montvale,,NJ,,2015-11-23,319,,https://www.nj.gov/labor/employer-services/warn/
Serco Inc.,SERCO,Virginia Beach VA,,VA,2015-11-19,,44,,https://www.vec.virginia.gov/warn-notices
Home Retention Services Inc.,HOME RETENTION,Chesapeake VA,,VA,2015-11-19,,255,Closure,https://www.vec.virginia.gov/warn-notices
Alcoa Intalco Works,ALCOA INTALCO WORKS,Ferndale,,WA,2015-11-19,2016-01-18,465,Temporary,https://esd.wa.gov/about-employees/WARN
Range Resources-Pine Mountain Inc.,RANGE RESOURCES-PINE MOUNTAIN,"Abingdon, Clintwood & Haysi VA",,VA,2015-11-09,,158,,https://www.vec.virginia.gov/warn-notices
Alcoa Inc.,ALCOA,Malaga,,WA,2015-11-09,2016-01-05,415,Temporary,https://esd.wa.gov/about-employees/WARN
Raytheon Intelligence Information & Services,RAYTHEON INTELLIGENCE INFORMATION,Norfolk VA,,VA,2015-11-05,,92,,https://www.vec.virginia.gov/warn-notices
Coperion Ktron,COPERION KTRON,Ramsey,,NJ,,2015-10-31,34,,https://www.nj.gov/labor/employer-services/warn/
MetLife,METLIFE,Somerset,,NJ,,2015-10-31,136,,https://www.nj.gov/labor/employer-services/warn/
Cumberland River Coal Company,CUMBERLAND RIVER COAL,Appalachia VA,,VA,2015-10-30,,8,Permanent Reduction,https://www.vec.virginia.gov/warn-notices
"Pathmark Stores, Inc and Blair Distributors",PATHMARK STORES AND BLAIR DISTRIBUTORS,Edison,,NJ,,2015-10-27,168,,https://www.nj.gov/labor/employer-services/warn/
Jacobs Technology Inc.,JACOBS,Fairfax VA,,VA,2015-10-27,,146,,https://www.vec.virginia.gov/warn-notices
"The Great Atlantic & Pacific Team Company, Inc.",THE GREAT ATLANTIC PACIFIC TEAM,Montvale,,NJ,,2015-10-21,144,,https://www.nj.gov/labor/employer-services/warn/
CH2M,CH2M,Bellingham,,WA,2015-10-20,2015-12-07,128,Permanent,https://esd.wa.gov/about-employees/WARN
"Lundbeck Research USA, Inc.",LUNDBECK RESEARCH,Paramus,,NJ,,2015-10-19,68,,https://www.nj.gov/labor/employer-services/warn/
Saint Michael's Medical Center,SAINT MICHAEL'S MEDICAL CENTER,Newark,,NJ,,2015-10-09,1445,,https://www.nj.gov/labor/employer-services/warn/
Graphic Packaging,GRAPHIC PACKAGING,Renton,,WA,2015-10-08,2015-12-03,108,Permanent,https://esd.wa.gov/about-employees/WARN
Gannett Publishing Services,GANNETT PUBLISHING,Springfield VA,,VA,2015-10-06,,250,Closure,https://www.vec.virginia.gov/warn-notices
Argix Logistics,ARGIX LOGISTICS,Jamesburg,,NJ,,2015-10-05,164,,https://www.nj.gov/labor/employer-services/warn/
Kmart Corporation,KMART,Vineland,,NJ,,2015-10-04,74,,https://www.nj.gov/labor/employer-services/warn/
Post Foods,POST FOODS,Parsippany,,NJ,,2015-09-30,48,,https://www.nj.gov/labor/employer-services/warn/
Haggen Food & Pharmacy,HAGGEN FOOD PHARMACY,Statewide,,WA,2015-09-25,2015-11-24,1073,Permanent,https://esd.wa.gov/about-employees/WARN
Home Retention Services Inc.,HOME RETENTION,Chesapeake VA,,VA,2015-09-23,,255,Closure,https://www.vec.virginia.gov/warn-notices
CH2M,CH2M,Bellingham,,WA,2015-09-23,2015-11-20,128,Permanent,https://esd.wa.gov/about-employees/WARN
"Textiles from Europe, Inc. d/b/a Victoria Classics",TEXTILES FROM EUROPE D/B/A VICTORIA CLASSICS,Edison,,NJ,,2015-09-21,14,,https://www.nj.gov/labor/employer-services/warn/
Alpha Natural Resources,ALPHA NATURAL RESOURCES,Clintwood & Nora VA,,VA,2015-09-21,,527,Closure,https://www.vec.virginia.gov/warn-notices
BAE Systems,BAE SYSTEMS,Norfolk VA,,VA,2015-09-21,,1512,Permanent Reduction,https://www.vec.virginia.gov/warn-notices
Great Atlantic & Pacific Tea Co. - Pathmark,GREAT ATLANTIC PACIFIC TEA - PATHMARK,Edison,,NJ,,2015-09-19,101,,https://www.nj.gov/labor/employer-services/warn/
The Great Atlantic & Pacifi Tea Company - Pathmark,THE GREAT ATLANTIC PACIFI TEA - PATHMARK,Old Bridge,,NJ,,2015-09-19,95,,https://www.nj.gov/labor/employer-services/warn/
The Great Atlantic & Pacific Tea Co. - Pathmark,THE GREAT ATLANTIC PACIFIC TEA - PATHMARK,Toms River,,NJ,,2015-09-19,121,,https://www.nj.gov/labor/employer-services/warn/
"The Great Atlantic & Pacific Tea Co., -Pathmark",THE GREAT ATLANTIC PACIFIC TEA -PATHMARK,Belleville,,NJ,,2015-09-19,113,,https://www.nj.gov/labor/employer-services/warn/
The Great Atlantic & Pacific Tea Company - A & P,THE GREAT ATLANTIC PACIFIC TEA - A P,Holmdel,,NJ,,2015-09-19,87,,https://www.nj.gov/labor/employer-services/warn/
The Great Atlantic & Pacific Tea Company - Pathmark,THE GREAT ATLANTIC PACIFIC TEA - PATHMARK,Linden,,NJ,,2015-09-19,120,,https://www.nj.gov/labor/employer-services/warn/
The Great Atlantic & Pacific Tea Company - Pathmark,THE GREAT ATLANTIC PACIFIC TEA - PATHMARK,Clifton,,NJ,,2015-09-19,125,,https://www.nj.gov/labor/employer-services/warn/
The Great Atlantic & Pacific Tea Company - Pathmark,THE GREAT ATLANTIC PACIFIC TEA - PATHMARK,East Brunswick,,NJ,,2015-09-19,105,,https://www.nj.gov/labor/employer-services/warn/
"Avis Budget Car Rental, LLC",AVIS BUDGET CAR RENTAL,Parsippany,,NJ,,2015-09-01,17,,https://www.nj.gov/labor/employer-services/warn/
First Student,FIRST STUDENT,Trenton,,NJ,,2015-09-01,135,,https://www.nj.gov/labor/employer-services/warn/
Frutarom,FRUTAROM,North Bergen,,NJ,,2015-08-31,50,,https://www.nj.gov/labor/employer-services/warn/
Sodex,SODEX,Petersburg VA,,VA,2015-08-31,,66,Closure,https://www.vec.virginia.gov/warn-notices
Dale and Thomas Popcorn,DALE AND THOMAS POPCORN,Englewood,,NJ,,2015-08-28,53,,https://www.nj.gov/labor/employer-services/warn/
Red Lion Hotel,RED LION HOTEL,Vancouver,,WA,2015-08-26,2015-10-31,82,Permanent,https://esd.wa.gov/about-employees/WARN
"Zucker, Goldberg and Ackerman, LLC",ZUCKER GOLDBERG AND ACKERMAN,Mountainside,,NJ,,2015-08-24,289,,https://www.nj.gov/labor/employer-services/warn/
HTC America,HTC AMERICA,Bellevue,,WA,2015-08-24,2015-08-25,85,Permanent,https://esd.wa.gov/about-employees/WARN
Boeing,BOEING,Puget Sound,,WA,2015-08-24,2015-10-23,39,Permanent,https://esd.wa.gov/about-employees/WARN
Interfor,INTERFOR,Tacoma,,WA,2015-08-24,2015-08-24,127,Permanent,https://esd.wa.gov/about-employees/WARN
Gold Key Hotels & Resorts,GOLD KEY HOTELS RESORTS,Virginia Beach VA,,VA,2015-08-17,,1000,,https://www.vec.virginia.gov/warn-notices
Haggen Food & Pharmacy,HAGGEN FOOD PHARMACY,Spanaway,,WA,2015-08-14,2015-10-13,62,Permanent,https://esd.wa.gov/about-employees/WARN
The Wilburn Company,THE WILBURN,Springfield VA,,VA,2015-08-13,,108,,https://www.vec.virginia.gov/warn-notices
"Zoetis, Inc.",ZOETIS,Florham Park,,NJ,,2015-08-11,165,,https://www.nj.gov/labor/employer-services/warn/
HTC America,HTC AMERICA,Bellevue,,WA,2015-08-10,2015-08-10,23,Permanent,https://esd.wa.gov/about-employees/WARN
HTC America Innovation,HTC AMERICA INNOVATION,Seattle,,WA,2015-08-10,2015-08-10,24,Permanent,https://esd.wa.gov/about-employees/WARN
Kmart Corporation,KMART,Closter,,NJ,,2015-08-08,102,,https://www.nj.gov/labor/employer-services/warn/
Red Bank Acquisition 1 LLC DBA Chapin Hill @ Red Bank,RED BANK ACQUISITION 1 DBA CHAPIN HILL @ RED BANK,Red Bank,,NJ,,2015-08-01,0,,https://www.nj.gov/labor/employer-services/warn/
"Johnson Controls, Inc.",JOHNSON CONTROLS,Princeton,,NJ,,2015-07-31,56,,https://www.nj.gov/labor/employer-services/warn/
"Johnson Controls, Inc.",JOHNSON CONTROLS,Princeton,,NJ,,2015-07-31,32,,https://www.nj.gov/labor/employer-services/warn/
"Johnson Controls, Inc.",JOHNSON CONTROLS,Bloomsbury,,NJ,,2015-07-31,11,,https://www.nj.gov/labor/employer-services/warn/
"Johnson Controls, Inc.",JOHNSON CONTROLS,Plainsboro,,NJ,,2015-07-31,17,,https://www.nj.gov/labor/employer-services/warn/
"Johnson Controls, Inc.",JOHNSON CONTROLS,New Brunswick,,NJ,,2015-07-31,111,,https://www.nj.gov/labor/employer-services/warn/
"Johnson Controls, Inc.",JOHNSON CONTROLS,Pennington,,NJ,,2015-07-31,83,,https://www.nj.gov/labor/employer-services/warn/
Printpack Inc.,PRINTPACK,Fredericksburg VA,,VA,2015-07-31,,155,Closure,https://www.vec.virginia.gov/warn-notices
Raytheon,RAYTHEON,Springfield VA,,VA,2015-07-29,,54,Permanent Reduction,https://www.vec.virginia.gov/warn-notices
Gerresheimer Glass Inc.,GERRESHEIMER GLASS,Millville,,NJ,,2015-07-27,130,,https://www.nj.gov/labor/employer-services/warn/
Gerresheimer Glass Inc.,GERRESHEIMER GLASS,Millville,,NJ,,2015-07-27,14,,https://www.nj.gov/labor/employer-services/warn/
Boeing,BOEING,Puget Sound,,WA,2015-07-22,2015-09-18,172,Permanent,https://esd.wa.gov/about-employees/WARN
Hertz Transporting Inc.,HERTZ TRANSPORTING,Arlington VA,,VA,2015-07-21,,116,Layoff,https://www.vec.virginia.gov/warn-notices
NADA Retirement Administrators Inc.,NADA RETIREMENT ADMINISTRATORS,McLean VA,,VA,2015-07-15,,67,Layoff,https://www.vec.virginia.gov/warn-notices
Mount Baker Vapor,MOUNT BAKER VAPOR,Bellingham,,WA,2015-07-13,2015-09-15,92,Permanent,https://esd.wa.gov/about-employees/WARN
Blair Road Haulage LLC,BLAIR ROAD HAULAGE,Avenel,,NJ,,2015-07-12,22,,https://www.nj.gov/labor/employer-services/warn/
Blair Road Logistics LLC,BLAIR ROAD LOGISTICS,Avenel,,NJ,,2015-07-12,85,,https://www.nj.gov/labor/employer-services/warn/
Middlesex Avenue Haulage LLC,MIDDLESEX AVENUE HAULAGE,Carteret,,NJ,,2015-07-12,45,,https://www.nj.gov/labor/employer-services/warn/
"Middlesex Avenue Logistics, LLC",MIDDLESEX AVENUE LOGISTICS,Carteret,,NJ,,2015-07-12,364,,https://www.nj.gov/labor/employer-services/warn/
Port Carteret Drive Logistics LLC,PORT CARTERET DRIVE LOGISTICS,Carteret,,NJ,,2015-07-12,81,,https://www.nj.gov/labor/employer-services/warn/
Alpha Natural Resources,ALPHA NATURAL RESOURCES,Appalachia VA,,VA,2015-07-08,,165,Layoff,https://www.vec.virginia.gov/warn-notices
Sodexo Dining Services,SODEXO DINING,Hoboken,,NJ,,2015-07-01,116,,https://www.nj.gov/labor/employer-services/warn/
Mater Dei Prep,MATER DEI PREP,Middletown,,NJ,,2015-06-30,46,,https://www.nj.gov/labor/employer-services/warn/
"Mercedes-Benz USA, LLC",MERCEDES-BENZ,Montvale,,NJ,,2015-06-30,259,,https://www.nj.gov/labor/employer-services/warn/
Saint Clare's Health Services,SAINT CLARE'S HEALTH,Denville,,NJ,,2015-06-30,2511,,https://www.nj.gov/labor/employer-services/warn/
Sodexo,SODEXO,Snohomish,,WA,2015-06-30,2015-08-31,63,Permanent,https://esd.wa.gov/about-employees/WARN
Parsons Technical Services Inc.,PARSONS TECHNICAL,Springfield & Newington VA,,VA,2015-06-25,,100,,https://www.vec.virginia.gov/warn-notices
Buccaneer Computer Systems & Services INC.,BUCCANEER COMPUTER SYSTEMS,Warrenton VA,,VA,2015-06-25,,137,Layoff,https://www.vec.virginia.gov/warn-notices
Boeing,BOEING,Puget Sound,,WA,2015-06-22,2015-08-21,23,Permanent,https://esd.wa.gov/about-employees/WARN
"Airway Cleaners, LLC",AIRWAY CLEANERS,New York,,NJ,,2015-06-17,72,,https://www.nj.gov/labor/employer-services/warn/
Bags,BAGS,Seattle,,WA,2015-06-17,2015-08-14,190,Permanent,https://esd.wa.gov/about-employees/WARN
"Ginsburg Bakery, Inc.",GINSBURG BAKERY,Atlantic City,,NJ,,2015-06-12,159,,https://www.nj.gov/labor/employer-services/warn/
GENCO Installation Support Services,GENCO INSTALLATION SUPPORT,Fort Lee VA,,VA,2015-06-12,,85,Closure,https://www.vec.virginia.gov/warn-notices
Boeing,BOEING,Puget Sound,,WA,2015-06-11,2015-07-14,18,Permanent,https://esd.wa.gov/about-employees/WARN
Eisai Inc.,EISAI,Woodcliff Lake,,NJ,,2015-06-09,153,,https://www.nj.gov/labor/employer-services/warn/
Continuum Health Alliance,CONTINUUM HEALTH ALLIANCE,Marlton,,NJ,,2015-06-05,88,,https://www.nj.gov/labor/employer-services/warn/
Freshcut Produce,FRESHCUT PRODUCE,Newark,,NJ,,2015-06-01,100,,https://www.nj.gov/labor/employer-services/warn/
Frutarom,FRUTAROM,Branchburg,,NJ,,2015-05-31,24,,https://www.nj.gov/labor/employer-services/warn/
Avis Budget Group,AVIS BUDGET GROUP,Virginia Beach VA,,VA,2015-05-29,,146,Closure,https://www.vec.virginia.gov/warn-notices
Interfor,INTERFOR,Tacoma,,WA,2015-05-28,2015-05-22,90,Temporary,https://esd.wa.gov/about-employees/WARN
Bayshore Concrete Products Corporation,BAYSHORE CONCRETE PRODUCTS,Cape Charles VA,,VA,2015-05-19,,81,Closure,https://www.vec.virginia.gov/warn-notices
"GlaxoSmithKline Consumer Healthcare, LP",GLAXOSMITHKLINE CONSUMER HEALTHCARE,Parsippany,,NJ,,2015-05-01,350,,https://www.nj.gov/labor/employer-services/warn/
Kmart,KMART,Hoffman Estates IL,,VA,2015-04-29,,82,Closure,https://www.vec.virginia.gov/warn-notices
Emeritus Senior Living,EMERITUS SENIOR LIVING,Seattle,,WA,2015-04-27,2015-06-24,10,Permanent,https://esd.wa.gov/about-employees/WARN
Golden Nugget Tukwila Casino,GOLDEN NUGGET TUKWILA CASINO,Tukwila,,WA,2015-04-27,2015-06-26,69,Permanent,https://esd.wa.gov/about-employees/WARN
Simpson Lumber Company,SIMPSON LUMBER,Shelton,,WA,2015-04-27,2015-06-25,275,Permanent,https://esd.wa.gov/about-employees/WARN
"Schwan Cosmetics USA, Inc.",SCHWAN COSMETICS,Piscataway,,NJ,,2015-04-24,111,,https://www.nj.gov/labor/employer-services/warn/
Carpenter Company,CARPENTER,Richmond VA,,VA,2015-04-23,,55,Layoff,https://www.vec.virginia.gov/warn-notices
Boeing,BOEING,Puget Sound,,WA,2015-04-23,2015-06-19,153,Permanent,https://esd.wa.gov/about-employees/WARN
Hard Rock Cafe,HARD ROCK CAFE,Atlantic City,,NJ,,2015-04-22,73,,https://www.nj.gov/labor/employer-services/warn/
Raytheon Intelligence Information and Services,RAYTHEON INTELLIGENCE INFORMATION AND,Springfield VA,,VA,2015-04-15,,59,Closure,https://www.vec.virginia.gov/warn-notices
CB&I Maintenance Inc.,CB I MAINTENANCE,Hopewell VA,,VA,2015-04-07,,148,Layoff,https://www.vec.virginia.gov/warn-notices
Wyle-Aerospace Group,WYLE-AEROSPACE GROUP,Arlington VA,,VA,2015-04-06,,67,Closure,https://www.vec.virginia.gov/warn-notices
New Jersey Sports & Exposition Authority - IZOD CENTER,NEW JERSEY SPORTS EXPOSITION AUTHORITY - IZOD CENTER,East Rutherford,,NJ,,2015-04-03,1400,,https://www.nj.gov/labor/employer-services/warn/
Federal Home Loan Bank,FEDERAL HOME LOAN BANK,Seattle,,WA,2015-04-02,2015-06-01,109,Permanent,https://esd.wa.gov/about-employees/WARN
Aramark,ARAMARK,Philadelphia,,NJ,,2015-03-31,339,,https://www.nj.gov/labor/employer-services/warn/
Parsons,PARSONS,Springfield & Newington VA,,VA,2015-03-30,,100,,https://www.vec.virginia.gov/warn-notices
Dale and Thomas Growers LLC,DALE AND THOMAS GROWERS,Englewood,,NJ,,2015-03-27,56,,https://www.nj.gov/labor/employer-services/warn/
Norfolk Southern Corporation-NS,NORFOLK SOUTHERN -NS,Roanoke VA,,VA,2015-03-27,,426,Closure,https://www.vec.virginia.gov/warn-notices
Sweet Briar College,SWEET BRIAR COLLEGE,Sweet Briar VA,,VA,2015-03-26,,344,Closure,https://www.vec.virginia.gov/warn-notices
"Macy's Inc., Ledgewood Mall Store",MACY'S LEDGEWOOD MALL STORE,Ledgewood,,NJ,,2015-03-21,79,,https://www.nj.gov/labor/employer-services/warn/
Merck - Branchburg,MERCK - BRANCHBURG,Branchburg,,NJ,,2015-03-16,172,,https://www.nj.gov/labor/employer-services/warn/
AT&T Corporation,AT T,Norton VA,,VA,2015-03-16,,62,Closure,https://www.vec.virginia.gov/warn-notices
"Vira Manufacturing Company, LLC",VIRA MANUFACTURING,Perth Amboy,,NJ,,2015-03-13,148,,https://www.nj.gov/labor/employer-services/warn/
Riverside Pace,RIVERSIDE PACE,Richmond VA,,VA,2015-03-12,,90,Closure,https://www.vec.virginia.gov/warn-notices
New Jersey Sports & Exposition Authority,NEW JERSEY SPORTS EXPOSITION AUTHORITY,East Rutherford,,NJ,,2015-03-09,1100,,https://www.nj.gov/labor/employer-services/warn/
Triumph Composite Systems,TRIUMPH COMPOSITE SYSTEMS,Spokane,,WA,2015-03-09,2015-05-11,25,Permanent,https://esd.wa.gov/about-employees/WARN
United,UNITED,Richmond VA,,VA,2015-03-06,,64,Layoff,https://www.vec.virginia.gov/warn-notices
Valeant Pharmaceuticals,VALEANT PHARMACEUTICALS,Seattle,,WA,2015-03-02,2015-02-23,77,Permanent,https://esd.wa.gov/about-employees/WARN
"Liberty House Nursing Home of Jersey City, Inc.",LIBERTY HOUSE NURSING HOME OF JERSEY CITY,Jersey City,,NJ,,2015-03-01,162,,https://www.nj.gov/labor/employer-services/warn/
Riverside PACE,RIVERSIDE PACE,Petersburg VA,,VA,2015-02-27,,67,Closure,https://www.vec.virginia.gov/warn-notices
Office Depot Inc.,OFFICE DEPOT,Bristol VA,,VA,2015-02-26,,143,,https://www.vec.virginia.gov/warn-notices
Kids R Kids,KIDS R KIDS,Midlothian VA,,VA,2015-02-26,,39,Closure,https://www.vec.virginia.gov/warn-notices
"Ambassador Programs, Inc.",AMBASSADOR PROGRAMS,Spokane,,WA,2015-02-26,2015-04-27,60,Permanent,https://esd.wa.gov/about-employees/WARN
Trulia,TRULIA,Bellevue,,WA,2015-02-26,2015-04-20,157,Permanent,https://esd.wa.gov/about-employees/WARN
Boeing,BOEING,Puget Sound,,WA,2015-02-26,2015-04-24,319,Permanent,https://esd.wa.gov/about-employees/WARN
Trident Seafoods Corporation,TRIDENT SEAFOODS,Bedford VA,,VA,2015-02-20,,65,Layoff,https://www.vec.virginia.gov/warn-notices
K. Hovnanian Company (Builder Services Division),K HOVNANIAN (BUILDER DIVISION),Lakewood,,NJ,,2015-02-18,56,,https://www.nj.gov/labor/employer-services/warn/
Novartis Pharmaceuticals Corporation,NOVARTIS PHARMACEUTICALS,East Hanover,,NJ,,2015-02-16,200,,https://www.nj.gov/labor/employer-services/warn/
Bart & Associates Inc.,BART ASSOCIATES,Fairfax VA,,VA,2015-02-12,,73,,https://www.vec.virginia.gov/warn-notices
Kmart,KMART,Colonial Heights VA,,VA,2015-02-12,,113,Closure,https://www.vec.virginia.gov/warn-notices
Freight Handlers Inc. FHI LLC,FREIGHT HANDLERS FHI,Disputanta VA,,VA,2015-02-10,,65,Permanent Reduction,https://www.vec.virginia.gov/warn-notices
Kurt Versen Company,KURT VERSEN,Westwood,,NJ,,2015-02-09,102,,https://www.nj.gov/labor/employer-services/warn/
Pictorial Offset Corporation,PICTORIAL OFFSET,Carlstadt,,NJ,,2015-02-06,113,,https://www.nj.gov/labor/employer-services/warn/
Emeritus Senior Living,EMERITUS SENIOR LIVING,"Seattle, WA",,WA,2015-02-03,2015-04-02,41,Permanent,https://esd.wa.gov/about-employees/WARN
"BATS Global Markets Holdings, Inc. and Direct Edge, Inc",BATS GLOBAL MARKETS HOLDINGS AND DIRECT EDGE,Jersey City,,NJ,,2015-01-30,56,,https://www.nj.gov/labor/employer-services/warn/
Tyonek Services Group Inc.,TYONEK GROUP,Virignia Beach VA,,VA,2015-01-30,,45,,https://www.vec.virginia.gov/warn-notices
Suncoke Energy Inc.,SUNCOKE ENERGY,Oakwood VA,,VA,2015-01-29,,151,Closure,https://www.vec.virginia.gov/warn-notices
Bank of America,BANK OF AMERICA,Norlfolk VA,,VA,2015-01-28,,202,LayoffPermanent Reduction,https://www.vec.virginia.gov/warn-notices
Concord Hospitality Enterprises Company,CONCORD HOSPITALITY ENTERPRISES,Richmond VA,,VA,2015-01-28,,77,Closure,https://www.vec.virginia.gov/warn-notices
Great American Casino,GREAT AMERICAN CASINO,Kent,,WA,2015-01-26,2015-03-15,93,Permanent,https://esd.wa.gov/about-employees/WARN
Saks Fifth Avenue,SAKS FIFTH AVENUE,Hackensack,,NJ,,2015-01-24,94,,https://www.nj.gov/labor/employer-services/warn/
Bradken Foundry,BRADKEN FOUNDRY,Chehalis,,WA,2015-01-15,2015-03-16,89,Permanent,https://esd.wa.gov/about-employees/WARN
Iluka Resources,ILUKA RESOURCES,Stony Creek & Emporia VA,,VA,2015-01-08,,120,Closure,https://www.vec.virginia.gov/warn-notices
United Airlines,UNITED AIRLINES,Seattle,,WA,2015-01-07,2015-03-07,41,Permanent,https://esd.wa.gov/about-employees/WARN
Gerresheimer Glass Inc.,GERRESHEIMER GLASS,Millville,,NJ,,2015-01-05,112,,https://www.nj.gov/labor/employer-services/warn/
Gerresheimer Glass Inc.,GERRESHEIMER GLASS,Millville,,NJ,,2015-01-05,3,,https://www.nj.gov/labor/employer-services/warn/
GE Healthcare Bio-Sciences Corp. (and other legal entities),GE HEALTHCARE BIO-SCIENCES (AND OTHER LEGAL ENTITIES),Piscataway,,NJ,,2015-01-01,218,,https://www.nj.gov/labor/employer-services/warn/
"COSCO Container Lines Americas, Inc.",COSCO CONTAINER LINES AMERICAS,Secaucus,,NJ,,2014-12-31,56,,https://www.nj.gov/labor/employer-services/warn/
Registrar & Transfer Company,REGISTRAR TRANSFER,Cranford,,NJ,,2014-12-31,171,,https://www.nj.gov/labor/employer-services/warn/
"Bottom Dollar Food NE, LLC",BOTTOM DOLLAR FOOD NE,Salisbury,,NJ,,2014-12-31,460,,https://www.nj.gov/labor/employer-services/warn/
Robert Wood Johnson Hospital,ROBERT WOOD JOHNSON HOSPITAL,Hamilton,,NJ,,2014-12-31,87,,https://www.nj.gov/labor/employer-services/warn/
TECO Coal Corporation,TECO COAL,Hurley VA,,VA,2014-12-30,,85,Layoff,https://www.vec.virginia.gov/warn-notices
Group Health,GROUP HEALTH,Seattle,,WA,2014-12-29,2015-03-01,15,Permanent,https://esd.wa.gov/about-employees/WARN
Harris IT Services,HARRIS IT,Sterling VA,,VA,2014-12-22,,65,Layoff,https://www.vec.virginia.gov/warn-notices
SunCoke Energy Inc.,SUNCOKE ENERGY,Oakwood VA,,VA,2014-12-15,,160,Closure,https://www.vec.virginia.gov/warn-notices
Boeing,BOEING,Puget Sound,,WA,2014-12-02,2015-01-23,83,Permanent,https://esd.wa.gov/about-employees/WARN
United Airlines,UNITED AIRLINES,Seattle,,WA,2014-12-01,2015-01-30,264,Permanent,https://esd.wa.gov/about-employees/WARN
Swiift Transportation,SWIIFT TRANSPORTATION,Pasco,,WA,2014-12-01,2015-01-30,180,Permanent,https://esd.wa.gov/about-employees/WARN
Roselle Paper Company,ROSELLE PAPER,Roselle,,NJ,,2014-11-29,162,,https://www.nj.gov/labor/employer-services/warn/
"Merck (Merck, Sharp and Dohme Corporation)",MERCK (MERCK SHARP AND DOHME ),Whitehouse Station,,NJ,,2014-11-28,50,,https://www.nj.gov/labor/employer-services/warn/
Allergan,ALLERGAN,Bridgewater,,NJ,,2014-11-28,69,,https://www.nj.gov/labor/employer-services/warn/
Cumberland River Coal Company,CUMBERLAND RIVER COAL,Appalachia VA,,VA,2014-11-21,,1,Permanent Reduction,https://www.vec.virginia.gov/warn-notices
Hudson News (Group),HUDSON NEWS (GROUP),Newark,,NJ,,2014-11-20,75,,https://www.nj.gov/labor/employer-services/warn/
"Trump Entertainment Resorts Holdings, L.P.",TRUMP ENTERTAINMENT RESORTS HOLDINGS L P,Atlantic City,,NJ,,2014-11-13,8,,https://www.nj.gov/labor/employer-services/warn/
"Trump Taj Mahal Associates, LLC",TRUMP TAJ MAHAL ASSOCIATES,Atlantic City,,NJ,,2014-11-13,3101,,https://www.nj.gov/labor/employer-services/warn/
Trident Seafoods Corporation,TRIDENT SEAFOODS,Bedford VA,,VA,2014-11-12,,70,Closure,https://www.vec.virginia.gov/warn-notices
Avamere Georgian House of Lakewood,AVAMERE GEORGIAN HOUSE OF LAKEWOOD,Lakewood WA,,WA,2014-11-12,2015-01-16,69,Permanent,https://esd.wa.gov/about-employees/WARN
JCPenney,JCPENNEY,"Sumner, WA",,WA,2014-11-12,2015-01-16,112,Permanent,https://esd.wa.gov/about-employees/WARN
Lumber Liquidators,LUMBER LIQUIDATORS,Hampton VA,,VA,2014-11-10,,121,Layoff,https://www.vec.virginia.gov/warn-notices
HMS Host,HMS HOST,Newark,,NJ,,2014-11-06,108,,https://www.nj.gov/labor/employer-services/warn/
Lions Gate,LIONS GATE,voorhees,,NJ,,2014-11-01,76,,https://www.nj.gov/labor/employer-services/warn/
BAE Systems Technology Solutions & Services Inc. (,BAE SYSTEMS (,Mount Laurel,,NJ,,2014-10-31,90,,https://www.nj.gov/labor/employer-services/warn/
Nordstrom,NORDSTROM,Vancouver,,WA,2014-10-31,2015-01-10,142,Permanent,https://esd.wa.gov/about-employees/WARN
Group Health,GROUP HEALTH,Seattle,,WA,2014-10-31,2014-12-31,102,Permanent,https://esd.wa.gov/about-employees/WARN
Microsoft,MICROSOFT,Redmond,,WA,2014-10-30,2014-12-28,635,Permanent,https://esd.wa.gov/about-employees/WARN
G4S Secure Solutions,G4S SECURE,Hancocks Bridge,,NJ,,2014-10-27,369,,https://www.nj.gov/labor/employer-services/warn/
Sprint,SPRINT,Reston VA,,VA,2014-10-24,,235,Permanent Reduction,https://www.vec.virginia.gov/warn-notices
Dominion,DOMINION,Chesapeake VA,,VA,2014-10-23,,29,Layoff,https://www.vec.virginia.gov/warn-notices
Amgen,AMGEN,Seattle,,WA,2014-10-22,2014-12-31,274,Permanent,https://esd.wa.gov/about-employees/WARN
TECO Coal Corporation,TECO COAL,Hurley VA,,VA,2014-10-20,,101,Closure,https://www.vec.virginia.gov/warn-notices
Intersections Inc.,INTERSECTIONS,Altavista VA,,VA,2014-10-17,,77,Closure,https://www.vec.virginia.gov/warn-notices
Ardagh Glass Company,ARDAGH GLASS,Salem,,NJ,,2014-10-15,288,,https://www.nj.gov/labor/employer-services/warn/
Kmart Corporation,KMART,Front Royal VA,,VA,2014-10-15,,88,Closure,https://www.vec.virginia.gov/warn-notices
Cobalt Mortgage,COBALT MORTGAGE,Kirkland,,WA,2014-10-13,2014-12-16,10,Permanent,https://esd.wa.gov/about-employees/WARN
"Metrie, Inc.",METRIE,Monroe,,WA,2014-10-09,2014-11-27,54,Permanent,https://esd.wa.gov/about-employees/WARN
Emeritus Senior Living,EMERITUS SENIOR LIVING,"Seattle, WA",,WA,2014-10-06,2014-12-01,29,Permanent,https://esd.wa.gov/about-employees/WARN
Colonial Downs,COLONIAL DOWNS,Hampton & Chesapeake VA,,VA,2014-10-04,,23,Closure,https://www.vec.virginia.gov/warn-notices
Colonial Downs,COLONIAL DOWNS,New Kent & Richmond VA,,VA,2014-10-04,,52,Closure,https://www.vec.virginia.gov/warn-notices
"Honeywell International, Inc - EMS Aviation",HONEYWELL INTERNATIONAL - EMS AVIATION,Moorestown,,NJ,,2014-10-03,3,,https://www.nj.gov/labor/employer-services/warn/
Asheboro Elastics Corporation,ASHEBORO ELASTICS,Boykins VA,,VA,2014-10-03,,100,,https://www.vec.virginia.gov/warn-notices
The Founders Inn and Spa,THE FOUNDERS INN AND SPA,Virginia Beach VA,,VA,2014-10-03,,208,,https://www.vec.virginia.gov/warn-notices
AFE Victory Inc.,AFE VICTORY,Cherry Hill,,NJ,,2014-09-30,106,,https://www.nj.gov/labor/employer-services/warn/
BAE Systems Technology Solutions & Services Inc. (¿BAE Systems,BAE SYSTEMS (¿BAE SYSTEMS,Mount Laurel,,NJ,,2014-09-30,90,,https://www.nj.gov/labor/employer-services/warn/
Keolis Transit America,KEOLIS TRANSIT AMERICA,Richmond VA,,VA,2014-09-30,,106,Layoff,https://www.vec.virginia.gov/warn-notices
Broadcom Corporation,BROADCOM,Matawan,,NJ,,2014-09-26,51,,https://www.nj.gov/labor/employer-services/warn/
Honeywell International-EMS Aviation,HONEYWELL INTERNATIONAL-EMS AVIATION,Moorestown,,NJ,,2014-09-26,50,,https://www.nj.gov/labor/employer-services/warn/
Fluor Enterprises Inc,FLUOR ENTERPRISES,Front Royal VA,,VA,2014-09-24,,90,Permanent Reduction,https://www.vec.virginia.gov/warn-notices
Cumberland River Coal Company,CUMBERLAND RIVER COAL,Appalachia VA,,VA,2014-09-19,,4,Permanent Reduction,https://www.vec.virginia.gov/warn-notices
Hightail,HIGHTAIL,Not Provided,,WA,2014-09-18,2014-09-17,1,Permanent,https://esd.wa.gov/about-employees/WARN
Macro Technologies,MACRO,Kirkland,,WA,2014-09-18,2014-11-21,64,Permanent,https://esd.wa.gov/about-employees/WARN
Cobalt Mortgage,COBALT MORTGAGE,Kirkland,,WA,2014-09-18,2014-11-21,148,Permanent,https://esd.wa.gov/about-employees/WARN
Microsoft,MICROSOFT,Redmond,,WA,2014-09-18,2014-11-17,747,Permanent,https://esd.wa.gov/about-employees/WARN
Staples,STAPLES,Auburn,,WA,2014-09-17,2014-11-17,50,Permanent,https://esd.wa.gov/about-employees/WARN
"Trump Plaza Associates, LLC",TRUMP PLAZA ASSOCIATES,Atlantic City,,NJ,,2014-09-16,1153,,https://www.nj.gov/labor/employer-services/warn/
Anthem Institute,ANTHEM INSTITUTE,Jersey City,,NJ,,2014-09-15,50,,https://www.nj.gov/labor/employer-services/warn/
Anthem Institute,ANTHEM INSTITUTE,Cherry Hill,,NJ,,2014-09-15,30,,https://www.nj.gov/labor/employer-services/warn/
Anthem Institute,ANTHEM INSTITUTE,North Brunswick,,NJ,,2014-09-15,48,,https://www.nj.gov/labor/employer-services/warn/
HMS Host,HMS HOST,Pomona,,NJ,,2014-09-15,53,,https://www.nj.gov/labor/employer-services/warn/
Anthem Institute,ANTHEM INSTITUTE,Parsippany,,NJ,,2014-09-15,35,,https://www.nj.gov/labor/employer-services/warn/
GRGAC1 (dba Amada),GRGAC1 (DBA AMADA),Atlantic City,,NJ,,2014-09-10,124,,https://www.nj.gov/labor/employer-services/warn/
GRGAC2 (dba Whiskey Village),GRGAC2 (DBA WHISKEY VILLAGE),Atlantic City,,NJ,,2014-09-10,64,,https://www.nj.gov/labor/employer-services/warn/
GRGAC3 (dba Distrito Cantina),GRGAC3 (DBA DISTRITO CANTINA),Atlantic City,,NJ,,2014-09-10,29,,https://www.nj.gov/labor/employer-services/warn/
Travel Centers of America,TRAVEL CENTERS OF AMERICA,Troutville VA,,VA,2014-09-08,,66,ClosureLayoff,https://www.vec.virginia.gov/warn-notices
Green Sky Industries,GREEN SKY INDUSTRIES,Clifton,,NJ,,2014-09-05,76,,https://www.nj.gov/labor/employer-services/warn/
Niagara Bottling,NIAGARA BOTTLING,"Burlington, WA",,WA,2014-09-05,2014-11-13,73,Permanent,https://esd.wa.gov/about-employees/WARN
Novo Nordisk,NOVO NORDISK,Seattle,,WA,2014-09-04,2014-11-03,63,Permanent,https://esd.wa.gov/about-employees/WARN
JCPenney,JCPENNEY,Bellevue,,WA,2014-09-03,2014-11-01,141,Permanent,https://esd.wa.gov/about-employees/WARN
Congoleum Corporation,CONGOLEUM,Hamilton,,NJ,,2014-09-01,65,,https://www.nj.gov/labor/employer-services/warn/
Showboat Casino,SHOWBOAT CASINO,Atlantic City,,NJ,,2014-08-31,2139,,https://www.nj.gov/labor/employer-services/warn/
URS,URS,Virginia Beach VA,,VA,2014-08-29,,208,Layoff,https://www.vec.virginia.gov/warn-notices
Boeing,BOEING,Puget Sound,,WA,2014-08-25,2014-10-24,70,Permanent,https://esd.wa.gov/about-employees/WARN
Purdue Pharma,PURDUE PHARMA,Cranbury,,NJ,,2014-08-22,59,,https://www.nj.gov/labor/employer-services/warn/
Employment Security Department,EMPLOYMENT SECURITY DEPARTMENT,Statewide,,WA,2014-08-22,2014-10-15,149,Permanent,https://esd.wa.gov/about-employees/WARN
DynCorp International LLC,DYNCORP INTERNATIONAL,Vienna VA,,VA,2014-08-20,,64,Layoff,https://www.vec.virginia.gov/warn-notices
"Revel Entertainment Group, LLC",REVEL ENTERTAINMENT GROUP,Atlantic City,,NJ,,2014-08-18,3286,,https://www.nj.gov/labor/employer-services/warn/
G4S Government Solutions,G4S GOVERNMENT,"Bangor, Silverdale",,WA,2014-08-12,2014-09-30,93,Temporary,https://esd.wa.gov/about-employees/WARN
"CareFusion Resources, LLC",CAREFUSION RESOURCES,San Diego,,NJ,,2014-08-08,390,,https://www.nj.gov/labor/employer-services/warn/
"Event Rentals, Inc. and CP OpCo, LLC d/b/a Classic Party Rentals",EVENT RENTALS AND CP OPCO D/B/A CLASSIC PARTY RENTALS,Englewood,,NJ,,2014-08-08,94,,https://www.nj.gov/labor/employer-services/warn/
Emeritus Senior Living,EMERITUS SENIOR LIVING,"Seattle, WA",,WA,2014-08-06,2014-10-06,6,Permanent,https://esd.wa.gov/about-employees/WARN
Elliott's Oyster House,ELLIOTT'S OYSTER HOUSE,"Seattle, WA",,WA,2014-08-06,2014-10-01,200,Temporary,https://esd.wa.gov/about-employees/WARN
GENCO,GENCO,Avenel,,NJ,,2014-08-02,126,,https://www.nj.gov/labor/employer-services/warn/
"Gloucester Manor Health Care Center, Inc.",GLOUCESTER MANOR HEALTH CARE CENTER,Sewell,,NJ,,2014-08-02,16,,https://www.nj.gov/labor/employer-services/warn/
Interfor,INTERFOR,"Beaver & Forks, WA",,WA,2014-08-01,2014-07-31,87,Permanent,https://esd.wa.gov/about-employees/WARN
Cumberland River Coal Company,CUMBERLAND RIVER COAL,Appalachia VA,,VA,2014-07-21,,213,ClosurePermanent Reduction,https://www.vec.virginia.gov/warn-notices
Boeing,BOEING,Puget Sound,,WA,2014-07-21,2014-09-19,95,Permanent,https://esd.wa.gov/about-employees/WARN
Microsoft,MICROSOFT,Redmond,,WA,2014-07-17,2014-09-15,1351,Permanent,https://esd.wa.gov/about-employees/WARN
Intuit,INTUIT,Fredericksburg VA,,VA,2014-07-15,,159,Permanent Reduction,https://www.vec.virginia.gov/warn-notices
Aramark,ARAMARK,Newark,,NJ,,2014-07-11,685,,https://www.nj.gov/labor/employer-services/warn/
Corizon Health,CORIZON HEALTH,Northern VA,,VA,2014-07-11,,216,Layoff,https://www.vec.virginia.gov/warn-notices
Corizon Health,CORIZON HEALTH,Eastern VA,,VA,2014-07-11,,47,Layoff,https://www.vec.virginia.gov/warn-notices
Corizon Health,CORIZON HEALTH,Central VA,,VA,2014-07-11,,375,Layoff,https://www.vec.virginia.gov/warn-notices
Acision LLC,ACISION,Richmond VA,,VA,2014-07-11,,65,Permanent Reduction,https://www.vec.virginia.gov/warn-notices
United Arab Shipping Company (UASC),UNITED ARAB SHIPPING (UASC),Chesapeake VA,,VA,2014-07-08,,20,Layoff,https://www.vec.virginia.gov/warn-notices
International Paint (aka Akzo Nobel),INTERNATIONAL PAINT (AKA AKZO NOBEL),Union,,NJ,,2014-07-07,79,,https://www.nj.gov/labor/employer-services/warn/
Med-Fit Systems Inc.,MED-FIT SYSTEMS,Independence VA,,VA,2014-07-02,,104,Permanent Reduction,https://www.vec.virginia.gov/warn-notices
Magellan Health Services,MAGELLAN HEALTH,Parsippany,,NJ,,2014-07-01,137,,https://www.nj.gov/labor/employer-services/warn/
Gnutti Carlo USA,GNUTTI CARLO,Northvale,,NJ,,2014-07-01,86,,https://www.nj.gov/labor/employer-services/warn/
Transit Holding LLC,TRANSIT HOLDING,Purcellville VA,,VA,2014-07-01,,52,Layoff,https://www.vec.virginia.gov/warn-notices
NII Holdings Inc.,NII HOLDINGS,Reston VA,,VA,2014-07-01,,88,Layoff,https://www.vec.virginia.gov/warn-notices
Chesapeake Pharmaceutical and Healthcare Packaging,CHESAPEAKE PHARMACEUTICAL AND HEALTHCARE PACKAGING,Fairfield,,NJ,,2014-06-30,50,,https://www.nj.gov/labor/employer-services/warn/
Novartis Pharmaceuticals,NOVARTIS PHARMACEUTICALS,East Hanover,,NJ,,2014-06-30,47,,https://www.nj.gov/labor/employer-services/warn/
Novartis Pharmaceuticals Corporation,NOVARTIS PHARMACEUTICALS,East Hanover,,NJ,,2014-06-30,10,,https://www.nj.gov/labor/employer-services/warn/
Novartis Pharmaceuticals Corporation,NOVARTIS PHARMACEUTICALS,East Hanover,,NJ,,2014-06-30,3,,https://www.nj.gov/labor/employer-services/warn/
Novartis Pharmaceuticals Corporation,NOVARTIS PHARMACEUTICALS,East Hanover,,NJ,,2014-06-30,38,,https://www.nj.gov/labor/employer-services/warn/
Novartis Pharmaceuticals Corporation,NOVARTIS PHARMACEUTICALS,East Hanover,,NJ,,2014-06-30,9,,https://www.nj.gov/labor/employer-services/warn/
Novartis Pharmaceuticals Corporation,NOVARTIS PHARMACEUTICALS,East Hanover,,NJ,,2014-06-30,1,,https://www.nj.gov/labor/employer-services/warn/
Novartis Pharmaceuticals Corporation,NOVARTIS PHARMACEUTICALS,East Hanover,,NJ,,2014-06-30,32,,https://www.nj.gov/labor/employer-services/warn/
Novartis Pharmaceuticals Corporation,NOVARTIS PHARMACEUTICALS,East Hanover,,NJ,,2014-06-30,15,,https://www.nj.gov/labor/employer-services/warn/
Sodexo Campus Services @ Rowan University,SODEXO CAMPUS @ ROWAN UNIVERSITY,Glassboro,,NJ,,2014-06-30,281,,https://www.nj.gov/labor/employer-services/warn/
Sodexo Services,SODEXO,Montclair,,NJ,,2014-06-30,372,,https://www.nj.gov/labor/employer-services/warn/
Federation of Multicultural Programs of NJ,FEDERATION OF MULTICULTURAL PROGRAMS OF NJ,Belleville,,NJ,,2014-06-30,127,,https://www.nj.gov/labor/employer-services/warn/
"Jersey City Child Development Centers, Inc.",JERSEY CITY CHILD DEVELOPMENT CENTERS,Jersey City,,NJ,,2014-06-30,180,,https://www.nj.gov/labor/employer-services/warn/
Newark Preschool Council,NEWARK PRESCHOOL COUNCIL,Newark,,NJ,,2014-06-30,504,,https://www.nj.gov/labor/employer-services/warn/
"Sodexo Management, Inc.",SODEXO MANAGEMENT,Englishtown,,NJ,,2014-06-30,71,,https://www.nj.gov/labor/employer-services/warn/
"Trenton Head Start, Inc.",TRENTON HEAD START,Trenton,,NJ,,2014-06-30,77,,https://www.nj.gov/labor/employer-services/warn/
Wagner Spray Tech (Titan Tools),WAGNER SPRAY TECH (TITAN TOOLS),Oakland,,NJ,,2014-06-30,80,,https://www.nj.gov/labor/employer-services/warn/
GlaxoSmithKline,GLAXOSMITHKLINE,Clifton,,NJ,,2014-06-30,165,,https://www.nj.gov/labor/employer-services/warn/
"Optimer Pharmaceuticals, Inc.",OPTIMER PHARMACEUTICALS,New Jersey,,NJ,,2014-06-30,184,,https://www.nj.gov/labor/employer-services/warn/
"Optimer Pharmaceuticals, Inc.",OPTIMER PHARMACEUTICALS,Jersey City,,NJ,,2014-06-30,177,,https://www.nj.gov/labor/employer-services/warn/
Waste Management,WASTE MANAGEMENT,"Oak Harbor, WA",,WA,2014-06-27,2014-09-19,125,Permanent,https://esd.wa.gov/about-employees/WARN
Anadigics,ANADIGICS,Warren,,NJ,,2014-06-26,100,,https://www.nj.gov/labor/employer-services/warn/
Dickenson-Russell Coal Company LLC,DICKENSON-RUSSELL COAL,Haysi VA,,VA,2014-06-26,,121,Closure,https://www.vec.virginia.gov/warn-notices
Harris IT Services,HARRIS IT,Sterling VA,,VA,2014-06-26,,53,Layoff,https://www.vec.virginia.gov/warn-notices
AMACD American Cadastre LLC,AMACD AMERICAN CADASTRE,Herndon VA,,VA,2014-06-23,,63,,https://www.vec.virginia.gov/warn-notices
Wolff Fording & Company,WOLFF FORDING,Richmond VA,,VA,2014-06-23,,118,Closure,https://www.vec.virginia.gov/warn-notices
YM LLC,YM,Totowa,,NJ,,2014-06-19,69,,https://www.nj.gov/labor/employer-services/warn/
The Wanaque Center,THE WANAQUE CENTER,Haskell,,NJ,,2014-06-19,378,,https://www.nj.gov/labor/employer-services/warn/
The Health Center at Bloomingdale,THE HEALTH CENTER AT BLOOMINGDALE,Bloomingdale,,NJ,,2014-06-18,165,,https://www.nj.gov/labor/employer-services/warn/
"Kid Brands, Inc.",KID BRANDS,East Rutherford,,NJ,,2014-06-18,25,,https://www.nj.gov/labor/employer-services/warn/
National Distribution Centers,NATIONAL DISTRIBUTION CENTERS,Burlington,,NJ,,2014-06-15,67,,https://www.nj.gov/labor/employer-services/warn/
CenturyLink,CENTURYLINK,"Seattle, WA",,WA,2014-06-11,2014-08-11,158,Permanent,https://esd.wa.gov/about-employees/WARN
"New Century Transportation, Inc.",NEW CENTURY TRANSPORTATION,Westampton,,NJ,,2014-06-09,1577,,https://www.nj.gov/labor/employer-services/warn/
NJN Publishing,NJN PUBLISHING,Flemington,,NJ,,2014-06-06,18,,https://www.nj.gov/labor/employer-services/warn/
South Jersey Times,SOUTH JERSEY TIMES,Woodbury,,NJ,,2014-06-06,46,,https://www.nj.gov/labor/employer-services/warn/
Star Ledger,STAR LEDGER,Newark,,NJ,,2014-06-06,470,,https://www.nj.gov/labor/employer-services/warn/
The Times of Trenton,THE TIMES OF TRENTON,Trenton,,NJ,,2014-06-06,27,,https://www.nj.gov/labor/employer-services/warn/
Eagle Marine Services,EAGLE MARINE,"Seattle, WA",,WA,2014-06-03,2014-07-31,94,Permanent,https://esd.wa.gov/about-employees/WARN
Jacobs Technology Inc. Advanced Systems Group,JACOBS ADVANCED SYSTEMS GROUP,Dumfries VA,,VA,2014-06-02,,84,Layoff,https://www.vec.virginia.gov/warn-notices
HMS Host,HMS HOST,Fairfaix VA,,VA,2014-06-02,,67,,https://www.vec.virginia.gov/warn-notices
Marriott NJ Textile Services (Edison Laundry),MARRIOTT NJ TEXTILE (EDISON LAUNDRY),Edison,,NJ,,2014-05-30,144,,https://www.nj.gov/labor/employer-services/warn/
Electronic Arts Inc.,ELECTRONIC ARTS,Fairfax VA,,VA,2014-05-29,,69,Closure,https://www.vec.virginia.gov/warn-notices
Carl Zeiss Vision Inc.,CARL ZEISS VISION,Chester VA,,VA,2014-05-29,,73,Layoff,https://www.vec.virginia.gov/warn-notices
Emeritus Senior Living,EMERITUS SENIOR LIVING,"Seattle, WA",,WA,2014-05-29,2014-07-31,4,Permanent,https://esd.wa.gov/about-employees/WARN
Bank of America,BANK OF AMERICA,Richmond VA,,VA,2014-05-22,,5,Permanent Reduction,https://www.vec.virginia.gov/warn-notices
"WORLDWIDE FLIGHT SERVICES, INC",WORLDWIDE FLIGHT,NEWARK,,NJ,,2014-05-20,32,,https://www.nj.gov/labor/employer-services/warn/
"WORLDWIDE FLIGHT SERVICES, INC",WORLDWIDE FLIGHT,NEWARK,,NJ,,2014-05-20,42,,https://www.nj.gov/labor/employer-services/warn/
Sodexo,SODEXO,Roanoke VA,,VA,2014-05-19,,45,Closure,https://www.vec.virginia.gov/warn-notices
U.S. Aviation Services Corp.,U S AVIATION,Sterling VA,,VA,2014-05-13,,213,,https://www.vec.virginia.gov/warn-notices
Cox Communications,COX COMMUNICATIONS,Cheseapeake VA,,VA,2014-05-07,,172,Layoff,https://www.vec.virginia.gov/warn-notices
Briarwood Care & Rehabilitation Center,BRIARWOOD CARE REHABILITATION CENTER,South Amboy,,NJ,,2014-05-05,209,,https://www.nj.gov/labor/employer-services/warn/
Northrop Grumman Corporation,NORTHROP GRUMMAN,Virginia Beach VA,,VA,2014-05-05,,57,Layoff,https://www.vec.virginia.gov/warn-notices
Eager Beaver Computers,EAGER BEAVER COMPUTERS,"Spokane Valley, WA",,WA,2014-05-05,2014-06-30,1,Permanent,https://esd.wa.gov/about-employees/WARN
"Ocean Spray Cranberries, Inc.",OCEAN SPRAY CRANBERRIES,Bordentown,,NJ,,2014-05-02,138,,https://www.nj.gov/labor/employer-services/warn/
Sony Electronics,SONY ELECTRONICS,Park Ridge,,NJ,,2014-05-02,100,,https://www.nj.gov/labor/employer-services/warn/
Caterpillar Global Mining America LLC,CATERPILLAR GLOBAL MINING AMERICA,Pulaski VA,,VA,2014-05-02,,180,Closure,https://www.vec.virginia.gov/warn-notices
PerkinElmer,PERKINELMER,"Spokane, WA",,WA,2014-05-02,2014-06-27,80,Permanent,https://esd.wa.gov/about-employees/WARN
Kimball Medical Center,KIMBALL MEDICAL CENTER,Lakewood,,NJ,,2014-04-30,73,,https://www.nj.gov/labor/employer-services/warn/
Community Development Institute Head Start (CDI HS),COMMUNITY DEVELOPMENT INSTITUTE HEAD START (CDI HS),Virginia Beach VA,,VA,2014-04-30,,63,Layoff,https://www.vec.virginia.gov/warn-notices
Caterpillar Global Mining America LLC,CATERPILLAR GLOBAL MINING AMERICA,Pearisburg VA,,VA,2014-04-29,,45,Closure,https://www.vec.virginia.gov/warn-notices
Express Scripts,EXPRESS SCRIPTS,"Liberty Lake, WA",,WA,2014-04-29,2014-06-29,203,Permanent,https://esd.wa.gov/about-employees/WARN
Med-Fit Systems Inc.,MED-FIT SYSTEMS,Independence VA,,VA,2014-04-18,,61,,https://www.vec.virginia.gov/warn-notices
Cumberland Farms,CUMBERLAND FARMS,Farmingham,,NJ,,2014-04-15,176,,https://www.nj.gov/labor/employer-services/warn/
Novartis Pharmaceuticals Corporation,NOVARTIS PHARMACEUTICALS,East Hanover,,NJ,,2014-04-14,23,,https://www.nj.gov/labor/employer-services/warn/
Novartis Pharmaceuticals Corporation,NOVARTIS PHARMACEUTICALS,East Hanover,,NJ,,2014-04-14,8,,https://www.nj.gov/labor/employer-services/warn/
Novartis Pharmaceuticals Corporation,NOVARTIS PHARMACEUTICALS,East Hanover,,NJ,,2014-04-14,4,,https://www.nj.gov/labor/employer-services/warn/
Novartis Pharmaceuticals Corporation,NOVARTIS PHARMACEUTICALS,East Hanover,,NJ,,2014-04-14,2,,https://www.nj.gov/labor/employer-services/warn/
Novartis Pharmaceuticals Corporation,NOVARTIS PHARMACEUTICALS,East Hanover,,NJ,,2014-04-14,561,,https://www.nj.gov/labor/employer-services/warn/
Reinhart Foodservices,REINHART FOODSERVICES,Prince George VA,,VA,2014-04-14,,46,Layoff,https://www.vec.virginia.gov/warn-notices
B&W mPower,B W MPOWER,Lynchburg VA,,VA,2014-04-14,,211,,https://www.vec.virginia.gov/warn-notices
Abbott Point of Care,ABBOTT POINT OF CARE,Princeton,,NJ,,2014-03-31,80,,https://www.nj.gov/labor/employer-services/warn/
American Eagle,AMERICAN EAGLE,Washington DC,,VA,2014-03-31,,62,Permanent Reduction,https://www.vec.virginia.gov/warn-notices
NIITEK,NIITEK,Charlottesville VA,,VA,2014-03-19,,78,Permanent Reduction,https://www.vec.virginia.gov/warn-notices
DynCorp International,DYNCORP INTERNATIONAL,Portsmouth VA,,VA,2014-03-19,,73,LayoffPermanent Reduction,https://www.vec.virginia.gov/warn-notices
St. Mary's Hospital,ST MARY'S HOSPITAL,Passaic,,NJ,,2014-03-17,1179,,https://www.nj.gov/labor/employer-services/warn/
Aramark,ARAMARK,Leesburg VA,,VA,2014-03-17,,197,Permanent Reduction,https://www.vec.virginia.gov/warn-notices
"McKesson Medical-Surgical, Inc.",MCKESSON MEDICAL-SURGICAL,Swedesboro,,NJ,,2014-03-14,140,,https://www.nj.gov/labor/employer-services/warn/
STEPS Inc.,STEPS,Lunenburg VA,,VA,2014-03-13,,110,Layoff,https://www.vec.virginia.gov/warn-notices
Rich Products Corporation,RICH PRODUCTS,Buffalo,,NJ,,2014-03-10,238,,https://www.nj.gov/labor/employer-services/warn/
Union First Market Bank,UNION FIRST MARKET BANK,Christiansburg VA,,VA,2014-03-10,,80,Permanent Reduction,https://www.vec.virginia.gov/warn-notices
Kerry,KERRY,Flemington,,NJ,,2014-03-08,42,,https://www.nj.gov/labor/employer-services/warn/
Lockheed Martin Corporation Information Systems & Global Solutions,LOCKHEED MARTIN INFORMATION SYSTEMS GLOBAL,Arlington VA,,VA,2014-03-07,,165,Layoff,https://www.vec.virginia.gov/warn-notices
General Dynamics Information Technology Inc.,GENERAL DYNAMICS INFORMATION,Chester VA,,VA,2014-03-06,,344,Permanent Reduction,https://www.vec.virginia.gov/warn-notices
NCO Financial Systems Inc.,NCO FINANCIAL SYSTEMS,Virginia Beach VA,,VA,2014-03-05,,107,Permanent Reduction,https://www.vec.virginia.gov/warn-notices
Chasing Fireflies,CHASING FIREFLIES,Seattle,,WA,2014-03-04,2014-05-01,92,Permanent,https://esd.wa.gov/about-employees/WARN
"FJC Security Services, Inc.",FJC SECURITY,Jersey City,,NJ,,2014-03-01,594,,https://www.nj.gov/labor/employer-services/warn/
ThyssenKrupp,THYSSENKRUPP,Moonachie,,NJ,,2014-02-28,50,,https://www.nj.gov/labor/employer-services/warn/
Child Care Aware of America,CHILD CARE AWARE OF AMERICA,Arlington VA,,VA,2014-02-28,,60,Permanent Reduction,https://www.vec.virginia.gov/warn-notices
Healthcare Services Group,HEALTHCARE GROUP,Manchester,,NJ,,2014-02-26,33,,https://www.nj.gov/labor/employer-services/warn/
Pediatric Day Health Center at Manchester,PEDIATRIC DAY HEALTH CENTER AT MANCHESTER,Manchester,,NJ,,2014-02-26,29,,https://www.nj.gov/labor/employer-services/warn/
General Dynamics Information Technology,GENERAL DYNAMICS INFORMATION,Suffolk VA,,VA,2014-02-25,,110,Layoff,https://www.vec.virginia.gov/warn-notices
Pepsi,PEPSI,Seattle,,WA,2014-02-25,2014-04-22,52,Permanent,https://esd.wa.gov/about-employees/WARN
The Commodore Corporation,THE COMMODORE,Danville VA,,VA,2014-02-20,,116,Closure,https://www.vec.virginia.gov/warn-notices
Sears,SEARS,Seattle,,WA,2014-02-20,2014-06-01,13,Permanent,https://esd.wa.gov/about-employees/WARN
Sears,SEARS,"Seattle, WA",,WA,2014-02-20,2014-06-01,66,Permanent,https://esd.wa.gov/about-employees/WARN
CB&I,CB I,Moorestown,,NJ,,2014-02-18,30,,https://www.nj.gov/labor/employer-services/warn/
Boeing,BOEING,Puget Sound,,WA,2014-02-18,2014-04-18,79,Permanent,https://esd.wa.gov/about-employees/WARN
Farmland Dairies,FARMLAND DAIRIES,Wallington,,NJ,,2014-02-17,323,,https://www.nj.gov/labor/employer-services/warn/
Coral Graphics,CORAL GRAPHICS,Winchester VA,,VA,2014-02-17,,100,Realignment,https://www.vec.virginia.gov/warn-notices
Zynga Inc.,ZYNGA,Seattle,,WA,2014-02-11,2014-01-30,52,Permanent,https://esd.wa.gov/about-employees/WARN
N-Store Merchandising,N-STORE MERCHANDISING,"Statewide, WA",,WA,2014-02-11,2014-02-03,35,Permanent,https://esd.wa.gov/about-employees/WARN
Sprint,SPRINT,"Bellevue & Kirkland, WA",,WA,2014-02-11,2014-03-01,91,Permanent,https://esd.wa.gov/about-employees/WARN
Boeing,BOEING,Puget Sound,,WA,2014-02-03,2014-04-04,9,Permanent,https://esd.wa.gov/about-employees/WARN
"WARNER CHILCOTT (US), LLC",WARNER CHILCOTT ( ),Rockaway,,NJ,,2014-01-31,46,,https://www.nj.gov/labor/employer-services/warn/
Sheraton Crystal City Hotel,SHERATON CRYSTAL CITY HOTEL,Arlington VA,,VA,2014-01-24,,95,Closure,https://www.vec.virginia.gov/warn-notices
Bank of America,BANK OF AMERICA,Richmond VA,,VA,2014-01-24,,79,Layoff,https://www.vec.virginia.gov/warn-notices
"Mettler-Toledo AutoChem, Inc.",METTLER-TOLEDO AUTOCHEM,"Redmond, WA",,WA,2014-01-24,2014-06-30,21,Permanent,https://esd.wa.gov/about-employees/WARN
Boeing,BOEING,Puget Sound,,WA,2014-01-21,2014-03-21,8,Permanent,https://esd.wa.gov/about-employees/WARN
Kroger Food Stores,KROGER FOOD STORES,Galax VA,,VA,2014-01-17,,52,Closure,https://www.vec.virginia.gov/warn-notices
Kroger Food Stores,KROGER FOOD STORES,Lynchburg VA,,VA,2014-01-17,,98,Closure,https://www.vec.virginia.gov/warn-notices
General Dynamics/Electric Boat,GENERAL DYNAMICS/ELECTRIC BOAT,"Silverdale, WA",,WA,2014-01-17,2014-03-14,29,Permanent,https://esd.wa.gov/about-employees/WARN
JC Penney,JC PENNEY,Norfolk VA,,VA,2014-01-15,,115,Closure,https://www.vec.virginia.gov/warn-notices
Oldcastle Building Envelope,OLDCASTLE BUILDING ENVELOPE,Everett,,WA,2014-01-13,2014-03-12,56,Permanent,https://esd.wa.gov/about-employees/WARN
Union Ink Company,UNION INK,Ridgefield,,NJ,,2014-01-03,48,,https://www.nj.gov/labor/employer-services/warn/
Mylan Specialty L.P.,MYLAN SPECIALTY L P,Basking Ridge,,NJ,,2013-12-31,117,,https://www.nj.gov/labor/employer-services/warn/
ITC - International Technidyne Corporation,ITC - INTERNATIONAL TECHNIDYNE,Piscataway,,NJ,,2013-12-31,357,,https://www.nj.gov/labor/employer-services/warn/
"Atlantic Express of New Jersey, Inc.",ATLANTIC EXPRESS OF NEW JERSEY,New Brunswick,,NJ,,2013-12-31,73,,https://www.nj.gov/labor/employer-services/warn/
"Atlantic Express of New Jersey, Inc.",ATLANTIC EXPRESS OF NEW JERSEY,Vincetown,,NJ,,2013-12-31,52,,https://www.nj.gov/labor/employer-services/warn/
"Winsale, Inc.",WINSALE,Jersey City,,NJ,,2013-12-31,168,,https://www.nj.gov/labor/employer-services/warn/
"NCO Financial Sytems, Inc.",NCO FINANCIAL SYTEMS,Ramey,,NJ,,2013-12-28,67,,https://www.nj.gov/labor/employer-services/warn/
Aditya Birla Minacs,ADITYA BIRLA MINACS,Henrico VA,,VA,2013-12-28,,172,,https://www.vec.virginia.gov/warn-notices
Boeing,BOEING,Puget Sound,,WA,2013-12-23,2014-02-21,11,Permanent,https://esd.wa.gov/about-employees/WARN
118 Churchill Avenue Corporation,118 CHURCHILL AVENUE,New Brunswick,,NJ,,2013-12-12,138,,https://www.nj.gov/labor/employer-services/warn/
Bridge Disposal LLC,BRIDGE DISPOSAL,New Brunswick,,NJ,,2013-12-12,28,,https://www.nj.gov/labor/employer-services/warn/
Colgate Paper Stock Company,COLGATE PAPER STOCK,New Brunswick,,NJ,,2013-12-12,17,,https://www.nj.gov/labor/employer-services/warn/
DiNar Management Company,DINAR MANAGEMENT,New Brunswick,,NJ,,2013-12-12,12,,https://www.nj.gov/labor/employer-services/warn/
T & M Repair Company,T M REPAIR,New Brunswick,,NJ,,2013-12-12,14,,https://www.nj.gov/labor/employer-services/warn/
Bostwick Laboratories,BOSTWICK LABORATORIES,Glen Allen NY,,VA,2013-12-12,,44,Closure,https://www.vec.virginia.gov/warn-notices
Allied Systems Holdings,ALLIED SYSTEMS HOLDINGS,Linden,,NJ,,2013-12-10,58,,https://www.nj.gov/labor/employer-services/warn/
Transfield Services Rersource & Energy,TRANSFIELD RERSOURCE ENERGY,"Ferndale, WA",,WA,2013-12-10,2013-12-31,49,Permanent,https://esd.wa.gov/about-employees/WARN
Bank of America,BANK OF AMERICA,Marlton,,NJ,,2013-12-06,136,,https://www.nj.gov/labor/employer-services/warn/
"Dessert Service, Inc.",DESSERT SERVICE,Kearny,,NJ,,2013-11-30,85,,https://www.nj.gov/labor/employer-services/warn/
"WARNER CHILCOTT (US), LLC",WARNER CHILCOTT ( ),Rockaway,,NJ,,2013-11-30,88,,https://www.nj.gov/labor/employer-services/warn/
Healthcare Services Group,HEALTHCARE GROUP,Barnegat,,NJ,,2013-11-26,150,,https://www.nj.gov/labor/employer-services/warn/
SB Capital Acquisition LLC (JC's 5 Outlet store),SB CAPITAL ACQUISITION (JC'S 5 OUTLET STORE),Martinsville VA,,VA,2013-11-25,,31,Closure,https://www.vec.virginia.gov/warn-notices
Boeing,BOEING,Puget Sound,,WA,2013-11-25,2014-01-24,71,Permanent,https://esd.wa.gov/about-employees/WARN
Berry Plastics Corporation,BERRY PLASTICS,Kent,,WA,2013-11-20,2014-01-19,118,Permanent,https://esd.wa.gov/about-employees/WARN
Sprint,SPRINT,Bellevue,,WA,2013-11-18,2013-12-31,17,Permanent,https://esd.wa.gov/about-employees/WARN
Investors Bank,INVESTORS BANK,Short Hills,,NJ,,2013-11-15,65,,https://www.nj.gov/labor/employer-services/warn/
Sodexo,SODEXO,Blackwood,,NJ,,2013-11-12,80,,https://www.nj.gov/labor/employer-services/warn/
JELD-WEN Inc.,JELD-WEN,Christianburg VA,,VA,2013-11-12,,109,Closure,https://www.vec.virginia.gov/warn-notices
Capital One,CAPITAL ONE,Secaucus,,NJ,,2013-11-09,53,,https://www.nj.gov/labor/employer-services/warn/
Boeing,BOEING,Puget Sound,,WA,2013-11-06,2014-01-01,39,Permanent,https://esd.wa.gov/about-employees/WARN
Electric Boat,ELECTRIC BOAT,Bremerton,,WA,2013-11-01,2014-01-03,6,Permanent,https://esd.wa.gov/about-employees/WARN
Community Development Institute,COMMUNITY DEVELOPMENT INSTITUTE,Absecon,,NJ,,2013-10-31,115,,https://www.nj.gov/labor/employer-services/warn/
LexisNexis,LEXISNEXIS,New Providence,,NJ,,2013-10-31,92,,https://www.nj.gov/labor/employer-services/warn/
Mitsubishi Nuclear Energy Systems Inc. (MNES),MITSUBISHI NUCLEAR ENERGY SYSTEMS (MNES),Arlington VA,,VA,2013-10-31,,15,,https://www.vec.virginia.gov/warn-notices
Boehringer Ingelheim,BOEHRINGER INGELHEIM,Petersburg VA,,VA,2013-10-28,,63,,https://www.vec.virginia.gov/warn-notices
Pacific Rail Services,PACIFIC RAIL,Seattle,,WA,2013-10-22,2013-12-31,75,Permanent,https://esd.wa.gov/about-employees/WARN
NRG Energy Inc.,NRG ENERGY,Alexandria VA,,VA,2013-10-21,,4,Closure,https://www.vec.virginia.gov/warn-notices
Pathmark - Howell,PATHMARK - HOWELL,Howell,,NJ,,2013-10-19,103,,https://www.nj.gov/labor/employer-services/warn/
Boeing,BOEING,Puget Sound,,WA,2013-10-15,2013-12-13,200,Permanent,https://esd.wa.gov/about-employees/WARN
Georgia-Pacific LLC,GEORGIA-PACIFIC,Jarratt VA,,VA,2013-10-09,,65,,https://www.vec.virginia.gov/warn-notices
Merck,MERCK,Kenilworth,,NJ,,2013-10-01,113,,https://www.nj.gov/labor/employer-services/warn/
DNC Parks & Resorts at Shenandoah Inc.,DNC PARKS RESORTS AT SHENANDOAH,Luray VA,,VA,2013-10-01,,267,,https://www.vec.virginia.gov/warn-notices
DNC Parks & Resorts at Peaks of Otter Inc.,DNC PARKS RESORTS AT PEAKS OF OTTER,Bedford VA,,VA,2013-10-01,,88,,https://www.vec.virginia.gov/warn-notices
Visiting Nurse Home Care,VISITING NURSE HOME CARE,"Whatcom, County",,WA,2013-10-01,2013-11-30,150,Permanent,https://esd.wa.gov/about-employees/WARN
Morgan Stanley,MORGAN STANLEY,Princeton,,NJ,,2013-09-30,95,,https://www.nj.gov/labor/employer-services/warn/
Northrop Grumman Information Systems Sector Intelligence Systems Division,NORTHROP GRUMMAN INFORMATION SYSTEMS SECTOR INTELLIGENCE SYSTEMS DIVISION,Reston VA,,VA,2013-09-30,,52,,https://www.vec.virginia.gov/warn-notices
RockTenn,ROCKTENN,Renton,,WA,2013-09-30,2013-11-22,58,Permanent,https://esd.wa.gov/about-employees/WARN
Bostwick Laboratories,BOSTWICK LABORATORIES,Glen Allen VA,,VA,2013-09-25,,34,,https://www.vec.virginia.gov/warn-notices
Boeing,BOEING,Puget Sound,,WA,2013-09-23,2013-11-22,266,Permanent,https://esd.wa.gov/about-employees/WARN
URS Corporation,URS,Salem VA,,VA,2013-09-19,,16,,https://www.vec.virginia.gov/warn-notices
URS Corporation,URS,Chester VA,,VA,2013-09-19,,21,,https://www.vec.virginia.gov/warn-notices
URS Corporation,URS,Staunton VA,,VA,2013-09-16,,15,,https://www.vec.virginia.gov/warn-notices
URS Corporation,URS,Virginia Beach VA,,VA,2013-09-16,,106,,https://www.vec.virginia.gov/warn-notices
Fluor,FLUOR,Richmond VA,,VA,2013-09-12,,184,,https://www.vec.virginia.gov/warn-notices
Lee Regional Medical Center,LEE REGIONAL MEDICAL CENTER,Pennington Gap VA,,VA,2013-09-11,,137,,https://www.vec.virginia.gov/warn-notices
Mike Campbell & Associates,MIKE CAMPBELL ASSOCIATES,Lacey,,WA,2013-09-10,2013-11-12,76,Permanent,https://esd.wa.gov/about-employees/WARN
Sprint,SPRINT,Bellevue & Kirkland,,WA,2013-09-09,2013-09-20,161,Permanent,https://esd.wa.gov/about-employees/WARN
Takasago,TAKASAGO,Northvale,,NJ,,2013-09-08,80,,https://www.nj.gov/labor/employer-services/warn/
Pathmark,PATHMARK,Cherry Hill,,NJ,,2013-09-06,123,,https://www.nj.gov/labor/employer-services/warn/
Pathmark,PATHMARK,Camden,,NJ,,2013-09-06,109,,https://www.nj.gov/labor/employer-services/warn/
Grede,GREDE,Radford VA,,VA,2013-09-06,,264,,https://www.vec.virginia.gov/warn-notices
Minova,MINOVA,Grundy VA,,VA,2013-09-05,,65,,https://www.vec.virginia.gov/warn-notices
RoadLink Workforce Solutions,ROADLINK WORKFORCE,Chehalis,,WA,2013-09-03,2013-09-15,86,Permanent,https://esd.wa.gov/about-employees/WARN
Bank of America,BANK OF AMERICA,Fairfax VA,,VA,2013-08-29,,50,,https://www.vec.virginia.gov/warn-notices
J P Morgan Chase,J P MORGAN CHASE,Iselin,,NJ,,2013-08-13,42,,https://www.nj.gov/labor/employer-services/warn/
BASF,BASF,Somerset,,NJ,,2013-08-01,25,,https://www.nj.gov/labor/employer-services/warn/
AREVA Federal Services LLC,AREVA FEDERAL,Richland,,WA,2013-08-01,2013-07-31,3,Permanent,https://esd.wa.gov/about-employees/WARN
Boeing,BOEING,Puget Sound,,WA,2013-07-29,2013-09-27,3,Permanent,https://esd.wa.gov/about-employees/WARN
Boeing,BOEING,Puget Sound,,WA,2013-07-25,2013-09-20,143,Permanent,https://esd.wa.gov/about-employees/WARN
Medical Center Pharmacy,MEDICAL CENTER PHARMACY,Olympia,,WA,2013-07-24,2013-06-30,4,Permanent,https://esd.wa.gov/about-employees/WARN
Masco Bath,MASCO BATH,Moorestown,,NJ,,2013-07-23,69,,https://www.nj.gov/labor/employer-services/warn/
Leading Edge,LEADING EDGE,Hamilton,,NJ,,2013-07-20,82,,https://www.nj.gov/labor/employer-services/warn/
NBTY,NBTY,So. Plainfield,,NJ,,2013-07-19,225,,https://www.nj.gov/labor/employer-services/warn/
Hartz Mountain Corporation,HARTZ MOUNTAIN,Jersey City,,NJ,,2013-07-19,106,,https://www.nj.gov/labor/employer-services/warn/
Pacific Construction Systems,PACIFIC CONSTRUCTION SYSTEMS,Bellevue,,WA,2013-07-18,2013-12-31,103,Permanent,https://esd.wa.gov/about-employees/WARN
Andrews International Inc.,ANDREWS INTERNATIONAL,Seattle,,WA,2013-07-15,2013-09-01,35,Permanent,https://esd.wa.gov/about-employees/WARN
The Press of Atlantic City Media Group,THE PRESS OF ATLANTIC CITY MEDIA GROUP,Pleasantville,,NJ,,2013-07-08,43,,https://www.nj.gov/labor/employer-services/warn/
Northrop Grumman Information Systems,NORTHROP GRUMMAN INFORMATION SYSTEMS,Reston VA,,VA,2013-07-08,,8,,https://www.vec.virginia.gov/warn-notices
"Fluor Federal Services, Inc.",FLUOR FEDERAL,Richland,,WA,2013-07-08,2013-09-26,150,Permanent,https://esd.wa.gov/about-employees/WARN
"First Transit, Inc.",FIRST TRANSIT,Egg Harbor Township,,NJ,,2013-07-07,40,,https://www.nj.gov/labor/employer-services/warn/
"Amiee Lynn, Inc.",AMIEE LYNN,Ridgefield,,NJ,,2013-07-01,50,,https://www.nj.gov/labor/employer-services/warn/
Concerned Parents for Head Start,CONCERNED PARENTS FOR HEAD START,Paterson,,NJ,,2013-07-01,63,,https://www.nj.gov/labor/employer-services/warn/
Schmitt E.G. Inc.,SCHMITT E G,Sandston VA,,VA,2013-06-28,,87,,https://www.vec.virginia.gov/warn-notices
Boeing,BOEING,Puget Sound,,WA,2013-06-25,2013-08-23,266,Permanent,https://esd.wa.gov/about-employees/WARN
The Boeing Company,THE BOEING,Fairfaix VA,,VA,2013-06-21,,5,,https://www.vec.virginia.gov/warn-notices
Smithfield Packaging Company Inc.,SMITHFIELD PACKAGING,Portsmouth VA,,VA,2013-06-17,,122,,https://www.vec.virginia.gov/warn-notices
Pediatric Day Health Center at Galloway,PEDIATRIC DAY HEALTH CENTER AT GALLOWAY,Galloway,,NJ,,2013-06-13,25,,https://www.nj.gov/labor/employer-services/warn/
The Health Center at Galloway,THE HEALTH CENTER AT GALLOWAY,Galloway,,NJ,,2013-06-13,187,,https://www.nj.gov/labor/employer-services/warn/
Shenandoah's Pride,SHENANDOAH'S PRIDE,Springfield VA,,VA,2013-06-12,,110,,https://www.vec.virginia.gov/warn-notices
Zynga Inc.,ZYNGA,Seattle,,WA,2013-06-07,2013-06-03,2,Permanent,https://esd.wa.gov/about-employees/WARN
JPMorgan Chase & Co.,JPMORGAN CHASE,Falls Church VA,,VA,2013-06-06,,84,,https://www.vec.virginia.gov/warn-notices
AARP,AARP,Lorton VA,,VA,2013-06-05,,18,,https://www.vec.virginia.gov/warn-notices
"DSM Nutritional Products, LLC",DSM NUTRITIONAL PRODUCTS,Belvidere,,NJ,,2013-06-01,60,,https://www.nj.gov/labor/employer-services/warn/
Bank of America,BANK OF AMERICA,Newark,,NJ,,2013-05-31,469,,https://www.nj.gov/labor/employer-services/warn/
Roma Bank,ROMA BANK,Robbinsville,,NJ,,2013-05-31,57,,https://www.nj.gov/labor/employer-services/warn/
Bechtel Infrastructure Corporation,BECHTEL INFRASTRUCTURE,Vienna VA,,VA,2013-05-25,,117,,https://www.vec.virginia.gov/warn-notices
Computershare,COMPUTERSHARE,Edison,,NJ,,2013-05-24,58,,https://www.nj.gov/labor/employer-services/warn/
Northrop Grumman Technical Services Inc.,NORTHROP GRUMMAN TECHNICAL,Virginia Beach VA,,VA,2013-05-24,,56,,https://www.vec.virginia.gov/warn-notices
Boeing,BOEING,Puget Sound,,WA,2013-05-21,2013-07-19,253,Permanent,https://esd.wa.gov/about-employees/WARN
"Catalent CTS (Kansas City), LLC",CATALENT CTS (KANSAS CITY),Allendale,,NJ,,2013-05-20,89,,https://www.nj.gov/labor/employer-services/warn/
"Solgar, Inc.",SOLGAR,Lyndhurst,,NJ,,2013-05-17,107,,https://www.nj.gov/labor/employer-services/warn/
Comcast,COMCAST,Prince William VA,,VA,2013-05-16,,159,,https://www.vec.virginia.gov/warn-notices
Comcast,COMCAST,Henrico VA,,VA,2013-05-16,,53,,https://www.vec.virginia.gov/warn-notices
RoadLink Workforce Solutions,ROADLINK WORKFORCE,Chehalis,,WA,2013-05-16,2013-05-18,150,Permanent,https://esd.wa.gov/about-employees/WARN
Chenega Integrated Ssystems LLC,CHENEGA INTEGRATED SSYSTEMS,Winchester VA,,VA,2013-05-15,,55,,https://www.vec.virginia.gov/warn-notices
Chenega Aerospace LLC,CHENEGA AEROSPACE,Front Royal VA,,VA,2013-05-15,,9,,https://www.vec.virginia.gov/warn-notices
YRC Inc. dba YRC Freight,YRC DBA YRC FREIGHT,Carlstadt,,NJ,,2013-05-12,69,,https://www.nj.gov/labor/employer-services/warn/
YRC Inc. dba YRC Freight,YRC DBA YRC FREIGHT,Elizabeth,,NJ,,2013-05-12,114,,https://www.nj.gov/labor/employer-services/warn/
Liberty Medical Supply,LIBERTY MEDICAL SUPPLY,Salem VA,,VA,2013-05-10,,18,,https://www.vec.virginia.gov/warn-notices
EPIC,EPIC,Yakima County,,WA,2013-05-08,2013-05-31,328,Permanent,https://esd.wa.gov/about-employees/WARN
"CENTRAL AC, LLC",CENTRAL AC,ATLANTIC CITY,,NJ,,2013-05-05,65,,https://www.nj.gov/labor/employer-services/warn/
M & T Bank,M T BANK,Paramus,,NJ,,2013-05-03,356,,https://www.nj.gov/labor/employer-services/warn/
Stage Stores,STAGE STORES,Sout Hill VA,,VA,2013-04-30,,112,,https://www.vec.virginia.gov/warn-notices
Akima/DTSV,AKIMA/DTSV,Alexandria VA,,VA,2013-04-26,,324,,https://www.vec.virginia.gov/warn-notices
Chatwells School Dining Services,CHATWELLS SCHOOL DINING,Spotsylvania County VA,,VA,2013-04-23,,120,,https://www.vec.virginia.gov/warn-notices
Boeing,BOEING,Puget Sound,,WA,2013-04-23,2013-06-21,99,Permanent,https://esd.wa.gov/about-employees/WARN
ATLANTIC HUMAN RESOURCES,ATLANTIC HUMAN RESOURCES,atlantic city,,NJ,,2013-04-19,200,,https://www.nj.gov/labor/employer-services/warn/
Journal Register,JOURNAL REGISTER,Yardley,,NJ,,2013-04-17,83,,https://www.nj.gov/labor/employer-services/warn/
Comprehensive Clinical Development NW,COMPREHENSIVE CLINICAL DEVELOPMENT NW,Tacoma,,WA,2013-04-17,2013-04-17,43,Permanent,https://esd.wa.gov/about-employees/WARN
MV Transportation Inc.,MV TRANSPORTATION,Chantilly VA,,VA,2013-04-12,,110,,https://www.vec.virginia.gov/warn-notices
Sargento,SARGENTO,Bellingham,,WA,2013-04-11,2013-05-03,34,Permanent,https://esd.wa.gov/about-employees/WARN
First A.M.E. Child Development Center,FIRST A M E CHILD DEVELOPMENT CENTER,Seattle,,WA,2013-04-10,2013-06-30,45,Permanent,https://esd.wa.gov/about-employees/WARN
Boeing,BOEING,Puget Sound,,WA,2013-04-08,2013-06-07,939,Permanent,https://esd.wa.gov/about-employees/WARN
AmerisourceBergen Drug Corporation,AMERISOURCEBERGEN DRUG,Thorofare,,NJ,,2013-04-05,72,,https://www.nj.gov/labor/employer-services/warn/
The Estee Lauder Companies Inc.,THE ESTEE LAUDER COMPANIES,Oakland,,NJ,,2013-04-01,116,,https://www.nj.gov/labor/employer-services/warn/
Vertis Communicaton,VERTIS COMMUNICATON,North Brunswick,,NJ,,2013-04-01,133,,https://www.nj.gov/labor/employer-services/warn/
Northrop Grumman Information Systems Intelligence Systems Division,NORTHROP GRUMMAN INFORMATION SYSTEMS INTELLIGENCE SYSTEMS DIVISION,Reston VA,,VA,2013-03-31,,10,,https://www.vec.virginia.gov/warn-notices
The Atlantaic Club Casino,THE ATLANTAIC CLUB CASINO,Atlantic City,,NJ,,2013-03-29,1729,,https://www.nj.gov/labor/employer-services/warn/
Hess Corporation,HESS,Port Reading,,NJ,,2013-03-29,170,,https://www.nj.gov/labor/employer-services/warn/
Lockheed Martin,LOCKHEED MARTIN,Suffolk & Virginia Beach VA,,VA,2013-03-28,,59,,https://www.vec.virginia.gov/warn-notices
"Sykes Enterprises, Incorporated",SYKES ENTERPRISES,Spokane Valley,,WA,2013-03-26,2013-05-26,148,Permanent,https://esd.wa.gov/about-employees/WARN
SAIC,SAIC,Falls Church VA,,VA,2013-03-22,,150,Permanent Reduction,https://www.vec.virginia.gov/warn-notices
1859 Historic Hotels Ltd. (Williamsburg Hospitality House),1859 HISTORIC HOTELS (WILLIAMSBURG HOSPITALITY HOUSE),Williamsburg VA,,VA,2013-03-22,,110,,https://www.vec.virginia.gov/warn-notices
The Examiner,THE EXAMINER,Springfield VA,,VA,2013-03-19,,65,,https://www.vec.virginia.gov/warn-notices
Kroger Food Stores,KROGER FOOD STORES,Farmville VA,,VA,2013-03-19,,80,,https://www.vec.virginia.gov/warn-notices
American Suzuki Motor Corporation,AMERICAN SUZUKI MOTOR,Brea,,NJ,,2013-03-14,1,,https://www.nj.gov/labor/employer-services/warn/
TRI-ARK,TRI-ARK,Arlington VA,,VA,2013-03-11,,80,,https://www.vec.virginia.gov/warn-notices
OMNISEC International Security Services INC.,OMNISEC INTERNATIONAL SECURITY,Arlington VA,,VA,2013-03-08,,99,,https://www.vec.virginia.gov/warn-notices
INOVA,INOVA,Falls Church VA,,VA,2013-03-07,,438,,https://www.vec.virginia.gov/warn-notices
SERCO Inc.*,SERCO *,Harrisonburg VA,,VA,2013-03-06,,75,,https://www.vec.virginia.gov/warn-notices
SERCO Inc.*,SERCO *,Chesapeake VA,,VA,2013-03-06,,216,,https://www.vec.virginia.gov/warn-notices
"Semiahmoo Resort Company, LLC",SEMIAHMOO RESORT,Blaine,,WA,2013-03-06,2013-05-03,107,Permanent,https://esd.wa.gov/about-employees/WARN
AC SLOTS,AC SLOTS,Pleasantville,,NJ,,2013-03-04,100,,https://www.nj.gov/labor/employer-services/warn/
United Airlines,UNITED AIRLINES,Newark,,NJ,,2013-03-04,472,,https://www.nj.gov/labor/employer-services/warn/
Horizon Blue Cross Blue Shield of New Jersey,HORIZON BLUE CROSS BLUE SHIELD OF NEW JERSEY,Newark,,NJ,,2013-03-01,96,,https://www.nj.gov/labor/employer-services/warn/
Advanced Federal,ADVANCED FEDERAL,Fort Eustis VA,,VA,2013-03-01,,72,,https://www.vec.virginia.gov/warn-notices
NSC Technologies Worldwide*,NSC WORLDWIDE*,Portsmouth VA,,VA,2013-02-22,,0,,https://www.vec.virginia.gov/warn-notices
BAE Systems Norfolk Ship Repair Inc.*,BAE SYSTEMS NORFOLK SHIP REPAIR *,Norfolk VA,,VA,2013-02-22,,0,,https://www.vec.virginia.gov/warn-notices
Central Parking,CENTRAL PARKING,Bellevue,,WA,2013-02-21,2013-02-28,102,Permanent,https://esd.wa.gov/about-employees/WARN
Stage Stores (Peebles),STAGE STORES (PEEBLES),South Hill VA,,VA,2013-02-20,,50,Permanent Reduction,https://www.vec.virginia.gov/warn-notices
Genuardi's,GENUARDI'S,Marlton,,NJ,,2013-02-15,98,,https://www.nj.gov/labor/employer-services/warn/
Advanced Federal Services Corporation,ADVANCED FEDERAL,Fort Lee VA,,VA,2013-02-15,,96,Layoff,https://www.vec.virginia.gov/warn-notices
Knight Capital Group,KNIGHT CAPITAL GROUP,Jersey City,,NJ,,2013-02-12,45,,https://www.nj.gov/labor/employer-services/warn/
SunCoke Energy Inc. (Jewell Coal Mine),SUNCOKE ENERGY (JEWELL COAL MINE),Oakwood VA,,VA,2013-02-08,,51,Closure,https://www.vec.virginia.gov/warn-notices
Alpha Natural Resources (Paramont Coal Company Virginia LLC),ALPHA NATURAL RESOURCES (PARAMONT COAL VIRGINIA ),McFall VA,,VA,2013-02-08,,84,Closure,https://www.vec.virginia.gov/warn-notices
Alpha Natural Resources (Mill Branch Coal Corp),ALPHA NATURAL RESOURCES (MILL BRANCH COAL ),Appalachia VA,,VA,2013-02-08,,102,Closure,https://www.vec.virginia.gov/warn-notices
HSBC,HSBC,Chesapeake VA,,VA,2013-02-07,,164,Closure,https://www.vec.virginia.gov/warn-notices
Andrew LLC,ANDREW,Warren,,NJ,,2013-02-04,41,,https://www.nj.gov/labor/employer-services/warn/
Horizon Blue Cross Blue Shield of New Jersey,HORIZON BLUE CROSS BLUE SHIELD OF NEW JERSEY,Harrison,,NJ,,2013-02-01,62,,https://www.nj.gov/labor/employer-services/warn/
Teleflex,TELEFLEX,Lumberton,,NJ,,2013-02-01,153,,https://www.nj.gov/labor/employer-services/warn/
NRG Energy,NRG ENERGY,Alexandria VA,,VA,2013-02-01,,11,Closure,https://www.vec.virginia.gov/warn-notices
Novartis Pharmaceuticals Corporation,NOVARTIS PHARMACEUTICALS,East Hanover,,NJ,,2013-01-31,14,,https://www.nj.gov/labor/employer-services/warn/
Levy Premium Foodservice LP,LEVY PREMIUM FOODSERVICE,Seattle,,WA,2013-01-30,2013-02-26,363,Permanent,https://esd.wa.gov/about-employees/WARN
Briggs Nursery,BRIGGS NURSERY,Porter,,WA,2013-01-28,2013-01-25,150,Permanent,https://esd.wa.gov/about-employees/WARN
Serco,SERCO,Merrifield VA,,VA,2013-01-25,,82,,https://www.vec.virginia.gov/warn-notices
Kmart,KMART,Linden,,NJ,,2013-01-20,85,,https://www.nj.gov/labor/employer-services/warn/
Katana Summit,KATANA SUMMIT,Ephrata,,WA,2013-01-18,2012-12-31,81,Permanent,https://esd.wa.gov/about-employees/WARN
Kmart,KMART,Seattle,,WA,2013-01-15,2013-03-10,85,Permanent,https://esd.wa.gov/about-employees/WARN
Bristol Myers Squibb Company,BRISTOL MYERS SQUIBB,Plainsboro,,NJ,,2013-01-14,137,,https://www.nj.gov/labor/employer-services/warn/
International Veneer Company Inc.,INTERNATIONAL VENEER,South Hill VA,,VA,2013-01-14,,100,Layoff,https://www.vec.virginia.gov/warn-notices
American Suzuki Motor Corporation,AMERICAN SUZUKI MOTOR,Snohomish and Spokane Counties,,WA,2013-01-14,2013-03-14,2,Permanent,https://esd.wa.gov/about-employees/WARN
Superfresh,SUPERFRESH,Plainsboro,,NJ,,2013-01-11,89,,https://www.nj.gov/labor/employer-services/warn/
Superfresh,SUPERFRESH,Marlton,,NJ,,2013-01-11,48,,https://www.nj.gov/labor/employer-services/warn/
Superfresh,SUPERFRESH,Westmont,,NJ,,2013-01-11,98,,https://www.nj.gov/labor/employer-services/warn/
"Pacific Physicians' Laboratory, Inc.",PACIFIC PHYSICIANS' LABORATORY,Lynnwood,,WA,2013-01-09,2013-03-09,59,Permanent,https://esd.wa.gov/about-employees/WARN
Liberty Medical Supply,LIBERTY MEDICAL SUPPLY,Salem VA,,VA,2013-01-07,,186,,https://www.vec.virginia.gov/warn-notices
URS Federal Services,URS FEDERAL,Falls Church VA,,VA,2013-01-02,,24,Permanent Reduction,https://www.vec.virginia.gov/warn-notices
Home Care Industries Inc.,HOME CARE INDUSTRIES,LaCrosse VA,,VA,2013-01-02,,113,Closure,https://www.vec.virginia.gov/warn-notices
Myroslaw Choma MD PhD PA,MYROSLAW CHOMA MD PHD PA,Hillside,,NJ,,2013-01-01,4,,https://www.nj.gov/labor/employer-services/warn/
"D2L Associates, Inc.",D2L ASSOCIATES,Cedar Grove,,NJ,,2012-12-31,31,,https://www.nj.gov/labor/employer-services/warn/
The Children's Place,THE CHILDREN'S PLACE,Monroe,,NJ,,2012-12-31,86,,https://www.nj.gov/labor/employer-services/warn/
Atrium at Hamilton Park,ATRIUM AT HAMILTON PARK,Jersey City,,NJ,,2012-12-31,75,,https://www.nj.gov/labor/employer-services/warn/
Bristol Myers Squibb,BRISTOL MYERS SQUIBB,Plainsboro,,NJ,,2012-12-31,479,,https://www.nj.gov/labor/employer-services/warn/
Hamilton Park Health Care Center,HAMILTON PARK HEALTH CARE CENTER,Jersey City,,NJ,,2012-12-31,400,,https://www.nj.gov/labor/employer-services/warn/
"Hamilton Park Renal Dialysis, Inc.",HAMILTON PARK RENAL DIALYSIS,Jersey City,,NJ,,2012-12-31,27,,https://www.nj.gov/labor/employer-services/warn/
Virtua Medical Group,VIRTUA MEDICAL GROUP,Marlton,,NJ,,2012-12-31,445,,https://www.nj.gov/labor/employer-services/warn/
Wellness Center at Hamilton Park,WELLNESS CENTER AT HAMILTON PARK,Jersey City,,NJ,,2012-12-31,5,,https://www.nj.gov/labor/employer-services/warn/
Genuardi's,GENUARDI'S,Marlton,,NJ,,2012-12-29,94,,https://www.nj.gov/labor/employer-services/warn/
Skookum,SKOOKUM,Ft. Lewis,,WA,2012-12-27,2013-02-28,54,Temporary,https://esd.wa.gov/about-employees/WARN
Archstone,ARCHSTONE,Alexandria VA,,VA,2012-12-22,,69,Layoff,https://www.vec.virginia.gov/warn-notices
American Management Services (Pinnacle),AMERICAN MANAGEMENT (PINNACLE),Fort Belvoir (Fairfax County) VA,,VA,2012-12-21,,66,Closure,https://www.vec.virginia.gov/warn-notices
Life Care Center of West Seattle,LIFE CARE CENTER OF WEST SEATTLE,Seattle,,WA,2012-12-20,2013-01-31,99,Permanent,https://esd.wa.gov/about-employees/WARN
TriWest Healthcare Alliance Corporation,TRIWEST HEALTHCARE ALLIANCE,Pierce County,,WA,2012-12-18,2013-02-15,127,Permanent,https://esd.wa.gov/about-employees/WARN
TriWest Healthcare Alliance Corporation,TRIWEST HEALTHCARE ALLIANCE,Yakima,,WA,2012-12-18,2013-02-15,1,Permanent,https://esd.wa.gov/about-employees/WARN
TriWest Healthcare Alliance Corporation,TRIWEST HEALTHCARE ALLIANCE,Port Angeles,,WA,2012-12-18,2013-02-15,2,Permanent,https://esd.wa.gov/about-employees/WARN
TriWest Healthcare Alliance Corporation,TRIWEST HEALTHCARE ALLIANCE,Bremerton,,WA,2012-12-18,2013-02-15,5,Permanent,https://esd.wa.gov/about-employees/WARN
General Dynamics Information Technology Inc.,GENERAL DYNAMICS INFORMATION,Charlottesville VA,,VA,2012-12-17,,84,Permanent Reduction,https://www.vec.virginia.gov/warn-notices
Genuardi's,GENUARDI'S,Egg Harbor Township,,NJ,,2012-12-15,84,,https://www.nj.gov/labor/employer-services/warn/
Genuardi's,GENUARDI'S,Barnegat,,NJ,,2012-12-15,66,,https://www.nj.gov/labor/employer-services/warn/
"Sandoz, Inc.",SANDOZ,Princeton,,NJ,,2012-12-14,84,,https://www.nj.gov/labor/employer-services/warn/
TriWest Healthcare Alliance Corporation,TRIWEST HEALTHCARE ALLIANCE,Everett,,WA,2012-12-14,2013-02-15,2,Permanent,https://esd.wa.gov/about-employees/WARN
TriWest Healthcare Alliance Corporation,TRIWEST HEALTHCARE ALLIANCE,Oak Harbor,,WA,2012-12-14,2013-02-15,4,Permanent,https://esd.wa.gov/about-employees/WARN
TriWest Healthcare Alliance Corporation,TRIWEST HEALTHCARE ALLIANCE,Fairchild AFB,,WA,2012-12-14,2013-02-15,3,Permanent,https://esd.wa.gov/about-employees/WARN
Mundy Support Services LLC,MUNDY SUPPORT,Narrows VA,,VA,2012-12-13,,124,Layoff,https://www.vec.virginia.gov/warn-notices
La Plaza,LA PLAZA,Secaucus,,NJ,,2012-12-12,70,,https://www.nj.gov/labor/employer-services/warn/
Comcast,COMCAST,Union,,NJ,,2012-12-09,84,,https://www.nj.gov/labor/employer-services/warn/
Merck,MERCK,Kenilworth,,NJ,,2012-12-05,150,,https://www.nj.gov/labor/employer-services/warn/
CDI Marine Company,CDI MARINE,Portsmouth VA,,VA,2012-12-03,,55,Layoff,https://www.vec.virginia.gov/warn-notices
"A.F.L. Quality, Inc.",A F L QUALITY,Voorhees,,NJ,,2012-11-27,49,,https://www.nj.gov/labor/employer-services/warn/
AFL Quality NY LLC,AFL QUALITY NY,Secaucus,,NJ,,2012-11-27,14,,https://www.nj.gov/labor/employer-services/warn/
Masco Cabinetry,MASCO CABINETRY,Lakewood,,NJ,,2012-11-21,190,,https://www.nj.gov/labor/employer-services/warn/
TE Connectivity,TE CONNECTIVITY,Morristown,,NJ,,2012-11-19,20,,https://www.nj.gov/labor/employer-services/warn/
American Airlines,AMERICAN AIRLINES,Newark,,NJ,,2012-11-16,74,,https://www.nj.gov/labor/employer-services/warn/
Pactiv,PACTIV,Kearny,,NJ,,2012-11-16,79,,https://www.nj.gov/labor/employer-services/warn/
"Raymours Furniture Company, Inc., d/b/a Raymour & Flanigan",RAYMOURS FURNITURE D/B/A RAYMOUR FLANIGAN,Liverpool,,NJ,,2012-11-15,91,,https://www.nj.gov/labor/employer-services/warn/
Masco Cabinetry,MASCO CABINETRY,Atkins VA,,VA,2012-11-15,,280,Closure,https://www.vec.virginia.gov/warn-notices
Sears,SEARS,Lynchburg VA,,VA,2012-11-15,,5,Layoff,https://www.vec.virginia.gov/warn-notices
Smithfield,SMITHFIELD,Portsmouth VA,,VA,2012-11-12,,388,Closure,https://www.vec.virginia.gov/warn-notices
Comcast,COMCAST,Union,,NJ,,2012-11-09,66,,https://www.nj.gov/labor/employer-services/warn/
Northrop Grumman,NORTHROP GRUMMAN,Mount Laurel,,NJ,,2012-11-06,61,,https://www.nj.gov/labor/employer-services/warn/
JELD-WEN-rescinded,JELD-WEN-RESCINDED,Christianburg VA,,VA,2012-11-06,,138,Closure,https://www.vec.virginia.gov/warn-notices
Target,TARGET,Manasas VA,,VA,2012-11-05,,80,Closure,https://www.vec.virginia.gov/warn-notices
SAIC,SAIC,Charlottesville VA,,VA,2012-11-01,,80,Layoff,https://www.vec.virginia.gov/warn-notices
AGA Service Company dba Allianz Global Assistance,AGA SERVICE DBA ALLIANZ GLOBAL ASSISTANCE,Richmond VA,,VA,2012-11-01,,139,Closure,https://www.vec.virginia.gov/warn-notices
BAE Systems,BAE SYSTEMS,Keyport,,WA,2012-10-31,2012-12-27,57,Permanent,https://esd.wa.gov/about-employees/WARN
Hoffman-La Roche (Roche),HOFFMAN-LA ROCHE (ROCHE),Nutley,,NJ,,2012-10-30,1000,,https://www.nj.gov/labor/employer-services/warn/
DuPont,DUPONT,Chesterfield County VA,,VA,2012-10-30,,64,Layoff,https://www.vec.virginia.gov/warn-notices
"Semiahmoo Resort Company, LLC",SEMIAHMOO RESORT,Blaine,,WA,2012-10-30,2012-12-31,224,Permanent,https://esd.wa.gov/about-employees/WARN
SRA International Inc.,SRA INTERNATIONAL,Arlington VA,,VA,2012-10-29,,222,Layoff,https://www.vec.virginia.gov/warn-notices
Henkel-Harris,HENKEL-HARRIS,Winchester VA,,VA,2012-10-29,,122,Closure,https://www.vec.virginia.gov/warn-notices
Staples,STAPLES,Monroe,,NJ,,2012-10-26,110,,https://www.nj.gov/labor/employer-services/warn/
Wyle,WYLE,McLean VA,,VA,2012-10-26,,60,Layoff,https://www.vec.virginia.gov/warn-notices
"Clopay Building Products Company, Inc.",CLOPAY BUILDING PRODUCTS,Auburn,,WA,2012-10-25,2013-01-25,55,Permanent,https://esd.wa.gov/about-employees/WARN
SEARS,SEARS,Lynchburg VA,,VA,2012-10-23,,71,Layoff,https://www.vec.virginia.gov/warn-notices
"Citigroup Technology, Inc.",CITIGROUP,Weekhawken,,NJ,,2012-10-19,88,,https://www.nj.gov/labor/employer-services/warn/
Strayer University,STRAYER UNIVERSITY,Chantilly VA,,VA,2012-10-15,,61,Closure,https://www.vec.virginia.gov/warn-notices
Elizabeth Detention Center aka CorrectionsCorporation of America,ELIZABETH DETENTION CENTER AKA CORRECTIONSCORPORATION OF AMERICA,Elizabeth,,NJ,,2012-10-13,148,,https://www.nj.gov/labor/employer-services/warn/
Papetti's Hygrade Egg Products,PAPETTI'S HYGRADE EGG PRODUCTS,Elizabeth,,NJ,,2012-10-12,57,,https://www.nj.gov/labor/employer-services/warn/
Kurz-Kasch Inc.,KURZ-KASCH,South Boston VA,,VA,2012-10-11,,59,Closure,https://www.vec.virginia.gov/warn-notices
Money Mailer LLC,MONEY MAILER,Franklin VA,,VA,2012-10-08,,72,Closure,https://www.vec.virginia.gov/warn-notices
Draper Valley Holdings LLC,DRAPER VALLEY HOLDINGS,Renton,,WA,2012-10-08,2012-12-07,66,Permanent,https://esd.wa.gov/about-employees/WARN
"Central Lobby, LLC",CENTRAL LOBBY,Atlantic City,,NJ,,2012-10-07,120,,https://www.nj.gov/labor/employer-services/warn/
BAE Systems Technology Solutions & Services Inc.,BAE SYSTEMS,Newport News VA,,VA,2012-10-05,,77,Layoff,https://www.vec.virginia.gov/warn-notices
ARAMARK Sports and Entertainment Services LLC,ARAMARK SPORTS AND ENTERTAINMENT,Luray VA,,VA,2012-10-02,,228,Closure,https://www.vec.virginia.gov/warn-notices
URS Federal Services,URS FEDERAL,Oak Harbor,,WA,2012-09-25,2012-10-31,236,Permanent,https://esd.wa.gov/about-employees/WARN
"American Airlines, Inc.",AMERICAN AIRLINES,Newark,,NJ,,2012-09-21,2,,https://www.nj.gov/labor/employer-services/warn/
Dendreon Corporation,DENDREON,Seattle,,WA,2012-09-20,2012-11-20,145,Permanent,https://esd.wa.gov/about-employees/WARN
Alpha Natural Resources,ALPHA NATURAL RESOURCES,Appalachia VA,,VA,2012-09-18,,110,,https://www.vec.virginia.gov/warn-notices
American Airlines,AMERICAN AIRLINES,Seattle,,WA,2012-09-18,2012-11-16,66,Permanent,https://esd.wa.gov/about-employees/WARN
MissaBay,MISSABAY,Swedesboro,,NJ,,2012-09-17,305,,https://www.nj.gov/labor/employer-services/warn/
On Time Staffing,ON TIME STAFFING,Camden,,NJ,,2012-09-17,50,,https://www.nj.gov/labor/employer-services/warn/
American Airlines,AMERICAN AIRLINES,Chantilly VA,,VA,2012-09-17,,48,Layoff,https://www.vec.virginia.gov/warn-notices
"Catalent CTS (Kansas City), LLC",CATALENT CTS (KANSAS CITY),Mount Laurel,,NJ,,2012-09-14,97,,https://www.nj.gov/labor/employer-services/warn/
"Cadent, Inc.",CADENT,Carlstadt,,NJ,,2012-09-12,106,,https://www.nj.gov/labor/employer-services/warn/
Flour,FLOUR,Richmond VA,,VA,2012-09-12,,184,,https://www.vec.virginia.gov/warn-notices
Berry Plastics Corporation,BERRY PLASTICS,Kent,,WA,2012-09-10,2012-08-24,59,Permanent,https://esd.wa.gov/about-employees/WARN
"Colgan Air, Inc.",COLGAN AIR,Newark,,NJ,,2012-09-09,195,,https://www.nj.gov/labor/employer-services/warn/
GenOn,GENON,Alexandria VA,,VA,2012-09-06,,49,Closure,https://www.vec.virginia.gov/warn-notices
URS,URS,Virginia Beach VA,,VA,2012-09-06,,204,Layoff,https://www.vec.virginia.gov/warn-notices
Daimler Buses North America,DAIMLER BUSES NORTH AMERICA,Secaucus,,NJ,,2012-08-28,7,,https://www.nj.gov/labor/employer-services/warn/
Regional Elite,REGIONAL ELITE,Roanoke VA,,VA,2012-08-24,,38,Closure,https://www.vec.virginia.gov/warn-notices
Aer Lingus,AER LINGUS,Dulles VA,,VA,2012-08-24,,62,,https://www.vec.virginia.gov/warn-notices
General Dynamics Land Systems,GENERAL DYNAMICS LAND SYSTEMS,Woodbridge VA,,VA,2012-08-23,,44,,https://www.vec.virginia.gov/warn-notices
AREVA Federal Services LLC,AREVA FEDERAL,Richland,,WA,2012-08-21,2012-08-15,5,Permanent,https://esd.wa.gov/about-employees/WARN
Federal Mogul,FEDERAL MOGUL,Winchester VA,,VA,2012-08-10,,129,Closure,https://www.vec.virginia.gov/warn-notices
Dove Vinyl Windows,DOVE VINYL WINDOWS,Dublin VA,,VA,2012-08-08,,52,Closure,https://www.vec.virginia.gov/warn-notices
Harland Clarke Holdings Corp.,HARLAND CLARKE HOLDINGS,Milton,,WA,2012-08-06,2012-10-09,35,Permanent,https://esd.wa.gov/about-employees/WARN
Genuardi's,GENUARDI'S,cherry hill,,NJ,,2012-08-04,78,,https://www.nj.gov/labor/employer-services/warn/
Masterbrand Cabinets Inc.,MASTERBRAND CABINETS,Martinsville VA,,VA,2012-08-03,,345,Closure,https://www.vec.virginia.gov/warn-notices
G4S Government Solutionas  Inc.,G4S GOVERNMENT SOLUTIONAS,Fort Belvoir VA,,VA,2012-08-02,,98,Layoff,https://www.vec.virginia.gov/warn-notices
G4S Government Solutions Inc.,G4S GOVERNMENT,Fort Lee VA,,VA,2012-08-02,,68,Layoff,https://www.vec.virginia.gov/warn-notices
Auburn Regional Medical Center,AUBURN REGIONAL MEDICAL CENTER,Auburn,,WA,2012-08-01,2012-09-28,827,Permanent,https://esd.wa.gov/about-employees/WARN
Quality Packaging Specialist International LLC,QUALITY PACKAGING SPECIALIST INTERNATIONAL,Moonachie,,NJ,,2012-07-31,160,,https://www.nj.gov/labor/employer-services/warn/
C3i,C3I,Denville,,NJ,,2012-07-31,46,,https://www.nj.gov/labor/employer-services/warn/
Golden Living,GOLDEN LIVING,Richmond VA,,VA,2012-07-30,,42,Closure,https://www.vec.virginia.gov/warn-notices
BAE Systems Technology Solutions & Services Inc.,BAE SYSTEMS,Newport News VA,,VA,2012-07-24,,76,Layoff,https://www.vec.virginia.gov/warn-notices
EMBA Distributors (Vasaturo Brothers),EMBA DISTRIBUTORS (VASATURO BROTHERS),Edison,,NJ,,2012-07-20,100,,https://www.nj.gov/labor/employer-services/warn/
Universal Lumpers,UNIVERSAL LUMPERS,Auburn,,WA,2012-07-19,2012-09-24,97,Permanent,https://esd.wa.gov/about-employees/WARN
"Thales Avionics, Inc.",THALES AVIONICS,Seattle,,WA,2012-07-16,2012-09-14,42,Permanent,https://esd.wa.gov/about-employees/WARN
Seattle Hilton Hotel,SEATTLE HILTON HOTEL,Seattle,,WA,2012-07-05,2012-09-03,141,Permanent,https://esd.wa.gov/about-employees/WARN
Hostess Brands,HOSTESS BRANDS,Neptune,,NJ,,2012-07-03,42,,https://www.nj.gov/labor/employer-services/warn/
Hostess Brands,HOSTESS BRANDS,Carlstadt,,NJ,,2012-07-03,70,,https://www.nj.gov/labor/employer-services/warn/
Hostess Brands,HOSTESS BRANDS,Bellmawr,,NJ,,2012-07-03,32,,https://www.nj.gov/labor/employer-services/warn/
Hostess Brands,HOSTESS BRANDS,Westville,,NJ,,2012-07-03,3,,https://www.nj.gov/labor/employer-services/warn/
Hostess Brands,HOSTESS BRANDS,Pleasantville,,NJ,,2012-07-03,16,,https://www.nj.gov/labor/employer-services/warn/
Hostess Brands,HOSTESS BRANDS,Wayne,,NJ,,2012-07-03,320,,https://www.nj.gov/labor/employer-services/warn/
Hostess Brands,HOSTESS BRANDS,Hamilton,,NJ,,2012-07-03,24,,https://www.nj.gov/labor/employer-services/warn/
Hostess Brands4,HOSTESS BRANDS4,Somerset,,NJ,,2012-07-03,56,,https://www.nj.gov/labor/employer-services/warn/
CME Group,CME GROUP,Monmouth Junction,,NJ,,2012-07-02,110,,https://www.nj.gov/labor/employer-services/warn/
Mountainside Hospital,MOUNTAINSIDE HOSPITAL,Montclair,,NJ,,2012-07-01,1575,,https://www.nj.gov/labor/employer-services/warn/
MetLife,METLIFE,Morristown,,NJ,,2012-06-30,496,,https://www.nj.gov/labor/employer-services/warn/
Centerplate,CENTERPLATE,Newark,,NJ,,2012-06-29,643,,https://www.nj.gov/labor/employer-services/warn/
MDV,MDV,Norfolk VA,,VA,2012-06-28,,18,Layoff,https://www.vec.virginia.gov/warn-notices
Southeast Service Corporation d/b/a SSC Service Solution,SOUTHEAST SERVICE D/B/A SSC SERVICE SOLUTION,McLean VA,,VA,2012-06-22,,90,Layoff,https://www.vec.virginia.gov/warn-notices
National Food Corporation,NATIONAL FOOD,Everett,,WA,2012-06-22,2012-08-24,75,Permanent,https://esd.wa.gov/about-employees/WARN
Xanodyne Pharmaceuticals Inc.,XANODYNE PHARMACEUTICALS,Powhatan VA,,VA,2012-06-21,,1,Layoff,https://www.vec.virginia.gov/warn-notices
Parsons,PARSONS,Pasco,,WA,2012-06-20,2012-08-19,103,Permanent,https://esd.wa.gov/about-employees/WARN
"Gussco Manufacturing, LLC",GUSSCO MANUFACTURING,Cedar Grove,,NJ,,2012-06-16,102,,https://www.nj.gov/labor/employer-services/warn/
"Publishers Circulation Fulfillment, Inc.",PUBLISHERS CIRCULATION FULFILLMENT,Rockleigh,,NJ,,2012-06-15,80,,https://www.nj.gov/labor/employer-services/warn/
Dilliards Inc,DILLIARDS,Colonial Heights VA,,VA,2012-06-11,,59,Closure,https://www.vec.virginia.gov/warn-notices
Summit Medical Group,SUMMIT MEDICAL GROUP,Berkeley Heights,,NJ,,2012-06-09,7,,https://www.nj.gov/labor/employer-services/warn/
Novartis Pharmaceuticals Corporation,NOVARTIS PHARMACEUTICALS,East Hanover,,NJ,,2012-06-08,5,,https://www.nj.gov/labor/employer-services/warn/
Novartis Pharmaceuticals Corporation,NOVARTIS PHARMACEUTICALS,East Hanover,,NJ,,2012-06-08,93,,https://www.nj.gov/labor/employer-services/warn/
Novartis Pharmaceuticals Corporation,NOVARTIS PHARMACEUTICALS,East Hanover,,NJ,,2012-06-08,35,,https://www.nj.gov/labor/employer-services/warn/
Novartis Pharmaceuticals Corporation,NOVARTIS PHARMACEUTICALS,East Hanover,,NJ,,2012-06-08,1380,,https://www.nj.gov/labor/employer-services/warn/
Novartis Pharmaceuticals Corporation,NOVARTIS PHARMACEUTICALS,East Hanover,,NJ,,2012-06-08,45,,https://www.nj.gov/labor/employer-services/warn/
Novartis Pharmaceuticals Corporation,NOVARTIS PHARMACEUTICALS,East Hanover,,NJ,,2012-06-08,27,,https://www.nj.gov/labor/employer-services/warn/
Strauss Auto,STRAUSS AUTO,South River,,NJ,,2012-06-04,384,,https://www.nj.gov/labor/employer-services/warn/
IAP Worldwide Services,IAP WORLDWIDE,Ft. Belvoir VA,,VA,2012-06-04,,185,,https://www.vec.virginia.gov/warn-notices
Sterling Bank (First Independent Bank),STERLING BANK (FIRST INDEPENDENT BANK),Vancouver,,WA,2012-06-04,2012-08-03,63,Permanent,https://esd.wa.gov/about-employees/WARN
Saint Clare's Health System,SAINT CLARE'S HEALTH SYSTEM,Denville,,NJ,,2012-06-01,31,,https://www.nj.gov/labor/employer-services/warn/
ATK Energetic Systems,ATK ENERGETIC SYSTEMS,Radford VA,,VA,2012-06-01,,614,Layoff,https://www.vec.virginia.gov/warn-notices
Golden West Foods,GOLDEN WEST FOODS,Bedford VA,,VA,2012-05-30,,119,Closure,https://www.vec.virginia.gov/warn-notices
RG Steel LLC,RG STEEL,Emporia VA,,VA,2012-05-23,,10,Layoff,https://www.vec.virginia.gov/warn-notices
Sennett Security Products,SENNETT SECURITY PRODUCTS,Fredericksburg VA,,VA,2012-05-22,,50,Closure,https://www.vec.virginia.gov/warn-notices
Delta Air Lines Reservation Call Center,DELTA AIR LINES RESERVATION CALL CENTER,SeaTac,,WA,2012-05-22,2012-09-01,189,Permanent,https://esd.wa.gov/about-employees/WARN
Daily Press,DAILY PRESS,Newport News VA,,VA,2012-05-10,,80,Closure,https://www.vec.virginia.gov/warn-notices
"Amonix, Inc.",AMONIX,Langley,,WA,2012-05-07,2012-06-30,1,Permanent,https://esd.wa.gov/about-employees/WARN
Hostess Brands,HOSTESS BRANDS,Bellingham,,WA,2012-05-07,2012-07-03,6,Permanent,https://esd.wa.gov/about-employees/WARN
Hostess Brands,HOSTESS BRANDS,Everett,,WA,2012-05-07,2012-07-03,15,Permanent,https://esd.wa.gov/about-employees/WARN
Hostess Brands,HOSTESS BRANDS,Seattle,,WA,2012-05-07,2012-07-03,111,Permanent,https://esd.wa.gov/about-employees/WARN
Hostess Brands,HOSTESS BRANDS,Kent,,WA,2012-05-07,2012-07-03,17,Permanent,https://esd.wa.gov/about-employees/WARN
Hostess Brands,HOSTESS BRANDS,Lakewood,,WA,2012-05-07,2012-07-03,53,Permanent,https://esd.wa.gov/about-employees/WARN
Hostess Brands,HOSTESS BRANDS,Tacoma,,WA,2012-05-07,2012-07-03,3,Permanent,https://esd.wa.gov/about-employees/WARN
Hostess Brands,HOSTESS BRANDS,Tumwater,,WA,2012-05-07,2012-07-03,8,Permanent,https://esd.wa.gov/about-employees/WARN
Hostess Brands,HOSTESS BRANDS,Moses Lake,,WA,2012-05-07,2012-07-03,2,Permanent,https://esd.wa.gov/about-employees/WARN
Hostess Brands,HOSTESS BRANDS,Yakima,,WA,2012-05-07,2012-07-03,9,Permanent,https://esd.wa.gov/about-employees/WARN
Hostess Brands,HOSTESS BRANDS,Spokane,,WA,2012-05-07,2012-07-03,14,Permanent,https://esd.wa.gov/about-employees/WARN
Pathmark,PATHMARK,Lawnside,,NJ,,2012-05-06,122,,https://www.nj.gov/labor/employer-services/warn/
Hostess Brands,HOSTESS BRANDS,Statewide VA,,VA,2012-05-04,,221,Closure,https://www.vec.virginia.gov/warn-notices
Verizon Wireless,VERIZON WIRELESS,Bellevue,,WA,2012-05-02,2012-06-30,814,Permanent,https://esd.wa.gov/about-employees/WARN
Northrop Grumman,NORTHROP GRUMMAN,Fort Eustis & Fort Story VA,,VA,2012-05-01,,130,Layoff,https://www.vec.virginia.gov/warn-notices
CSC,CSC,Hampton VA,,VA,2012-05-01,,7,Layoff,https://www.vec.virginia.gov/warn-notices
Novartis Pharmaceuticals Corporation,NOVARTIS PHARMACEUTICALS,East Hanover,,NJ,,2012-04-30,247,,https://www.nj.gov/labor/employer-services/warn/
ICL Performance Products LP,ICL PERFORMANCE PRODUCTS,Carteret,,NJ,,2012-04-27,70,,https://www.nj.gov/labor/employer-services/warn/
"Healthcare Services Group, Inc.",HEALTHCARE GROUP,Bensalem,,NJ,,2012-04-27,14,,https://www.nj.gov/labor/employer-services/warn/
Millhouse Day Care,MILLHOUSE DAY CARE,Trenton,,NJ,,2012-04-27,19,,https://www.nj.gov/labor/employer-services/warn/
CRAssociates Inc.,CRASSOCIATES,Fairfax & Woodbridge VA,,VA,2012-04-27,,431,Layoff,https://www.vec.virginia.gov/warn-notices
Davis Wire Corporation,DAVIS WIRE,Kent,,WA,2012-04-27,2012-06-19,57,Permanent,https://esd.wa.gov/about-employees/WARN
BAE Systems,BAE SYSTEMS,Keyport,,WA,2012-04-27,2012-06-30,61,Permanent,https://esd.wa.gov/about-employees/WARN
Delphinus Engineering Inc.,DELPHINUS ENGINEERING,Norfolk VA,,VA,2012-04-26,,46,Layoff,https://www.vec.virginia.gov/warn-notices
Serco Inc.,SERCO,Fairfax VA,,VA,2012-04-25,,58,,https://www.vec.virginia.gov/warn-notices
Best Buy,BEST BUY,Alexandria VA,,VA,2012-04-14,,64,Closure,https://www.vec.virginia.gov/warn-notices
Cardiac Science Corporate,CARDIAC SCIENCE CORPORATE,Bothell,,WA,2012-04-10,2012-06-05,60,Permanent,https://esd.wa.gov/about-employees/WARN
Harland Clarke Holdings Corp.,HARLAND CLARKE HOLDINGS,Milton,,WA,2012-04-10,2012-06-02,74,Permanent,https://esd.wa.gov/about-employees/WARN
TRG Customer Solutions,TRG CUSTOMER,Hampton VA,,VA,2012-04-04,,371,Layoff,https://www.vec.virginia.gov/warn-notices
Verizon,VERIZON,Ewing,,NJ,,2012-04-03,336,,https://www.nj.gov/labor/employer-services/warn/
Novartis Pharmaceuticals Corporation,NOVARTIS PHARMACEUTICALS,East Hanover,,NJ,,2012-04-02,43,,https://www.nj.gov/labor/employer-services/warn/
Atlantic Coast Media Group,ATLANTIC COAST MEDIA GROUP,Jersey City,,NJ,,2012-04-02,90,,https://www.nj.gov/labor/employer-services/warn/
General Dynamics,GENERAL DYNAMICS,Woodbridge VA,,VA,2012-04-02,,3,,https://www.vec.virginia.gov/warn-notices
"Zipper Interactive, Inc.",ZIPPER INTERACTIVE,Redmond,,WA,2012-04-02,2012-06-01,86,Permanent,https://esd.wa.gov/about-employees/WARN
Smiths Detection,SMITHS DETECTION,Morristown,,NJ,,2012-03-30,100,,https://www.nj.gov/labor/employer-services/warn/
Boeing,BOEING,Puget Sound,,WA,2012-03-26,2012-05-28,39,Permanent,https://esd.wa.gov/about-employees/WARN
Lockheed Martin,LOCKHEED MARTIN,Norfolk & Suffolk VA,,VA,2012-03-22,,92,Layoff,https://www.vec.virginia.gov/warn-notices
Luke & Associates Inc.,LUKE ASSOCIATES,Langley AFB VA,,VA,2012-03-19,,182,Layoff,https://www.vec.virginia.gov/warn-notices
ARAMARK Higher Education,ARAMARK HIGHER EDUCATION,Hampden-Sydney VA,,VA,2012-03-19,,82,Closure,https://www.vec.virginia.gov/warn-notices
Video Gaming Technologies Inc.,VIDEO GAMING,Ruckersville VA,,VA,2012-03-15,,218,Closure,https://www.vec.virginia.gov/warn-notices
sanofi-aventis U.S. Inc.,SANOFI-AVENTIS U S,Bridgewater,,NJ,,2012-03-12,391,,https://www.nj.gov/labor/employer-services/warn/
A & P,A P,Kearny,,NJ,,2012-03-10,129,,https://www.nj.gov/labor/employer-services/warn/
A & P,A P,Bayonne,,NJ,,2012-03-10,89,,https://www.nj.gov/labor/employer-services/warn/
IntraPac,INTRAPAC,Swedesboro,,NJ,,2012-03-09,51,,https://www.nj.gov/labor/employer-services/warn/
Phoenix Color Corporation,PHOENIX COLOR,Rockaway,,NJ,,2012-03-04,47,,https://www.nj.gov/labor/employer-services/warn/
Northrop Grumman Corporation,NORTHROP GRUMMAN,Chantilly VA,,VA,2012-03-02,,1,Layoff,https://www.vec.virginia.gov/warn-notices
State Farm Insurance,STATE FARM INSURANCE,Parsippany,,NJ,,2012-02-29,500,,https://www.nj.gov/labor/employer-services/warn/
Swedish Visiting Nurse Services,SWEDISH VISITING NURSE,"Seattle, Mountlake Terrace",,WA,2012-02-28,2012-04-27,216,Permanent,https://esd.wa.gov/about-employees/WARN
LightSquard,LIGHTSQUARD,Reston VA,,VA,2012-02-27,,123,Permanent Reduction,https://www.vec.virginia.gov/warn-notices
Lockheed Martin,LOCKHEED MARTIN,Hampton VA,,VA,2012-02-27,,65,Layoff,https://www.vec.virginia.gov/warn-notices
"Food Circus Super Markets, Inc.",FOOD CIRCUS SUPER MARKETS,Bayville,,NJ,,2012-02-25,75,,https://www.nj.gov/labor/employer-services/warn/
SIMOS,SIMOS,Williamsburg VA,,VA,2012-02-24,,135,Layoff,https://www.vec.virginia.gov/warn-notices
ATK Mission Systems Group Space Division NASA Langley Facility,ATK MISSION SYSTEMS GROUP SPACE DIVISION NASA LANGLEY FACILITY,Hampton VA,,VA,2012-02-23,,124,Layoff,https://www.vec.virginia.gov/warn-notices
CenturyLink,CENTURYLINK,Gig Harbor,,WA,2012-02-23,2012-04-27,52,Permanent,https://esd.wa.gov/about-employees/WARN
Duro Duro Bag Manufacturing Compnay,DURO DURO BAG MANUFACTURING COMPNAY,Richmond VA,,VA,2012-02-21,,154,Closure,https://www.vec.virginia.gov/warn-notices
INOVA HEALTH SYSTEM,INOVA HEALTH SYSTEM,Falls Church VA,,VA,2012-02-16,,210,Layoff,https://www.vec.virginia.gov/warn-notices
Sears Holdings Sears Roebuck & Co. Associate Service Center,SEARS HOLDINGS SEARS ROEBUCK ASSOCIATE SERVICE CENTER,Norfolk VA,,VA,2012-02-15,,84,Closure,https://www.vec.virginia.gov/warn-notices
General Dynamics Land Systems,GENERAL DYNAMICS LAND SYSTEMS,Woodbridge VA,,VA,2012-02-13,,44,,https://www.vec.virginia.gov/warn-notices
Heinz North America,HEINZ NORTH AMERICA,Kent,,WA,2012-02-10,2012-04-13,79,Permanent,https://esd.wa.gov/about-employees/WARN
HanoverDirect Inc,HANOVERDIRECT,Roanoke VA,,VA,2012-02-09,,189,Layoff,https://www.vec.virginia.gov/warn-notices
CCC Transporation LLC,CCC TRANSPORATION,West Point VA,,VA,2012-02-03,,74,Closure,https://www.vec.virginia.gov/warn-notices
Novartis Pharmaceuticals Corporation,NOVARTIS PHARMACEUTICALS,East Hanover,,NJ,,2012-02-01,145,,https://www.nj.gov/labor/employer-services/warn/
Virginia Port Authority,VIRGINIA PORT AUTHORITY,Norfolk VA,,VA,2012-02-01,,39,Layoff,https://www.vec.virginia.gov/warn-notices
Trenton Convalescent Center Operating Co.,TRENTON CONVALESCENT CENTER OPERATING,Trenton,,NJ,,2012-01-31,173,,https://www.nj.gov/labor/employer-services/warn/
QinetiQ North America Inc,QINETIQ NORTH AMERICA,Springfield VA,,VA,2012-01-30,,180,Layoff,https://www.vec.virginia.gov/warn-notices
Bluefield Beverage Company,BLUEFIELD BEVERAGE,Bluefield VA,,VA,2012-01-27,,107,Closure,https://www.vec.virginia.gov/warn-notices
The Mason Inn - ARAMARK,THE MASON INN - ARAMARK,Fairfax VA,,VA,2012-01-24,,135,Layoff,https://www.vec.virginia.gov/warn-notices
Kroger Food Stores,KROGER FOOD STORES,Martinsville VA,,VA,2012-01-23,,62,Closure,https://www.vec.virginia.gov/warn-notices
Exxon Mobil Corporation,EXXON MOBIL,Fairfax,,NJ,,2012-01-22,180,,https://www.nj.gov/labor/employer-services/warn/
Potomac Supply Corporation,POTOMAC SUPPLY,Kinsale VA,,VA,2012-01-18,,98,Closure,https://www.vec.virginia.gov/warn-notices
Miller Truck Lines LLC,MILLER TRUCK LINES,Altavista VA,,VA,2012-01-15,,3,Closure,https://www.vec.virginia.gov/warn-notices
Kmart Corporation,KMART,Lawnside,,NJ,,2012-01-13,81,,https://www.nj.gov/labor/employer-services/warn/
"Sykes Enterprises, Incorporated",SYKES ENTERPRISES,Spokane Valley,,WA,2012-01-10,2012-03-12,167,Permanent,https://esd.wa.gov/about-employees/WARN
Syms Corporation and Filene's Basement,SYMS AND FILENE'S BASEMENT,Cherry Hill,,NJ,,2012-01-09,27,,https://www.nj.gov/labor/employer-services/warn/
Syms Corporation and Filene's Basement,SYMS AND FILENE'S BASEMENT,Woodbridge,,NJ,,2012-01-09,37,,https://www.nj.gov/labor/employer-services/warn/
Syms Corporation and Filene's Basement,SYMS AND FILENE'S BASEMENT,Secaucus,,NJ,,2012-01-09,106,,https://www.nj.gov/labor/employer-services/warn/
Syms Corporation and Filene's Basement,SYMS AND FILENE'S BASEMENT,Paramus,,NJ,,2012-01-09,60,,https://www.nj.gov/labor/employer-services/warn/
Warsaw Healthcare Center,WARSAW HEALTHCARE CENTER,Warsaw VA,,VA,2012-01-09,,48,Closure,https://www.vec.virginia.gov/warn-notices
"ARAMARK Sports, LLC",ARAMARK SPORTS,Oceanport,,NJ,,2012-01-02,310,,https://www.nj.gov/labor/employer-services/warn/
"ARAMARK Sports, LLC",ARAMARK SPORTS,East Rutherford,,NJ,,2012-01-02,208,,https://www.nj.gov/labor/employer-services/warn/
Bemis,BEMIS,Flemington,,NJ,,2012-01-02,53,,https://www.nj.gov/labor/employer-services/warn/
GENCO,GENCO,Swedesboro,,NJ,,2011-12-31,90,,https://www.nj.gov/labor/employer-services/warn/
MIQ Logistrics,MIQ LOGISTRICS,Jersey City,,NJ,,2011-12-31,65,,https://www.nj.gov/labor/employer-services/warn/
"ECSM Utility Contractors, Inc.",ECSM UTILITY CONTRACTORS,Englishtown,,NJ,,2011-12-31,88,,https://www.nj.gov/labor/employer-services/warn/
Port Jersey Transportation,PORT JERSEY TRANSPORTATION,Monroe,,NJ,,2011-12-30,6,,https://www.nj.gov/labor/employer-services/warn/
Muller Martini Manufacturing Corp.,MULLER MARTINI MANUFACTURING,Newport News VA,,VA,2011-12-28,,31,Closure,https://www.vec.virginia.gov/warn-notices
Merck,MERCK,Springfield,,NJ,,2011-12-20,50,,https://www.nj.gov/labor/employer-services/warn/
Lowe's,LOWE'S,Old Bridge,,NJ,,2011-12-16,110,,https://www.nj.gov/labor/employer-services/warn/
Potomac Supply Corporation,POTOMAC SUPPLY,Kinsdale VA,,VA,2011-12-14,,57,Closure,https://www.vec.virginia.gov/warn-notices
Sixth Avenue Electronics,SIXTH AVENUE ELECTRONICS,Springfield,,NJ,,2011-12-10,100,,https://www.nj.gov/labor/employer-services/warn/
Saint Clare's Health Systems,SAINT CLARE'S HEALTH SYSTEMS,Denville,,NJ,,2011-12-09,12,,https://www.nj.gov/labor/employer-services/warn/
Pitney Bowes Inc,PITNEY BOWES,Chesapeake VA,,VA,2011-12-09,,64,Closure,https://www.vec.virginia.gov/warn-notices
Aramark,ARAMARK,Norfolk VA,,VA,2011-12-09,,67,Closure,https://www.vec.virginia.gov/warn-notices
Snokist Growers,SNOKIST GROWERS,Yakima,,WA,2011-12-09,2012-02-05,607,Permanent,https://esd.wa.gov/about-employees/WARN
Susquehanna,SUSQUEHANNA,Vineland,,NJ,,2011-12-07,32,,https://www.nj.gov/labor/employer-services/warn/
"DGI Services, LLC",DGI,Swedesboro,,NJ,,2011-12-05,179,,https://www.nj.gov/labor/employer-services/warn/
New Jersey Sports & Exposition Authority,NEW JERSEY SPORTS EXPOSITION AUTHORITY,East Rutherford,,NJ,,2011-12-04,450,,https://www.nj.gov/labor/employer-services/warn/
Windstream Communications,WINDSTREAM COMMUNICATIONS,Richmond VA,,VA,2011-12-01,,70,Layoff,https://www.vec.virginia.gov/warn-notices
New Brunswick Scientific Inc.,NEW BRUNSWICK SCIENTIFIC,Edison,,NJ,,2011-11-30,184,,https://www.nj.gov/labor/employer-services/warn/
BASF Corporation,BASF,Suffolk VA,,VA,2011-11-29,,45,Layoff,https://www.vec.virginia.gov/warn-notices
"Emerald Shared Services DBA K&L Distributors, Inc.",EMERALD SHARED DBA K L DISTRIBUTORS,Renton,,WA,2011-11-21,2012-01-20,215,Permanent,https://esd.wa.gov/about-employees/WARN
Saint Clare's Health System,SAINT CLARE'S HEALTH SYSTEM,Denville,,NJ,,2011-11-18,26,,https://www.nj.gov/labor/employer-services/warn/
Command Web Offset Co.,COMMAND WEB OFFSET,Secaucus,,NJ,,2011-11-15,105,,https://www.nj.gov/labor/employer-services/warn/
Marion Youth Center,MARION YOUTH CENTER,Marion VA,,VA,2011-11-08,,108,Closure,https://www.vec.virginia.gov/warn-notices
Dendreon,DENDREON,Morris Plains,,NJ,,2011-11-06,195,,https://www.nj.gov/labor/employer-services/warn/
Filene's Basement/Syms Clothing Syms Corp and Filene's basement LLCOne Syms WaySecaucus New Jersey,FILENE'S BASEMENT/SYMS CLOTHING SYMS AND FILENE'S BASEMENT LLCONE SYMS WAYSECAUCUS NEW JERSEY,Falls Church VA,,VA,2011-11-04,,35,Closure,https://www.vec.virginia.gov/warn-notices
Sea Gull Lighting Products,SEA GULL LIGHTING PRODUCTS,Riverside,,NJ,,2011-10-28,73,,https://www.nj.gov/labor/employer-services/warn/
Berry Plastics Corporation,BERRY PLASTICS,Henrico VA,,VA,2011-10-28,,123,Closure,https://www.vec.virginia.gov/warn-notices
Muller Martini Manufacturing Corp.,MULLER MARTINI MANUFACTURING,Newport News VA,,VA,2011-10-27,,98,Closure,https://www.vec.virginia.gov/warn-notices
Rock-Tenn Company,ROCK-TENN,Martinsville VA,,VA,2011-10-25,,110,Closure,https://www.vec.virginia.gov/warn-notices
"Consolidated Services Group, Inc.",CONSOLIDATED GROUP,Cherry Hill,,NJ,,2011-10-24,106,,https://www.nj.gov/labor/employer-services/warn/
Washington State Employment Security Department,WASHINGTON STATE EMPLOYMENT SECURITY DEPARTMENT,Statewide,,WA,2011-10-21,2012-01-16,222,Permanent,https://esd.wa.gov/about-employees/WARN
"Lowe's HIW, Inc.",LOWE'S HIW,Tacoma,,WA,2011-10-20,2011-12-16,92,Permanent,https://esd.wa.gov/about-employees/WARN
ARL Richmond Management LLC (Richmond Ramada Plaza) One Post Office Square Suite,ARL RICHMOND MANAGEMENT (RICHMOND RAMADA PLAZA) ONE POST OFFICE SQUARE SUITE,Richmond VA,,VA,2011-10-19,,73,Closure,https://www.vec.virginia.gov/warn-notices
Kimberly-Clark Corporation,KIMBERLY-CLARK,Everett,,WA,2011-10-19,2012-01-01,760,Permanent,https://esd.wa.gov/about-employees/WARN
QuadGraphics N,QUADGRAPHICS N,Richmond VA,,VA,2011-10-17,,126,Closure,https://www.vec.virginia.gov/warn-notices
Lowe's Home Centers Inc.,LOWE'S HOME CENTERS,Emporia VA,,VA,2011-10-17,,95,Closure,https://www.vec.virginia.gov/warn-notices
Genie,GENIE,Shenandoah VA,,VA,2011-10-13,,92,Closure,https://www.vec.virginia.gov/warn-notices
"BlueScope Buildings North America, Inc.",BLUESCOPE BUILDINGS NORTH AMERICA,Arlington,,WA,2011-10-13,2011-12-12,67,Permanent,https://esd.wa.gov/about-employees/WARN
Kerry Ingredients & Flavours,KERRY INGREDIENTS FLAVOURS,Kent,,WA,2011-10-13,2011-12-16,58,Permanent,https://esd.wa.gov/about-employees/WARN
Hampton Lumber Mills,HAMPTON LUMBER MILLS,Darrington,,WA,2011-10-12,2011-12-12,76,Permanent,https://esd.wa.gov/about-employees/WARN
"Lundbeck Research USA, Inc.",LUNDBECK RESEARCH,Paramus,,NJ,,2011-10-10,45,,https://www.nj.gov/labor/employer-services/warn/
Amcor Rigid Plastics,AMCOR RIGID PLASTICS,Cinnaminson,,NJ,,2011-10-04,188,,https://www.nj.gov/labor/employer-services/warn/
MV Transportation Inc.,MV TRANSPORTATION,Norfolk VA,,VA,2011-10-03,,62,,https://www.vec.virginia.gov/warn-notices
GRTC Transit System,GRTC TRANSIT SYSTEM,Richmond VA,,VA,2011-10-03,,122,Layoff,https://www.vec.virginia.gov/warn-notices
Englewood Hospital & Medical Center,ENGLEWOOD HOSPITAL MEDICAL CENTER,Englewood,,NJ,,2011-10-01,96,,https://www.nj.gov/labor/employer-services/warn/
Hometown America,HOMETOWN AMERICA,Whiting,,NJ,,2011-09-30,9,,https://www.nj.gov/labor/employer-services/warn/
"NBTY Manufacturing New Jersey, Inc.",NBTY MANUFACTURING NEW JERSEY,South Plainfield,,NJ,,2011-09-30,58,,https://www.nj.gov/labor/employer-services/warn/
"ArchBrook Laguna, LLC",ARCHBROOK LAGUNA,Carlstadt,,NJ,,2011-09-30,172,,https://www.nj.gov/labor/employer-services/warn/
"Paramount Medical Group, P.C.",PARAMOUNT MEDICAL GROUP P C,Warren,,NJ,,2011-09-30,108,,https://www.nj.gov/labor/employer-services/warn/
Abbott Point of Care,ABBOTT POINT OF CARE,Princeton,,NJ,,2011-09-30,51,,https://www.nj.gov/labor/employer-services/warn/
Kroger Food Stores,KROGER FOOD STORES,Richmond VA,,VA,2011-09-22,,101,Closure,https://www.vec.virginia.gov/warn-notices
Artemiss,ARTEMISS,Newport News VA,,VA,2011-09-16,,66,Closure,https://www.vec.virginia.gov/warn-notices
Stimson Lumber,STIMSON LUMBER,Colville,,WA,2011-09-15,2011-11-11,67,Permanent,https://esd.wa.gov/about-employees/WARN
Landmark Services Parking Inc.,LANDMARK PARKING,Arlington VA,,VA,2011-09-01,,12,Closure,https://www.vec.virginia.gov/warn-notices
New Jersey Sports and Exposition Authority,NEW JERSEY SPORTS AND EXPOSITION AUTHORITY,East Rutherford,,NJ,,2011-08-31,800,,https://www.nj.gov/labor/employer-services/warn/
Flextronics Americas LLC,FLEXTRONICS AMERICAS,Charlotte,,NJ,,2011-08-31,413,,https://www.nj.gov/labor/employer-services/warn/
Canberra Dover,CANBERRA DOVER,Dover,,NJ,,2011-08-31,64,,https://www.nj.gov/labor/employer-services/warn/
INOVA Health System,INOVA HEALTH SYSTEM,Manassas VA,,VA,2011-08-31,,143,Layoff,https://www.vec.virginia.gov/warn-notices
INOVA Health System,INOVA HEALTH SYSTEM,Falls Church VA,,VA,2011-08-31,,463,Layoff,https://www.vec.virginia.gov/warn-notices
TeleTech,TELETECH,Bremerton,,WA,2011-08-31,2011-10-30,240,Permanent,https://esd.wa.gov/about-employees/WARN
Global Contact Services (GCS),GLOBAL CONTACT (GCS),Saltville VA,,VA,2011-08-29,,80,Closure,https://www.vec.virginia.gov/warn-notices
Sony Music Entertainment,SONY MUSIC ENTERTAINMENT,Lyndhurst,,NJ,,2011-08-28,70,,https://www.nj.gov/labor/employer-services/warn/
"Book Covers, Inc.",BOOK COVERS,Newark,,NJ,,2011-08-28,73,,https://www.nj.gov/labor/employer-services/warn/
"Cartondruck, USA, Inc.",CARTONDRUCK,Fairview,,NJ,,2011-08-25,77,,https://www.nj.gov/labor/employer-services/warn/
"Woodinville Lumber, Inc.",WOODINVILLE LUMBER,Woodinville,,WA,2011-08-23,2011-08-26,76,Permanent,https://esd.wa.gov/about-employees/WARN
"Woodinville Construction Services, L.L.C.",WOODINVILLE CONSTRUCTION,Woodinville,,WA,2011-08-23,2011-08-26,38,Permanent,https://esd.wa.gov/about-employees/WARN
Tri-County Truss,TRI-COUNTY TRUSS,Burlington,,WA,2011-08-23,2011-08-26,94,Permanent,https://esd.wa.gov/about-employees/WARN
Cordis Corporation,CORDIS,Warren,,NJ,,2011-08-19,106,,https://www.nj.gov/labor/employer-services/warn/
Kmart,KMART,Spokane,,WA,2011-08-17,2011-11-06,68,Permanent,https://esd.wa.gov/about-employees/WARN
Ceridian  Colonial Place III,CERIDIAN COLONIAL PLACE III,Arlington VA,,VA,2011-08-15,,58,Closure,https://www.vec.virginia.gov/warn-notices
Hampton Affiliates,HAMPTON AFFILIATES,Randle,,WA,2011-08-09,2011-10-31,80,Temporary,https://esd.wa.gov/about-employees/WARN
Lakewood of Voorhees,LAKEWOOD OF VOORHEES,Voorhees,,NJ,,2011-08-01,258,,https://www.nj.gov/labor/employer-services/warn/
Berry Plastics Corporation,BERRY PLASTICS,Elizabeth,,NJ,,2011-08-01,66,,https://www.nj.gov/labor/employer-services/warn/
Lockheed Martin Corporation,LOCKHEED MARTIN,5 Puget Sound military locations,,WA,2011-08-01,2011-09-30,41,Permanent,https://esd.wa.gov/about-employees/WARN
"National Vision, Inc.",NATIONAL VISION,Pennsauken,,NJ,,2011-07-31,213,,https://www.nj.gov/labor/employer-services/warn/
The Bank of New York Mellon,THE BANK OF NEW YORK MELLON,Lodi,,NJ,,2011-07-29,98,,https://www.nj.gov/labor/employer-services/warn/
CH2MHill Plateau Remediation Company,CH2MHILL PLATEAU REMEDIATION,Richland,,WA,2011-07-29,2011-09-29,750,Permanent,https://esd.wa.gov/about-employees/WARN
Materials & Energy Corporation,MATERIALS ENERGY,Richland,,WA,2011-07-29,2011-09-29,141,Permanent,https://esd.wa.gov/about-employees/WARN
"LiDestri Foods, Inc.",LIDESTRI FOODS,Pennsauken,,NJ,,2011-07-22,146,,https://www.nj.gov/labor/employer-services/warn/
DRS Technologies,DRS,Chantilly VA,,VA,2011-07-18,,16,Layoff,https://www.vec.virginia.gov/warn-notices
Current USA Inc.,CURRENT,Virginia Beach VA,,VA,2011-07-18,,8,Closure,https://www.vec.virginia.gov/warn-notices
HearUSA. Inc,HEARUSA,Various NJ locations,,NJ,,2011-07-16,31,,https://www.nj.gov/labor/employer-services/warn/
"Home Care Industries, Inc.",HOME CARE INDUSTRIES,Clifton,,NJ,,2011-07-15,115,,https://www.nj.gov/labor/employer-services/warn/
Amcor Specialty Packaging Glass Tubing Americas,AMCOR SPECIALTY PACKAGING GLASS TUBING AMERICAS,Millville,,NJ,,2011-07-02,412,,https://www.nj.gov/labor/employer-services/warn/
"United Bank Card, Inc.",UNITED BANK CARD,Clinton,,NJ,,2011-07-01,106,,https://www.nj.gov/labor/employer-services/warn/
"Coastal Learning Center, Inc.",COASTAL LEARNING CENTER,Point Pleasant,,NJ,,2011-06-30,23,,https://www.nj.gov/labor/employer-services/warn/
Paterson Ecumenical Preschool,PATERSON ECUMENICAL PRESCHOOL,Paterson,,NJ,,2011-06-30,14,,https://www.nj.gov/labor/employer-services/warn/
American Press One American Place Gordonsville Virginia,AMERICAN PRESS ONE AMERICAN PLACE GORDONSVILLE VIRGINIA,Gordonsville VA,,VA,2011-06-30,,123,Closure,https://www.vec.virginia.gov/warn-notices
Wells Fargo & Co. (Home Equity Group),WELLS FARGO (HOME EQUITY GROUP),Roanoke VA,,VA,2011-06-28,,59,Closure,https://www.vec.virginia.gov/warn-notices
Gates Corporation,GATES,Glade Spring VA,,VA,2011-06-22,,146,Closure,https://www.vec.virginia.gov/warn-notices
Wells Fargo Home Mortgage Servicing,WELLS FARGO HOME MORTGAGE SERVICING,Bellevue,,WA,2011-06-22,2011-08-21,113,Permanent,https://esd.wa.gov/about-employees/WARN
Monterey Gormet Foods,MONTEREY GORMET FOODS,Kent,,WA,2011-06-20,2011-08-17,75,Permanent,https://esd.wa.gov/about-employees/WARN
Penguin Windows,PENGUIN WINDOWS,"Lynnwood, Vancouver",,WA,2011-06-15,2011-06-10,121,Permanent,https://esd.wa.gov/about-employees/WARN
New Jersey Sports and Entertainment Authority,NEW JERSEY SPORTS AND ENTERTAINMENT AUTHORITY,Oceanport,,NJ,,2011-06-06,900,,https://www.nj.gov/labor/employer-services/warn/
New Jersey Sports and Entertainment Authority,NEW JERSEY SPORTS AND ENTERTAINMENT AUTHORITY,Fords,,NJ,,2011-06-06,60,,https://www.nj.gov/labor/employer-services/warn/
General Dynamics Information Technology,GENERAL DYNAMICS INFORMATION,Fort Lee VA,,VA,2011-06-06,,10,Layoff,https://www.vec.virginia.gov/warn-notices
ARAMARK -Johnson&Johnson Healthcare Systems,ARAMARK -JOHNSON JOHNSON HEALTHCARE SYSTEMS,Piscataway,,NJ,,2011-06-03,11,,https://www.nj.gov/labor/employer-services/warn/
ARAMARK Cordis Warren,ARAMARK CORDIS WARREN,Warren,,NJ,,2011-06-03,62,,https://www.nj.gov/labor/employer-services/warn/
ARAMARK Ortho-McNeil Pharmaceutical,ARAMARK ORTHO-MCNEIL PHARMACEUTICAL,Raritan,,NJ,,2011-06-03,62,,https://www.nj.gov/labor/employer-services/warn/
ARAMARK- Ethicon,ARAMARK- ETHICON,Somerville,,NJ,,2011-06-03,19,,https://www.nj.gov/labor/employer-services/warn/
Salem County Improvement Authority,SALEM COUNTY IMPROVEMENT AUTHORITY,Salem,,NJ,,2011-06-01,92,,https://www.nj.gov/labor/employer-services/warn/
"Trump Taj Mahal Associates, LLC d/b/a Trump Administration",TRUMP TAJ MAHAL ASSOCIATES D/B/A TRUMP ADMINISTRATION,Atlantic City,,NJ,,2011-05-31,28,,https://www.nj.gov/labor/employer-services/warn/
Hometown America,HOMETOWN AMERICA,Winchester VA,,VA,2011-05-31,,8,Layoff,https://www.vec.virginia.gov/warn-notices
Petermann Northwest LLC,PETERMANN NORTHWEST,Seattle,,WA,2011-05-27,2011-06-22,109,Permanent,https://esd.wa.gov/about-employees/WARN
"Grays Harbor Paper, LLC",GRAYS HARBOR PAPER,Hoquiam,,WA,2011-05-27,2011-05-25,231,Permanent,https://esd.wa.gov/about-employees/WARN
Muller Martini Manufacturing Corporation,MULLER MARTINI MANUFACTURING,Newport News VA,,VA,2011-05-26,,3,Layoff,https://www.vec.virginia.gov/warn-notices
"Insight Schools, Inc.",INSIGHT SCHOOLS,Bellevue,,WA,2011-05-26,2011-07-18,168,Permanent,https://esd.wa.gov/about-employees/WARN
"Trump Marina Associates, LLC",TRUMP MARINA ASSOCIATES,Atlantic City,,NJ,,2011-05-25,1730,,https://www.nj.gov/labor/employer-services/warn/
RCN Telecom Services LLC Presidents Plaza Building One,RCN TELECOM PRESIDENTS PLAZA BUILDING ONE,Herndon VA,,VA,2011-05-25,,33,,https://www.vec.virginia.gov/warn-notices
Flextronics Americas LLC,FLEXTRONICS AMERICAS,Multiple Retail Locations in VA VA,,VA,2011-05-25,,193,,https://www.vec.virginia.gov/warn-notices
StarTek Inc.,STARTEK,Collinsville VA,,VA,2011-05-23,,628,Closure,https://www.vec.virginia.gov/warn-notices
Georgia-Pacific,GEORGIA-PACIFIC,Skippers VA,,VA,2011-05-23,,105,Closure,https://www.vec.virginia.gov/warn-notices
Citicorp Data Systems,CITICORP DATA SYSTEMS,Englewood Cliffs,,NJ,,2011-05-20,276,,https://www.nj.gov/labor/employer-services/warn/
ARAMARK Aviation Services Limited Partnership,ARAMARK AVIATION PARTNERSHIP,Newark,,NJ,,2011-05-17,60,,https://www.nj.gov/labor/employer-services/warn/
"Norkus Enterprises, Inc. (NEI)",NORKUS ENTERPRISES (NEI),Point Pleasant Beach,,NJ,,2011-05-17,701,,https://www.nj.gov/labor/employer-services/warn/
ARAMARK,ARAMARK,New Brunswick,,NJ,,2011-05-13,46,,https://www.nj.gov/labor/employer-services/warn/
New Breed Corporations,NEW BREED CORPORATIONS,Front Royal VA,,VA,2011-05-10,,79,Closure,https://www.vec.virginia.gov/warn-notices
BAE Systems,BAE SYSTEMS,Keyport,,WA,2011-05-10,2011-06-30,90,Permanent,https://esd.wa.gov/about-employees/WARN
J. C. Penney Corporation Inc. JCPenney Retail Store-Potomac Mills Mall,J C PENNEY JCPENNEY RETAIL STORE-POTOMAC MILLS MALL,Woodbridge VA,,VA,2011-05-03,,103,Closure,https://www.vec.virginia.gov/warn-notices
General Dynamics Land Systems,GENERAL DYNAMICS LAND SYSTEMS,Woodbridge VA,,VA,2011-05-03,,112,,https://www.vec.virginia.gov/warn-notices
"L-3 Services, Inc",L-3,Eatontown,,NJ,,2011-05-02,150,,https://www.nj.gov/labor/employer-services/warn/
State Street Bank & Trust,STATE STREET BANK TRUST,Princeton,,NJ,,2011-05-02,270,,https://www.nj.gov/labor/employer-services/warn/
Yusen Logistics (Americas) Inc.,YUSEN LOGISTICS (AMERICAS),Chesapeake VA,,VA,2011-05-02,,96,Closure,https://www.vec.virginia.gov/warn-notices
TydenBrooks Security Products Group,TYDENBROOKS SECURITY PRODUCTS GROUP,Newton,,NJ,,2011-04-30,52,,https://www.nj.gov/labor/employer-services/warn/
AREVA INC.,AREVA,Newport News VA,,VA,2011-04-29,,1,Permanent Reduction,https://www.vec.virginia.gov/warn-notices
Cardiac Science Corporate,CARDIAC SCIENCE CORPORATE,Bothell,,WA,2011-04-29,2011-07-01,54,Permanent,https://esd.wa.gov/about-employees/WARN
SONOCO,SONOCO,Sanston VA,,VA,2011-04-28,,0,Realignment,https://www.vec.virginia.gov/warn-notices
Pinnacle Foods Group,PINNACLE FOODS GROUP,Tacoma,,WA,2011-04-26,2011-06-23,139,Permanent,https://esd.wa.gov/about-employees/WARN
Canusa Hershman Recycling of Virginia LLC,CANUSA HERSHMAN RECYCLING OF VIRGINIA,Manassas VA,,VA,2011-04-22,,86,,https://www.vec.virginia.gov/warn-notices
Aircraft Service International Group ASIG JFK International Airport Terminial,AIRCRAFT SERVICE INTERNATIONAL GROUP ASIG JFK INTERNATIONAL AIRPORT TERMINIAL,DCA-Arlington VA,,VA,2011-04-21,,86,,https://www.vec.virginia.gov/warn-notices
A & P Store 698,A P STORE 698,Flanders,,NJ,,2011-04-15,80,,https://www.nj.gov/labor/employer-services/warn/
Pathmark STore 440,PATHMARK STORE 440,Hillsborough,,NJ,,2011-04-15,104,,https://www.nj.gov/labor/employer-services/warn/
Pathmark Store 155,PATHMARK STORE 155,Hackensack,,NJ,,2011-04-15,104,,https://www.nj.gov/labor/employer-services/warn/
Pathmark Store 281,PATHMARK STORE 281,Livingston,,NJ,,2011-04-15,77,,https://www.nj.gov/labor/employer-services/warn/
Pathmark Store 287,PATHMARK STORE 287,Whippany,,NJ,,2011-04-15,80,,https://www.nj.gov/labor/employer-services/warn/
Pathmark Store 425,PATHMARK STORE 425,South Plainfield,,NJ,,2011-04-15,109,,https://www.nj.gov/labor/employer-services/warn/
Pathmark Store 437,PATHMARK STORE 437,Gillette,,NJ,,2011-04-15,82,,https://www.nj.gov/labor/employer-services/warn/
Pathmark Store 539,PATHMARK STORE 539,Deptford,,NJ,,2011-04-15,100,,https://www.nj.gov/labor/employer-services/warn/
Pathmark Store 577,PATHMARK STORE 577,Middletown,,NJ,,2011-04-15,93,,https://www.nj.gov/labor/employer-services/warn/
Super Fresh Store 404,SUPER FRESH STORE 404,East Windsor,,NJ,,2011-04-15,83,,https://www.nj.gov/labor/employer-services/warn/
Super Fresh Store 420,SUPER FRESH STORE 420,Hamilton Twp,,NJ,,2011-04-15,80,,https://www.nj.gov/labor/employer-services/warn/
"Radia, Inc. P. S.",RADIA P S,Everett,,WA,2011-04-14,2011-06-30,51,Permanent,https://esd.wa.gov/about-employees/WARN
Northrop Grumman Information Systems,NORTHROP GRUMMAN INFORMATION SYSTEMS,Suffolk VA,,VA,2011-04-12,,32,Permanent Reduction,https://www.vec.virginia.gov/warn-notices
Whirlpool Corporation,WHIRLPOOL,Yakima,,WA,2011-04-12,2011-06-13,140,Permanent,https://esd.wa.gov/about-employees/WARN
"CTSC, LLC",CTSC,FORT MONMOUTH,,NJ,,2011-04-11,245,,https://www.nj.gov/labor/employer-services/warn/
TECOM-Vinnell Services,TECOM-VINNELL,Ft. Monmouth,,NJ,,2011-04-11,130,,https://www.nj.gov/labor/employer-services/warn/
Grocery Haulers Inc.,GROCERY HAULERS,Avenel,,NJ,,2011-04-08,329,,https://www.nj.gov/labor/employer-services/warn/
Capstone Corporation,CAPSTONE,Suffolk No,,VA,2011-04-07,,63,Layoff,https://www.vec.virginia.gov/warn-notices
ARAMARK at Meadowlands Racetrack,ARAMARK AT MEADOWLANDS RACETRACK,East Rutherford,,NJ,,2011-03-31,216,,https://www.nj.gov/labor/employer-services/warn/
Verizon Wireless,VERIZON WIRELESS,Virginia Beach VA,,VA,2011-03-31,,270,Closure,https://www.vec.virginia.gov/warn-notices
Harvest Time Bread Company,HARVEST TIME BREAD,Woodbridge,,NJ,,2011-03-29,61,,https://www.nj.gov/labor/employer-services/warn/
ARAMARK Business & Industry Facilities Services,ARAMARK BUSINESS INDUSTRY FACILITIES,Arlington Co. VA,,VA,2011-03-29,,47,Closure,https://www.vec.virginia.gov/warn-notices
Kmart,KMART,North Plainfield,,NJ,,2011-03-27,64,,https://www.nj.gov/labor/employer-services/warn/
Sony Music Holdings Inc.,SONY MUSIC HOLDINGS,Pitman,,NJ,,2011-03-18,300,,https://www.nj.gov/labor/employer-services/warn/
Atlantis Health Plan,ATLANTIS HEALTH PLAN,Matawan,,NJ,,2011-03-14,16,,https://www.nj.gov/labor/employer-services/warn/
"Union Bank, N.A.",UNION BANK N A,Everett,,WA,2011-03-11,2011-03-31,72,Permanent,https://esd.wa.gov/about-employees/WARN
Remuda Ranch One East Apache Street Wickenburg AZ,REMUDA RANCH ONE EAST APACHE STREET WICKENBURG AZ,Milford VA,,VA,2011-03-10,,74,Closure,https://www.vec.virginia.gov/warn-notices
Areva NP Inc.,AREVA NP,Lynchburg VA,,VA,2011-03-01,,11,Permanent Reduction,https://www.vec.virginia.gov/warn-notices
Baltek Inc.,BALTEK,Northvale,,NJ,,2011-02-28,146,,https://www.nj.gov/labor/employer-services/warn/
Northrop Grumman Technical Services,NORTHROP GRUMMAN TECHNICAL,Suffolk VA,,VA,2011-02-28,,293,Permanent Reduction,https://www.vec.virginia.gov/warn-notices
Benchmark Hospitality,BENCHMARK HOSPITALITY,Virginia Beach VA,,VA,2011-02-28,,85,Layoff,https://www.vec.virginia.gov/warn-notices
Lockheed Martin Information Systems & Global Solutions,LOCKHEED MARTIN INFORMATION SYSTEMS GLOBAL,Alexandria VA,,VA,2011-02-25,,45,Layoff,https://www.vec.virginia.gov/warn-notices
CompuCom Application Services,COMPUCOM APPLICATION,Bellevue,,WA,2011-02-15,2011-02-08,60,Permanent,https://esd.wa.gov/about-employees/WARN
Harland Clarke Holdings Corp.,HARLAND CLARKE HOLDINGS,Milton,,WA,2011-02-09,2011-04-09,53,Permanent,https://esd.wa.gov/about-employees/WARN
Novartis  - Primary Care Business Unit,NOVARTIS - PRIMARY CARE BUSINESS UNIT,East Hanover,,NJ,,2011-02-07,31,,https://www.nj.gov/labor/employer-services/warn/
Novartis  - Psychiatry/Neuroscience Business Unit,NOVARTIS - PSYCHIATRY/NEUROSCIENCE BUSINESS UNIT,East Hanover,,NJ,,2011-02-07,11,,https://www.nj.gov/labor/employer-services/warn/
Woodbridge Logistics LLC,WOODBRIDGE LOGISTICS,Avenel,,NJ,,2011-02-06,1114,,https://www.nj.gov/labor/employer-services/warn/
Penguin Windows,PENGUIN WINDOWS,"Lynwood, Mukilteo, Lakewood",,WA,2011-02-01,2011-02-01,210,Permanent,https://esd.wa.gov/about-employees/WARN
DAL Global Services,DAL GLOBAL,Seattle,,WA,2011-01-31,2011-02-23,168,Permanent,https://esd.wa.gov/about-employees/WARN
SYMS Corporation,SYMS,Secaucus,,NJ,,2011-01-30,108,,https://www.nj.gov/labor/employer-services/warn/
IESI Corporation,IESI,Jersey City,,NJ,,2011-01-28,58,,https://www.nj.gov/labor/employer-services/warn/
"Pilchuck Contractors, Inc.",PILCHUCK CONTRACTORS,Puget Sound,,WA,2011-01-28,2011-03-28,300,Permanent,https://esd.wa.gov/about-employees/WARN
Current USA Inc.,CURRENT,Virginia Beach VA,,VA,2011-01-26,,70,Closure,https://www.vec.virginia.gov/warn-notices
Smithfield Packaging Company,SMITHFIELD PACKAGING,Smithfield VA,,VA,2011-01-25,,53,Closure,https://www.vec.virginia.gov/warn-notices
Kmart Sears Holding Support Center,KMART SEARS HOLDING SUPPORT CENTER,Tabb VA,,VA,2011-01-25,,158,,https://www.vec.virginia.gov/warn-notices
TriWest Healthcare Alliance Corp.,TRIWEST HEALTHCARE ALLIANCE,Portsmouth VA,,VA,2011-01-24,,80,Closure,https://www.vec.virginia.gov/warn-notices
StarTek,STARTEK,Lynchburg VA,,VA,2011-01-24,,69,Layoff,https://www.vec.virginia.gov/warn-notices
United Litho Inc.,UNITED LITHO,Ashburn VA,,VA,2011-01-20,,80,Closure,https://www.vec.virginia.gov/warn-notices
Merck & Co. Inc.,MERCK,Union,,NJ,,2011-01-19,54,,https://www.nj.gov/labor/employer-services/warn/
"Dolce International Seaview, Inc.",DOLCE INTERNATIONAL SEAVIEW,Galloway,,NJ,,2011-01-17,195,,https://www.nj.gov/labor/employer-services/warn/
Canon Business Solutions,CANON BUSINESS,Lyndhurst,,NJ,,2011-01-14,80,,https://www.nj.gov/labor/employer-services/warn/
ZipReality Inc.,ZIPREALITY,Chesapeake VA,,VA,2011-01-12,,2,Closure,https://www.vec.virginia.gov/warn-notices
ZipReality Inc.,ZIPREALITY,"Richmond,VA VA",,VA,2011-01-12,,1,Closure,https://www.vec.virginia.gov/warn-notices
"HH & P Manufacturing, LLC",HH P MANUFACTURING,Lawrenceville,,NJ,,2011-01-10,99,,https://www.nj.gov/labor/employer-services/warn/
"Tommy Hilfiger USA, Inc",TOMMY HILFIGER,Cranbury,,NJ,,2010-12-31,87,,https://www.nj.gov/labor/employer-services/warn/
"Universal Lighting Technologies, Inc.",UNIVERSAL LIGHTING,Lincoln Park,,NJ,,2010-12-31,6,,https://www.nj.gov/labor/employer-services/warn/
EMD Chemicals,EMD CHEMICALS,Gibbstown,,NJ,,2010-12-31,18,,https://www.nj.gov/labor/employer-services/warn/
Electronic Mobility Corporation,ELECTRONIC MOBILITY,Sewell,,NJ,,2010-12-28,55,,https://www.nj.gov/labor/employer-services/warn/
Northrop Grumman Technical Services Inc.,NORTHROP GRUMMAN TECHNICAL,Fort Eustis VA,,VA,2010-12-27,,148,Permanent Reduction,https://www.vec.virginia.gov/warn-notices
"Semiahmoo Resort Company, LLC",SEMIAHMOO RESORT,Blaine,,WA,2010-12-20,2011-02-15,321,Permanent,https://esd.wa.gov/about-employees/WARN
Vineland Kosher Poultry,VINELAND KOSHER POULTRY,Vineland,,NJ,,2010-12-11,50,,https://www.nj.gov/labor/employer-services/warn/
QuadGraphics Inc. N,QUADGRAPHICS N,Fredericksburg VA,,VA,2010-12-06,,312,,https://www.vec.virginia.gov/warn-notices
"ZipRealty, Inc.",ZIPREALTY,Kirkland,,WA,2010-12-06,2011-01-31,129,Permanent,https://esd.wa.gov/about-employees/WARN
"Resorts International Hotel, Inc",RESORTS INTERNATIONAL HOTEL,Atlantic City,,NJ,,2010-12-01,2022,,https://www.nj.gov/labor/employer-services/warn/
NCO NCO Financial Systems Inc.,NCO NCO FINANCIAL SYSTEMS,Hampton VA,,VA,2010-12-01,,368,Permanent Reduction,https://www.vec.virginia.gov/warn-notices
ImClone Systems Corp,IMCLONE SYSTEMS,Branchburg,,NJ,,2010-11-30,141,,https://www.nj.gov/labor/employer-services/warn/
Clara Maass Contimuing Care at Kearny,CLARA MAASS CONTIMUING CARE AT KEARNY,Kearny,,NJ,,2010-11-30,204,,https://www.nj.gov/labor/employer-services/warn/
Clara Maass Continuing Center at West Hudson,CLARA MAASS CONTINUING CENTER AT WEST HUDSON,Kearny,,NJ,,2010-11-30,143,,https://www.nj.gov/labor/employer-services/warn/
Kensington Manor Nursing & Rehabilitation Center,KENSINGTON MANOR NURSING REHABILITATION CENTER,Toms River,,NJ,,2010-11-30,227,,https://www.nj.gov/labor/employer-services/warn/
Saint Barnabas Assisted Living of Lakewood,SAINT BARNABAS ASSISTED LIVING OF LAKEWOOD,Lakewood,,NJ,,2010-11-30,29,,https://www.nj.gov/labor/employer-services/warn/
Saint Barnabas Rehabilitation Affiliates,SAINT BARNABAS REHABILITATION AFFILIATES,Union,,NJ,,2010-11-30,64,,https://www.nj.gov/labor/employer-services/warn/
Saint Barnabas Rehabilitation Center,SAINT BARNABAS REHABILITATION CENTER,Union,,NJ,,2010-11-30,23,,https://www.nj.gov/labor/employer-services/warn/
"Sodexo, Inc.",SODEXO,Williamstown,,NJ,,2010-11-30,68,,https://www.nj.gov/labor/employer-services/warn/
Bank of New York Mellon,BANK OF NEW YORK MELLON,Lodi,,NJ,,2010-11-26,98,,https://www.nj.gov/labor/employer-services/warn/
Meadowlands Hospital Medical Center,MEADOWLANDS HOSPITAL MEDICAL CENTER,Secaucus,,NJ,,2010-11-19,651,,https://www.nj.gov/labor/employer-services/warn/
Current USA Inc.,CURRENT,Virginia Beach VA,,VA,2010-11-17,,49,Closure,https://www.vec.virginia.gov/warn-notices
"Interstate Logistics, Inc",INTERSTATE LOGISTICS,North Bergen,,NJ,,2010-11-15,63,,https://www.nj.gov/labor/employer-services/warn/
International Paper,INTERNATIONAL PAPER,Bellevue,,WA,2010-11-15,2011-01-14,78,Permanent,https://esd.wa.gov/about-employees/WARN
"Sodexo, Inc",SODEXO,Kenilworth,,NJ,,2010-11-12,99,,https://www.nj.gov/labor/employer-services/warn/
"Sodexo, Inc.",SODEXO,Springfield,,NJ,,2010-11-12,4,,https://www.nj.gov/labor/employer-services/warn/
"Sodexo, Inc.",SODEXO,Union,,NJ,,2010-11-12,18,,https://www.nj.gov/labor/employer-services/warn/
Duke Energy Generation Services INC,DUKE ENERGY GENERATION,Narrows VA,,VA,2010-11-11,,41,Layoff,https://www.vec.virginia.gov/warn-notices
"Sodexo, Inc.",SODEXO,Summit,,NJ,,2010-11-05,38,,https://www.nj.gov/labor/employer-services/warn/
Biovail Technologies Ltd.,BIOVAIL,Chantilly VA,,VA,2010-11-05,,54,Closure,https://www.vec.virginia.gov/warn-notices
Covance Inc.,COVANCE,Vienna VA,,VA,2010-11-03,,223,,https://www.vec.virginia.gov/warn-notices
Richmond Cold Storage Company LLC,RICHMOND COLD STORAGE,Suffolk VA,,VA,2010-11-03,,108,Layoff,https://www.vec.virginia.gov/warn-notices
AT&T Corp,AT T,Wall Township,,NJ,,2010-11-02,50,,https://www.nj.gov/labor/employer-services/warn/
Thomasville Furniture Industries Inc.,THOMASVILLE FURNITURE INDUSTRIES,Appomattox VA,,VA,2010-11-02,,171,Closure,https://www.vec.virginia.gov/warn-notices
Exel,EXEL,Auburn,,WA,2010-11-02,2011-01-29,146,Permanent,https://esd.wa.gov/about-employees/WARN
K Mart # 7204,K MART # 7204,Brooklawn,,NJ,,2010-10-31,63,,https://www.nj.gov/labor/employer-services/warn/
Northrop Grumman Technical Services Inc.,NORTHROP GRUMMAN TECHNICAL,Langley-Eustis VI,,VA,2010-10-25,,164,Permanent Reduction,https://www.vec.virginia.gov/warn-notices
General DynamicsAdvance Information Systems National Business Park,GENERAL DYNAMICSADVANCE INFORMATION SYSTEMS NATIONAL BUSINESS PARK,Fairfax VA,,VA,2010-10-21,,9,Layoff,https://www.vec.virginia.gov/warn-notices
"Icicle Seafoods, Inc.",ICICLE SEAFOODS,Seattle,,WA,2010-10-21,2010-12-20,83,Permanent,https://esd.wa.gov/about-employees/WARN
CDM Long-Term Care Services,CDM LONG-TERM CARE,Vancouver,,WA,2010-10-19,2010-11-01,100,Permanent,https://esd.wa.gov/about-employees/WARN
AREVA NP INC,AREVA NP,Lynchburg VA,,VA,2010-10-15,,7,Layoff,https://www.vec.virginia.gov/warn-notices
Pathmark 116,PATHMARK 116,South Plainfield,,NJ,,2010-10-13,91,,https://www.nj.gov/labor/employer-services/warn/
Pathmark 125,PATHMARK 125,Belleville,,NJ,,2010-10-13,97,,https://www.nj.gov/labor/employer-services/warn/
Pathmark 177,PATHMARK 177,Fort Lee,,NJ,,2010-10-13,81,,https://www.nj.gov/labor/employer-services/warn/
Pathmark 180,PATHMARK 180,North Bergen,,NJ,,2010-10-13,125,,https://www.nj.gov/labor/employer-services/warn/
Pathmark 196,PATHMARK 196,Woodland Park,,NJ,,2010-10-13,121,,https://www.nj.gov/labor/employer-services/warn/
Pathmark 452,PATHMARK 452,Union,,NJ,,2010-10-13,118,,https://www.nj.gov/labor/employer-services/warn/
Pathmark 536,PATHMARK 536,North Brunswick,,NJ,,2010-10-13,108,,https://www.nj.gov/labor/employer-services/warn/
Pathmark 571,PATHMARK 571,Englishtown,,NJ,,2010-10-13,108,,https://www.nj.gov/labor/employer-services/warn/
Pathmark 595,PATHMARK 595,Millville,,NJ,,2010-10-13,80,,https://www.nj.gov/labor/employer-services/warn/
Pathmark 886,PATHMARK 886,East Brunswick,,NJ,,2010-10-13,81,,https://www.nj.gov/labor/employer-services/warn/
Principal Financial Group,PRINCIPAL FINANCIAL GROUP,Fairfax VA,,VA,2010-10-11,,2,Layoff,https://www.vec.virginia.gov/warn-notices
President Container Group,PRESIDENT CONTAINER GROUP,Moonachie,,NJ,,2010-10-01,234,,https://www.nj.gov/labor/employer-services/warn/
Princeton Healthcare System,PRINCETON HEALTHCARE SYSTEM,Princeton,,NJ,,2010-10-01,148,,https://www.nj.gov/labor/employer-services/warn/
MARK MACHINE COMPANY,MARK MACHINE,FAIRFIELD,,NJ,,2010-09-30,102,,https://www.nj.gov/labor/employer-services/warn/
"Toshiba America Consumer Products, LLC",TOSHIBA AMERICA CONSUMER PRODUCTS,Wayne,,NJ,,2010-09-30,60,,https://www.nj.gov/labor/employer-services/warn/
AHP (Associated Hygienic Products LLC),AHP (ASSOCIATED HYGIENIC PRODUCTS ),Vancouver,,WA,2010-09-30,2010-11-27,101,Permanent,https://esd.wa.gov/about-employees/WARN
"Merck & Co, Inc",MERCK,Lafayette,,NJ,,2010-09-27,90,,https://www.nj.gov/labor/employer-services/warn/
Travelers One Tower Square Hartford CT,TRAVELERS ONE TOWER SQUARE HARTFORD CT,Richmond VA,,VA,2010-09-22,,88,Layoff,https://www.vec.virginia.gov/warn-notices
Xanodyne Pharmaceutical Inc.One RiverFront Place Newport KY,XANODYNE PHARMACEUTICAL ONE RIVERFRONT PLACE NEWPORT KY,Alexandria VA,,VA,2010-09-21,,3,Layoff,https://www.vec.virginia.gov/warn-notices
Xanodyne,XANODYNE,Western Washington,,WA,2010-09-21,2010-11-21,3,Permanent,https://esd.wa.gov/about-employees/WARN
Science Applications International Corp,SCIENCE APPLICATIONS INTERNATIONAL,Piscataway,,NJ,,2010-09-18,49,,https://www.nj.gov/labor/employer-services/warn/
Bank of America,BANK OF AMERICA,Piscataway,,NJ,,2010-09-17,89,,https://www.nj.gov/labor/employer-services/warn/
Lockheed Martin Information Systems & Global Solutions,LOCKHEED MARTIN INFORMATION SYSTEMS GLOBAL,Herndon VA,,VA,2010-09-15,,59,Layoff,https://www.vec.virginia.gov/warn-notices
"The Men's Wearhouse, Inc.",THE MEN'S WEARHOUSE,Fife,,WA,2010-09-13,2010-11-12,42,Permanent,https://esd.wa.gov/about-employees/WARN
"HOST INTERNATIONAL, INC",HOST INTERNATIONAL,NEWARK,,NJ,,2010-09-10,135,,https://www.nj.gov/labor/employer-services/warn/
Philips Electronics North America,PHILIPS ELECTRONICS NORTH AMERICA,Union,,NJ,,2010-09-10,82,,https://www.nj.gov/labor/employer-services/warn/
"Newace, LLC T/A Newton Diner",NEWACE T/A NEWTON DINER,Bellmawr,,NJ,,2010-09-10,21,,https://www.nj.gov/labor/employer-services/warn/
Cruise West,CRUISE WEST,Seattle,,WA,2010-09-09,2010-09-08,65,Permanent,https://esd.wa.gov/about-employees/WARN
Smurfit-Stone Container Corporation,SMURFIT-STONE CONTAINER,Rcihmond VA,,VA,2010-09-02,,83,Closure,https://www.vec.virginia.gov/warn-notices
Smurfit-Stone Container Corporation,SMURFIT-STONE CONTAINER,Richmond VA,,VA,2010-09-02,,146,Closure,https://www.vec.virginia.gov/warn-notices
ABC Supply Company,ABC SUPPLY,Avenel,,NJ,,2010-09-01,86,,https://www.nj.gov/labor/employer-services/warn/
Chartwells/Compass,CHARTWELLS/COMPASS,Newark,,NJ,,2010-09-01,246,,https://www.nj.gov/labor/employer-services/warn/
"Cosmetic Essence, LLC",COSMETIC ESSENCE,Teterboro,,NJ,,2010-08-31,147,,https://www.nj.gov/labor/employer-services/warn/
Viking Yacht Company,VIKING YACHT,New Gretna,,NJ,,2010-08-31,219,,https://www.nj.gov/labor/employer-services/warn/
BANK OF NEW YORK MELLON CORPORATION,BANK OF NEW YORK MELLON,LODI,,NJ,,2010-08-27,39,,https://www.nj.gov/labor/employer-services/warn/
"THOMSON, INC",THOMSON,PRINCETON,,NJ,,2010-08-27,62,,https://www.nj.gov/labor/employer-services/warn/
Science Application International Corporation (SAIC),SCIENCE APPLICATION INTERNATIONAL (SAIC),Alexandria VA,,VA,2010-08-27,,90,Layoff,https://www.vec.virginia.gov/warn-notices
Raytheon Mission Operations & Services,RAYTHEON MISSION OPERATIONS,Hampton VA,,VA,2010-08-25,,82,Layoff,https://www.vec.virginia.gov/warn-notices
Skookum Fleet Management,SKOOKUM FLEET MANAGEMENT,Fort Lewis,,WA,2010-08-20,2010-10-18,50,Temporary,https://esd.wa.gov/about-employees/WARN
"RAFAELLA APPAREL GROUP, INC",RAFAELLA APPAREL GROUP,BAYONNE,,NJ,,2010-08-16,66,,https://www.nj.gov/labor/employer-services/warn/
BROOKS BROTHERS CUSTOMER SERVICE,BROOKS BROTHERS CUSTOMER SERVICE,EDISON,,NJ,,2010-08-14,85,,https://www.nj.gov/labor/employer-services/warn/
"NEW BREED LEASING OF NJ, INC",NEW BREED LEASING OF NJ,KEARNY,,NJ,,2010-08-14,73,,https://www.nj.gov/labor/employer-services/warn/
MARRIOTT TEANECK @ GLENPOINTE,MARRIOTT TEANECK @ GLENPOINTE,TEANECK,,NJ,,2010-08-13,207,,https://www.nj.gov/labor/employer-services/warn/
Northrop Grumman Technical Services Inc (NGTS),NORTHROP GRUMMAN TECHNICAL (NGTS),Wallops Island VA,,VA,2010-08-11,,169,,https://www.vec.virginia.gov/warn-notices
HARTZ MOUNTAIN CORPORATION,HARTZ MOUNTAIN,BLOOMFIELD,,NJ,,2010-08-09,226,,https://www.nj.gov/labor/employer-services/warn/
Western Refining Yorktown Inc.,WESTERN REFINING YORKTOWN,Yorktown VA,,VA,2010-08-05,,225,,https://www.vec.virginia.gov/warn-notices
"Icicle Seafoods, Inc.",ICICLE SEAFOODS,Bellingham,,WA,2010-08-02,2010-10-18,71,Permanent,https://esd.wa.gov/about-employees/WARN
WELCH ALLYN,WELCH ALLYN,BRANCHBURG,,NJ,,2010-08-01,148,,https://www.nj.gov/labor/employer-services/warn/
Northrop Grumman Technical Services Inc. (NGTS),NORTHROP GRUMMAN TECHNICAL (NGTS),Fort Eustis VA,,VA,2010-07-29,,173,Layoff,https://www.vec.virginia.gov/warn-notices
PALOMBO'S MED-RITE PHARMACY,PALOMBO'S MED-RITE PHARMACY,NORTHFIELD,,NJ,,2010-07-16,73,,https://www.nj.gov/labor/employer-services/warn/
Skookum Fleet Management,SKOOKUM FLEET MANAGEMENT,Fort Lewis,,WA,2010-07-16,2010-07-12,176,Permanent,https://esd.wa.gov/about-employees/WARN
Commercial Vehicle Group,COMMERCIAL VEHICLE GROUP,Vancouver,,WA,2010-07-16,2010-09-01,12,Permanent,https://esd.wa.gov/about-employees/WARN
ARAMARK MANAGEMENT SERVICES AT DREW UNIVERSITY,ARAMARK MANAGEMENT AT DREW UNIVERSITY,MADISON,,NJ,,2010-07-10,94,,https://www.nj.gov/labor/employer-services/warn/
"PHILADELPHIA MEDIA HOLDINGS, LLC",PHILADELPHIA MEDIA HOLDINGS,CHERRY HILL,,NJ,,2010-07-07,96,,https://www.nj.gov/labor/employer-services/warn/
GUEST PACKAGING LLC,GUEST PACKAGING,RAHWAY,,NJ,,2010-07-02,40,,https://www.nj.gov/labor/employer-services/warn/
TYDEN BROOKS SECURITY PRODUCTS GROUP,TYDEN BROOKS SECURITY PRODUCTS GROUP,PHILLIPSBURG,,NJ,,2010-07-01,67,,https://www.nj.gov/labor/employer-services/warn/
HOFFMAN-LA ROCHE INC.,HOFFMAN-LA ROCHE,STATEWIDE,,NJ,,2010-06-30,500,,https://www.nj.gov/labor/employer-services/warn/
KIMBLE CHASE LLC,KIMBLE CHASE,VINELAND,,NJ,,2010-06-30,85,,https://www.nj.gov/labor/employer-services/warn/
ST. JUDE MEDICAL,ST JUDE MEDICAL,WEST BERLIN,,NJ,,2010-06-30,31,,https://www.nj.gov/labor/employer-services/warn/
AVIS BUDGET CAR RENTAL,AVIS BUDGET CAR RENTAL,PARSIPPANY,,NJ,,2010-06-30,65,,https://www.nj.gov/labor/employer-services/warn/
"IAP WORLD SERVICES, INC",IAP WORLD,FORT DIX,,NJ,,2010-06-30,149,,https://www.nj.gov/labor/employer-services/warn/
COASTAL LEARNING CENTER,COASTAL LEARNING CENTER,POINT PLEASANT,,NJ,,2010-06-30,25,,https://www.nj.gov/labor/employer-services/warn/
SBLI USA MUTUAL LIFE INSURANCE CO. INC,SBLI MUTUAL LIFE INSURANCE,NEWARK,,NJ,,2010-06-30,69,,https://www.nj.gov/labor/employer-services/warn/
GLOBAL PHARMACEUTICAL SUPPLY GROUP,GLOBAL PHARMACEUTICAL SUPPLY GROUP,RARITAN,,NJ,,2010-06-25,54,,https://www.nj.gov/labor/employer-services/warn/
WARREN HOSPITAL,WARREN HOSPITAL,PHILLIPSBURG,,NJ,,2010-06-23,20,,https://www.nj.gov/labor/employer-services/warn/
NEBRASKA MEAT CORPORATION,NEBRASKA MEAT,NEWARK,,NJ,,2010-06-02,230,,https://www.nj.gov/labor/employer-services/warn/
Mason County Forest Products,MASON COUNTY FOREST PRODUCTS,Shelton,,WA,2010-06-02,2010-07-31,130,Permanent,https://esd.wa.gov/about-employees/WARN
Columbia Valley Community Health,COLUMBIA VALLEY COMMUNITY HEALTH,Wenatchee,,WA,2010-06-02,2010-07-01,53,Permanent,https://esd.wa.gov/about-employees/WARN
AlliedBarton Security Services LLC,ALLIEDBARTON SECURITY,"Seattle, Bellevue",,WA,2010-05-27,2010-06-17,128,Permanent,https://esd.wa.gov/about-employees/WARN
"OFFICE DEPOT, INC",OFFICE DEPOT,WESTAMPTON,,NJ,,2010-05-24,146,,https://www.nj.gov/labor/employer-services/warn/
"INTERLINE BRANDS, INC",INTERLINE BRANDS,MT. LAUREL,,NJ,,2010-05-21,58,,https://www.nj.gov/labor/employer-services/warn/
Boeing,BOEING,Puget Sound,,WA,2010-05-21,2010-07-23,17,Permanent,https://esd.wa.gov/about-employees/WARN
"GUEST PACKAGING, LLC",GUEST PACKAGING,RAHWAY,,NJ,,2010-05-15,80,,https://www.nj.gov/labor/employer-services/warn/
"DPT LAKEWOOD, INC",DPT LAKEWOOD,LAKEWOOD,,NJ,,2010-05-14,74,,https://www.nj.gov/labor/employer-services/warn/
TYDEN BROOKS SECURITY PRODUCTS GROUP,TYDEN BROOKS SECURITY PRODUCTS GROUP,LIVINGSTON,,NJ,,2010-05-12,74,,https://www.nj.gov/labor/employer-services/warn/
"CMX, INC.",CMX,MANALAPAN,,NJ,,2010-05-11,196,,https://www.nj.gov/labor/employer-services/warn/
SEARS HOLDINGS,SEARS HOLDINGS,PLAINFIELD,,NJ,,2010-05-09,10,,https://www.nj.gov/labor/employer-services/warn/
SEARS HOLDINGS,SEARS HOLDINGS,MARLTON,,NJ,,2010-05-09,82,,https://www.nj.gov/labor/employer-services/warn/
"COSMETIC ESSENCE, LLC",COSMETIC ESSENCE,TETERBORO,,NJ,,2010-04-30,167,,https://www.nj.gov/labor/employer-services/warn/
DOW JONES,DOW JONES,MONMOUTH JCT,,NJ,,2010-04-30,47,,https://www.nj.gov/labor/employer-services/warn/
"SONY MUSIC HOLDINGS, INC",SONY MUSIC HOLDINGS,PITMAN,,NJ,,2010-04-30,162,,https://www.nj.gov/labor/employer-services/warn/
FIRST INTERSTATE FINANCIAL CORP,FIRST INTERSTATE FINANCIAL,SHREWSBURY,,NJ,,2010-04-30,170,,https://www.nj.gov/labor/employer-services/warn/
Boeing,BOEING,Puget Sound,,WA,2010-04-19,2010-06-18,125,Permanent,https://esd.wa.gov/about-employees/WARN
ESTEE LAUDER COMPANIES,ESTEE LAUDER COMPANIES,OAKLAND,,NJ,,2010-04-02,77,,https://www.nj.gov/labor/employer-services/warn/
"ALLIED SYSTEMS, LTD",ALLIED SYSTEMS,RIDGEFIELD,,NJ,,2010-04-01,78,,https://www.nj.gov/labor/employer-services/warn/
"RED & TAN CHARTER, INC.",RED TAN CHARTER,ELIZABETH,,NJ,,2010-03-31,45,,https://www.nj.gov/labor/employer-services/warn/
BOWHEAD MANUFACTURING CO.,BOWHEAD MANUFACTURING,NEW EGYPT,,NJ,,2010-03-31,17,,https://www.nj.gov/labor/employer-services/warn/
ORTHOFIX SPINAL IMPLANTS,ORTHOFIX SPINAL IMPLANTS,WAYNE,,NJ,,2010-03-31,20,,https://www.nj.gov/labor/employer-services/warn/
"ConAgra Foods, Inc.",CONAGRA FOODS,Prosser,,WA,2010-03-30,2010-05-30,218,Permanent,https://esd.wa.gov/about-employees/WARN
Boeing,BOEING,Puget Sound,,WA,2010-03-19,2010-05-21,65,Permanent,https://esd.wa.gov/about-employees/WARN
"AB Car Rental Services, Inc.",AB CAR RENTAL,Tukwila,,WA,2010-03-17,2010-05-19,206,Permanent,https://esd.wa.gov/about-employees/WARN
WELLS FARGO & COMPANY (WACHOVIA),WELLS FARGO (WACHOVIA),CARLSTADT,,NJ,,2010-03-14,86,,https://www.nj.gov/labor/employer-services/warn/
"Olympic Security Services, Inc.",OLYMPIC SECURITY,Tukwila,,WA,2010-03-11,2010-04-16,54,Permanent,https://esd.wa.gov/about-employees/WARN
"USM, INC",USM,RED BANK,,NJ,,2010-03-08,90,,https://www.nj.gov/labor/employer-services/warn/
NORTH COUNTRY BBQ VENTURES BRICK,NORTH COUNTRY BBQ VENTURES BRICK,BRICK,,NJ,,2010-02-28,47,,https://www.nj.gov/labor/employer-services/warn/
NORTH COUNTRY BBQ VENTURES HILLSBOROUGH,NORTH COUNTRY BBQ VENTURES HILLSBOROUGH,HILLSBOROUGH,,NJ,,2010-02-28,43,,https://www.nj.gov/labor/employer-services/warn/
NORTH COUNTRY BBQ VENTURES MAYS LANDING,NORTH COUNTRY BBQ VENTURES MAYS LANDING,MAYS LANDING,,NJ,,2010-02-28,48,,https://www.nj.gov/labor/employer-services/warn/
NORTH COUNTRY BBQ VENTURES MOUNTAINSIDE,NORTH COUNTRY BBQ VENTURES MOUNTAINSIDE,MOUNTAINSIDE,,NJ,,2010-02-28,64,,https://www.nj.gov/labor/employer-services/warn/
NORTH COUNTRY BBQ VENTURES NEW BRUSNWICK,NORTH COUNTRY BBQ VENTURES NEW BRUSNWICK,NEW BRUNSWICK,,NJ,,2010-02-28,42,,https://www.nj.gov/labor/employer-services/warn/
NORTH COUNTRY BBQ VENTURES WOODBRIDGE,NORTH COUNTRY BBQ VENTURES WOODBRIDGE,METUCHEN,,NJ,,2010-02-28,36,,https://www.nj.gov/labor/employer-services/warn/
Zumiez Inc.,ZUMIEZ,Everett,,WA,2010-02-22,2010-04-23,172,Permanent,https://esd.wa.gov/about-employees/WARN
Boeing,BOEING,Puget Sound,,WA,2010-02-19,2010-04-23,527,Permanent,https://esd.wa.gov/about-employees/WARN
MERCK & CO. INC.,MERCK,KENILWORTH,,NJ,,2010-02-09,500,,https://www.nj.gov/labor/employer-services/warn/
"BLACKWELL NORTH AMERICA, INC",BLACKWELL NORTH AMERICA,BLACKWOOD,,NJ,,2010-02-05,91,,https://www.nj.gov/labor/employer-services/warn/
Kmart,KMART,Bremerton,,WA,2010-02-05,2010-05-17,55,Permanent,https://esd.wa.gov/about-employees/WARN
"UNIVERSITY HEALTH PLANS, INC.",UNIVERSITY HEALTH PLANS,EDISON,,NJ,,2010-02-01,82,,https://www.nj.gov/labor/employer-services/warn/
PFIZER,PFIZER,MONMOUTH JUNCTION,,NJ,,2010-01-31,400,,https://www.nj.gov/labor/employer-services/warn/
"BLACK MILLWORK CO, INC.",BLACK MILLWORK,ALLENDALE,,NJ,,2010-01-29,91,,https://www.nj.gov/labor/employer-services/warn/
BCI Coca Cola Bottling Company,BCI COCA COLA BOTTLING,Woodland,,WA,2010-01-29,2010-04-01,56,Permanent,https://esd.wa.gov/about-employees/WARN
BROOKS BROTHERS CUSTOMER SERVICE,BROOKS BROTHERS CUSTOMER SERVICE,EDISON,,NJ,,2010-01-27,83,,https://www.nj.gov/labor/employer-services/warn/
MEDAREX,MEDAREX,STATEWIDE,,NJ,,2010-01-27,158,,https://www.nj.gov/labor/employer-services/warn/
Boeing,BOEING,Puget Sound,,WA,2010-01-22,2010-03-26,9,Permanent,https://esd.wa.gov/about-employees/WARN
Auto Warehousing Co.,AUTO WAREHOUSING,Tacoma,,WA,2010-01-20,2010-03-22,55,Permanent,https://esd.wa.gov/about-employees/WARN
PUBLISHERS CIRCULATION FULFILLMENT,PUBLISHERS CIRCULATION FULFILLMENT,ROCKLEIGH,,NJ,,2010-01-15,97,,https://www.nj.gov/labor/employer-services/warn/
Boeing,BOEING,Puget Sound,,WA,2010-01-15,2010-03-19,20,Permanent,https://esd.wa.gov/about-employees/WARN
International Paper,INTERNATIONAL PAPER,Auburn,,WA,2010-01-14,2010-03-06,2,Permanent,https://esd.wa.gov/about-employees/WARN
Bank of America,BANK OF AMERICA,Bellevue,,WA,2010-01-14,2010-03-12,50,Permanent,https://esd.wa.gov/about-employees/WARN
COMCAST CABLE COMMUNICATIONS,COMCAST CABLE COMMUNICATIONS,ISELIN,,NJ,,2010-01-11,66,,https://www.nj.gov/labor/employer-services/warn/
AHS HOSPITAL CORPORATION/ATLANTIC HEALTH,AHS HOSPITAL /ATLANTIC HEALTH,MORRISTOWN,,NJ,,2010-01-09,320,,https://www.nj.gov/labor/employer-services/warn/
"ARAMARK SPORTS, LLC",ARAMARK SPORTS,E. RUTHERFORD,,NJ,,2010-01-04,1689,,https://www.nj.gov/labor/employer-services/warn/
SUN MICROSYSTEMS. INC,SUN MICROSYSTEMS,STATEWIDE,,NJ,,2010-01-03,8,,https://www.nj.gov/labor/employer-services/warn/
DELAWARE NORTH COMPANIES,DELAWARE NORTH COMPANIES,NEWARK,,NJ,,2009-12-31,67,,https://www.nj.gov/labor/employer-services/warn/
SEABROOK HOUSE,SEABROOK HOUSE,SEABROOK,,NJ,,2009-12-31,52,,https://www.nj.gov/labor/employer-services/warn/
"ARAMARK SPORTS, LLC",ARAMARK SPORTS,OCEANPORT,,NJ,,2009-12-31,229,,https://www.nj.gov/labor/employer-services/warn/
"ARAMARK SPORTS, LLC",ARAMARK SPORTS,E. RUTHERFORD,,NJ,,2009-12-31,253,,https://www.nj.gov/labor/employer-services/warn/
BOY SCOUTS OF AMERICA,BOY SCOUTS OF AMERICA,JAMESBURG,,NJ,,2009-12-31,21,,https://www.nj.gov/labor/employer-services/warn/
HACKENSACK UNIVERSITY MEDICAL CENTER,HACKENSACK UNIVERSITY MEDICAL CENTER,HACKENSACK,,NJ,,2009-12-31,152,,https://www.nj.gov/labor/employer-services/warn/
CPC International Apple Company,CPC INTERNATIONAL APPLE,Tieton,,WA,2009-12-31,2010-02-22,75,Permanent,https://esd.wa.gov/about-employees/WARN
ASHBROOK NURSING HOME - ST BARNABAS,ASHBROOK NURSING HOME - ST BARNABAS,SCOTCH PLAINS,,NJ,,2009-12-23,149,,https://www.nj.gov/labor/employer-services/warn/
CORNELL HALL NURSING HOME - ST BARNABAS,CORNELL HALL NURSING HOME - ST BARNABAS,UNION,,NJ,,2009-12-23,200,,https://www.nj.gov/labor/employer-services/warn/
GREENBROOK MANOR NURSING HOME - ST BARNABAS,GREENBROOK MANOR NURSING HOME - ST BARNABAS,GREEN BROOK,,NJ,,2009-12-23,200,,https://www.nj.gov/labor/employer-services/warn/
LLANFAIR HOUSE NURSING HOME - ST BARNABAS,LLANFAIR HOUSE NURSING HOME - ST BARNABAS,WAYNE,,NJ,,2009-12-23,208,,https://www.nj.gov/labor/employer-services/warn/
"VERIZON CONNECTED SOLUTIONS, INC",VERIZON CONNECTED,STATEWIDE,,NJ,,2009-12-19,269,,https://www.nj.gov/labor/employer-services/warn/
EMD CHEMICALS,EMD CHEMICALS,GIBBSTOWN,,NJ,,2009-12-18,50,,https://www.nj.gov/labor/employer-services/warn/
Boeing,BOEING,Puget Sound,,WA,2009-12-18,2010-02-19,56,Permanent,https://esd.wa.gov/about-employees/WARN
Walter Meier Inc.,WALTER MEIER,Auburn,,WA,2009-12-18,2010-02-15,5,Permanent,https://esd.wa.gov/about-employees/WARN
SUNOCO INC,SUNOCO,WESTVILLE,,NJ,,2009-12-13,400,,https://www.nj.gov/labor/employer-services/warn/
"CDG MANAGEMENT, LLC",CDG MANAGEMENT,EDISON,,NJ,,2009-12-07,75,,https://www.nj.gov/labor/employer-services/warn/
"WILKIN MANAGEMENT GROUP, INC",WILKIN MANAGEMENT GROUP,MAHWAH,,NJ,,2009-12-07,1,,https://www.nj.gov/labor/employer-services/warn/
CDG MANAGEMENT LLC,CDG MANAGEMENT,NEW BRUNSWICK,,NJ,,2009-12-06,113,,https://www.nj.gov/labor/employer-services/warn/
"DIRECT GROUP, LLC",DIRECT GROUP,ROBBINSVILLE,,NJ,,2009-11-30,5,,https://www.nj.gov/labor/employer-services/warn/
"DIRECT GROUP, LLC",DIRECT GROUP,ROBBINSVILLE,,NJ,,2009-11-30,40,,https://www.nj.gov/labor/employer-services/warn/
CDG MANAGEMENT LLC,CDG MANAGEMENT,OCEAN,,NJ,,2009-11-27,107,,https://www.nj.gov/labor/employer-services/warn/
"CORD CRAFTS, LLC",CORD CRAFTS,WHARTON,,NJ,,2009-11-23,113,,https://www.nj.gov/labor/employer-services/warn/
"NYK LOGISTICS, INC.",NYK LOGISTICS,PORT MURRAY,,NJ,,2009-11-20,24,,https://www.nj.gov/labor/employer-services/warn/
Boeing,BOEING,Puget Sound,,WA,2009-11-20,2010-01-22,49,Permanent,https://esd.wa.gov/about-employees/WARN
Kmart,KMART,Vancouver,,WA,2009-11-18,2010-01-18,68,Permanent,https://esd.wa.gov/about-employees/WARN
HSBC,HSBC,BRIDGEWATER,,NJ,,2009-11-16,49,,https://www.nj.gov/labor/employer-services/warn/
ALLSTATE NEW JERSEY INSURANCE CO,ALLSTATE NEW JERSEY INSURANCE,PARAMUS,,NJ,,2009-11-15,89,,https://www.nj.gov/labor/employer-services/warn/
"Sun Microsystems, Inc",SUN MICROSYSTEMS,Bellevue,,WA,2009-11-04,2010-01-03,3,Permanent,https://esd.wa.gov/about-employees/WARN
BD Diagnostics,BD DIAGNOSTICS,Redmond,,WA,2009-11-03,2009-12-23,15,Permanent,https://esd.wa.gov/about-employees/WARN
BERRY PLASTICS,BERRY PLASTICS,PISCATAWAY,,NJ,,2009-11-02,79,,https://www.nj.gov/labor/employer-services/warn/
CHURCH & DWIGHT CO. INC,CHURCH DWIGHT,NORTH BRUNSWICK,,NJ,,2009-11-01,258,,https://www.nj.gov/labor/employer-services/warn/
"CENTER STATE HEALTH GROUP, INC.",CENTER STATE HEALTH GROUP,OCEANPORT,,NJ,,2009-10-31,261,,https://www.nj.gov/labor/employer-services/warn/
TRI-STATE TRANSPORTATION,TRI-STATE TRANSPORTATION,NEWARK,,NJ,,2009-10-30,62,,https://www.nj.gov/labor/employer-services/warn/
Boeing,BOEING,Puget Sound,,WA,2009-10-30,2010-01-01,48,Permanent,https://esd.wa.gov/about-employees/WARN
"NCO CUSTOMER MANAGEMENT, INC.",NCO CUSTOMER MANAGEMENT,GLASSBORO,,NJ,,2009-10-24,145,,https://www.nj.gov/labor/employer-services/warn/
"TREE OF LIFE, INC.",TREE OF LIFE,NORTH BERGEN,,NJ,,2009-10-23,10,,https://www.nj.gov/labor/employer-services/warn/
"Expedia, Inc.",EXPEDIA,Tacoma,,WA,2009-10-22,2009-10-21,171,Permanent,https://esd.wa.gov/about-employees/WARN
NYK LINE (NORTH AMERICA) INC.,NYK LINE (NORTH AMERICA),SECAUCUS,,NJ,,2009-10-16,58,,https://www.nj.gov/labor/employer-services/warn/
PREMIER DISTRIBUTION SERVICE,PREMIER DISTRIBUTION SERVICE,NORTH BERGEN,,NJ,,2009-10-16,96,,https://www.nj.gov/labor/employer-services/warn/
Boeing,BOEING,Puget Sound,,WA,2009-10-09,2009-12-11,53,Permanent,https://esd.wa.gov/about-employees/WARN
Wells Fargo Mortgage,WELLS FARGO MORTGAGE,Kirkland,,WA,2009-10-08,2009-12-07,60,Permanent,https://esd.wa.gov/about-employees/WARN
Brandrud,BRANDRUD,Auburn,,WA,2009-10-05,2009-12-04,104,Permanent,https://esd.wa.gov/about-employees/WARN
EPV SOLAR,EPV SOLAR,STATEWIDE,,NJ,,2009-10-02,31,,https://www.nj.gov/labor/employer-services/warn/
HOUGHTON MIFFLIN HARCOURT,HOUGHTON MIFFLIN HARCOURT,BELLMAWR,,NJ,,2009-10-02,60,,https://www.nj.gov/labor/employer-services/warn/
TRI-COUNTY COMMUNITY ACTION PARTNERSHIP,TRI-COUNTY COMMUNITY ACTION PARTNERSHIP,BRIDGETON,,NJ,,2009-10-01,81,,https://www.nj.gov/labor/employer-services/warn/
CONTINENTAL AIRLINES,CONTINENTAL AIRLINES,NEWARK,,NJ,,2009-09-23,0,,https://www.nj.gov/labor/employer-services/warn/
KMART,KMART,BURLINGTON,,NJ,,2009-09-20,71,,https://www.nj.gov/labor/employer-services/warn/
Boeing,BOEING,Puget Sound,,WA,2009-09-18,2009-11-20,126,Permanent,https://esd.wa.gov/about-employees/WARN
"SumTotal Systems, Inc.",SUMTOTAL SYSTEMS,Bellevue,,WA,2009-09-15,2009-09-15,59,Permanent,https://esd.wa.gov/about-employees/WARN
Adaptis Inc.,ADAPTIS,Seattle,,WA,2009-09-14,2009-11-02,138,Permanent,https://esd.wa.gov/about-employees/WARN
GERDAU AMERISTEEL,GERDAU AMERISTEEL,PERTH AMBOY,,NJ,,2009-09-12,165,,https://www.nj.gov/labor/employer-services/warn/
VALUEOPTIONS,VALUEOPTIONS,HAMILTON,,NJ,,2009-09-07,67,,https://www.nj.gov/labor/employer-services/warn/
Microsoft,MICROSOFT,Redmond,,WA,2009-09-03,2009-11-01,27,Permanent,https://esd.wa.gov/about-employees/WARN
METAL TEXTILES CORPORATION,METAL TEXTILES,EDISON,,NJ,,2009-09-01,0,,https://www.nj.gov/labor/employer-services/warn/
ASHLAND INC.,ASHLAND,KEARNY,,NJ,,2009-09-01,78,,https://www.nj.gov/labor/employer-services/warn/
NONNI'S FOOD COMPANY,NONNI'S FOOD,DAYTON,,NJ,,2009-08-31,25,,https://www.nj.gov/labor/employer-services/warn/
"CROSSMARK Home Improvements, LCC",CROSSMARK HOME IMPROVEMENTS LCC,Statewide,,WA,2009-08-31,2009-10-31,77,Permanent,https://esd.wa.gov/about-employees/WARN
"DOC MAINTENANCE, INC.",DOC MAINTENANCE,STATEWIDE,,NJ,,2009-08-28,19,,https://www.nj.gov/labor/employer-services/warn/
"Northwest Territorial Mint, LCC",NORTHWEST TERRITORIAL MINT LCC,Auburn,,WA,2009-08-28,2009-10-24,109,Permanent,https://esd.wa.gov/about-employees/WARN
Philips Electronics,PHILIPS ELECTRONICS,Snoqualmie,,WA,2009-08-28,2009-10-30,75,Permanent,https://esd.wa.gov/about-employees/WARN
EXCELSIOR MEDICAL,EXCELSIOR MEDICAL,NEPTUNE,,NJ,,2009-08-22,217,,https://www.nj.gov/labor/employer-services/warn/
Boeing,BOEING,Puget Sound,,WA,2009-08-21,2009-10-23,279,Permanent,https://esd.wa.gov/about-employees/WARN
WYNDHAM PRINCETON FORRESTAL HOTEL,WYNDHAM PRINCETON FORRESTAL HOTEL,PLAINSBORO,,NJ,,2009-08-17,108,,https://www.nj.gov/labor/employer-services/warn/
"HGA QUEST, INC",HGA QUEST,STATEWIDE,,NJ,,2009-08-16,81,,https://www.nj.gov/labor/employer-services/warn/
"EPV SOLAR, INC.",EPV SOLAR,ROBBINSVILLE,,NJ,,2009-08-15,86,,https://www.nj.gov/labor/employer-services/warn/
"Crossroads Services, Inc.",CROSSROADS,Statewide,,WA,2009-08-14,2009-10-18,45,Permanent,https://esd.wa.gov/about-employees/WARN
UNITED STATES GYPSUM COMPANY,UNITED STATES GYPSUM,CLARK,,NJ,,2009-08-01,83,,https://www.nj.gov/labor/employer-services/warn/
ADM,ADM,GLASSBORO,,NJ,,2009-07-31,54,,https://www.nj.gov/labor/employer-services/warn/
CORNELL HALL NURSING HOME & REHAB CENTER,CORNELL HALL NURSING HOME REHAB CENTER,UNION,,NJ,,2009-07-31,202,,https://www.nj.gov/labor/employer-services/warn/
GREENBROOK MANOR NURSING HOME & REHAB CENTER,GREENBROOK MANOR NURSING HOME REHAB CENTER,GREEN BROOK,,NJ,,2009-07-31,198,,https://www.nj.gov/labor/employer-services/warn/
ASHBROOK NURSING HOME & REHABILITATION CENTER,ASHBROOK NURSING HOME REHABILITATION CENTER,SCOTCH PLAINS,,NJ,,2009-07-31,145,,https://www.nj.gov/labor/employer-services/warn/
LLANFAIR NURSING HOME & REHAB CENTER,LLANFAIR NURSING HOME REHAB CENTER,WAYNE,,NJ,,2009-07-31,207,,https://www.nj.gov/labor/employer-services/warn/
E. I. DUPONT DENEMOURS & COMPANY,E I DUPONT DENEMOURS,DEEPWATER,,NJ,,2009-07-31,69,,https://www.nj.gov/labor/employer-services/warn/
J P MORGAN CHASE & CO,J P MORGAN CHASE,CARLSTADT,,NJ,,2009-07-31,39,,https://www.nj.gov/labor/employer-services/warn/
Boeing,BOEING,Puget Sound,,WA,2009-07-31,2009-10-02,45,Permanent,https://esd.wa.gov/about-employees/WARN
"Stemilt Growers, Inc.",STEMILT GROWERS,Orondo,,WA,2009-07-27,2009-09-24,94,Permanent,https://esd.wa.gov/about-employees/WARN
"Stemilt Growers, Inc.",STEMILT GROWERS,Orondo,,WA,2009-07-20,2009-09-17,67,Permanent,https://esd.wa.gov/about-employees/WARN
ING,ING,SOMERSET,,NJ,,2009-07-17,65,,https://www.nj.gov/labor/employer-services/warn/
Boeing,BOEING,Puget Sound,,WA,2009-07-17,2009-09-18,104,Permanent,https://esd.wa.gov/about-employees/WARN
Electric Boat,ELECTRIC BOAT,Silverdale,,WA,2009-07-17,2009-09-25,8,Permanent,https://esd.wa.gov/about-employees/WARN
"DPT LAKEWOOD, INC",DPT LAKEWOOD,LAKEWOOD,,NJ,,2009-07-13,57,,https://www.nj.gov/labor/employer-services/warn/
"DPT LAKEWOOD, INC.",DPT LAKEWOOD,LAKEWOOD,,NJ,,2009-07-10,33,,https://www.nj.gov/labor/employer-services/warn/
BASELL POLYOLEFINS,BASELL POLYOLEFINS,EDISON,,NJ,,2009-07-10,4,,https://www.nj.gov/labor/employer-services/warn/
E*TRADE FINANCIAL,E*TRADE FINANCIAL,JERSEY CITY,,NJ,,2009-07-05,171,,https://www.nj.gov/labor/employer-services/warn/
Johnson Outdoors Watercraft Inc.,JOHNSON OUTDOORS WATERCRAFT,Ferndale,,WA,2009-07-01,2009-09-04,90,Permanent,https://esd.wa.gov/about-employees/WARN
"PF LABORATORIES, INC.",PF LABORATORIES,TOTOWA,,NJ,,2009-06-30,67,,https://www.nj.gov/labor/employer-services/warn/
GUND,GUND,EDISON,,NJ,,2009-06-30,44,,https://www.nj.gov/labor/employer-services/warn/
JBL INCORPORATED,JBL,UPPER SADDLE RIVER,,NJ,,2009-06-30,2,,https://www.nj.gov/labor/employer-services/warn/
SODEXO,SODEXO,LAKEWOOD,,NJ,,2009-06-30,70,,https://www.nj.gov/labor/employer-services/warn/
STATE STREET BANK & TRUST,STATE STREET BANK TRUST,PRINCETON,,NJ,,2009-06-26,80,,https://www.nj.gov/labor/employer-services/warn/
GLOBAL PHARMACEUTICAL SUPPLY GROUP,GLOBAL PHARMACEUTICAL SUPPLY GROUP,RARITAN,,NJ,,2009-06-26,129,,https://www.nj.gov/labor/employer-services/warn/
"Sun Microsystems, Inc",SUN MICROSYSTEMS,Bellevue,,WA,2009-06-26,2009-08-24,2,Permanent,https://esd.wa.gov/about-employees/WARN
Boeing,BOEING,Puget Sound,,WA,2009-06-19,2009-08-21,157,Permanent,https://esd.wa.gov/about-employees/WARN
FILENE'S BASEMENT,FILENE'S BASEMENT,STATEWIDE,,NJ,,2009-06-15,116,,https://www.nj.gov/labor/employer-services/warn/
THE CHILDREN'S PLACE SERVICES CO. LLC,THE CHILDREN'S PLACE,SECAUCUS,,NJ,,2009-06-13,341,,https://www.nj.gov/labor/employer-services/warn/
ORTHO-MCNEIL-JANSSEN PHARMACEUTICALS INC,ORTHO-MCNEIL-JANSSEN PHARMACEUTICALS,RARITAN,,NJ,,2009-06-12,30,,https://www.nj.gov/labor/employer-services/warn/
Saint-Gobain Crystals,SAINT-GOBAIN CRYSTALS,Washougal,,WA,2009-06-12,2009-08-10,58,Permanent,https://esd.wa.gov/about-employees/WARN
"Merck & Co., Inc.",MERCK,Seattle,,WA,2009-06-08,2009-07-31,40,Permanent,https://esd.wa.gov/about-employees/WARN
"BEARINGPOINT, INC.",BEARINGPOINT,WARREN,,NJ,,2009-06-05,12,,https://www.nj.gov/labor/employer-services/warn/
KeyCorp,KEYCORP,Tacoma,,WA,2009-06-04,2009-08-03,240,Permanent,https://esd.wa.gov/about-employees/WARN
Shaw Industries,SHAW INDUSTRIES,Algona,,WA,2009-06-01,2009-07-31,62,Permanent,https://esd.wa.gov/about-employees/WARN
ASCO,ASCO,FLORHAM PARK,,NJ,,2009-05-31,350,,https://www.nj.gov/labor/employer-services/warn/
ELECTROCHEM,ELECTROCHEM,TETERBORO,,NJ,,2009-05-31,97,,https://www.nj.gov/labor/employer-services/warn/
CORUS INTERNATIONAL,CORUS INTERNATIONAL,PARAMUS,,NJ,,2009-05-31,7,,https://www.nj.gov/labor/employer-services/warn/
Ruan Transportation,RUAN TRANSPORTATION,Seattle,,WA,2009-05-28,2009-07-31,81,Permanent,https://esd.wa.gov/about-employees/WARN
WOLFBLOCK LLP,WOLFBLOCK,STATEWIDE,,NJ,,2009-05-23,121,,https://www.nj.gov/labor/employer-services/warn/
Weyerhaeuser Forest Operation,WEYERHAEUSER FOREST OPERATION,Cosmopolis,,WA,2009-05-22,2009-07-21,53,Permanent,https://esd.wa.gov/about-employees/WARN
Boeing,BOEING,Puget Sound,,WA,2009-05-22,2009-07-24,117,Permanent,https://esd.wa.gov/about-employees/WARN
CATALENT PHARMA SOLUTIONS LLC,CATALENT PHARMA,PENNSAUKEN,,NJ,,2009-05-18,132,,https://www.nj.gov/labor/employer-services/warn/
CENVEO,CENVEO,CARLSTADT,,NJ,,2009-05-18,46,,https://www.nj.gov/labor/employer-services/warn/
FLUOR,FLUOR,MT LAUREL,,NJ,,2009-05-18,128,,https://www.nj.gov/labor/employer-services/warn/
Johnson Controls Inc,JOHNSON CONTROLS,Bellevue,,WA,2009-05-18,2009-07-31,45,Permanent,https://esd.wa.gov/about-employees/WARN
DRUG FAIR,DRUG FAIR,SOMERSET,,NJ,,2009-05-16,129,,https://www.nj.gov/labor/employer-services/warn/
CDG Management,CDG MANAGEMENT,Olympia,,WA,2009-05-15,2009-05-29,41,Permanent,https://esd.wa.gov/about-employees/WARN
Amgen,AMGEN,Bothell,,WA,2009-05-14,2009-07-13,101,Permanent,https://esd.wa.gov/about-employees/WARN
AMERICAN DISTRIBUTION SERVICE,AMERICAN DISTRIBUTION SERVICE,RIDGEFIELD,,NJ,,2009-05-12,101,,https://www.nj.gov/labor/employer-services/warn/
COLORITE SPECIALTY RESINS,COLORITE SPECIALTY RESINS,BURLINGTON,,NJ,,2009-05-06,53,,https://www.nj.gov/labor/employer-services/warn/
Microsoft,MICROSOFT,Redmond,,WA,2009-05-05,2009-07-04,1200,Permanent,https://esd.wa.gov/about-employees/WARN
SPRING AIR COMPANY,SPRING AIR,NEW BRUNSWICK,,NJ,,2009-05-04,39,,https://www.nj.gov/labor/employer-services/warn/
Spring Air,SPRING AIR,Lacey,,WA,2009-05-04,2009-05-01,45,Permanent,https://esd.wa.gov/about-employees/WARN
Coast Engine & Equipment,COAST ENGINE EQUIPMENT,Tacoma,,WA,2009-05-04,2009-07-03,111,Permanent,https://esd.wa.gov/about-employees/WARN
"BASF CATALYSTS, LLC",BASF CATALYSTS,EAST NEWARK,,NJ,,2009-05-01,34,,https://www.nj.gov/labor/employer-services/warn/
"MAX RAVE, LLC",MAX RAVE,NORTH BERGEN,,NJ,,2009-05-01,70,,https://www.nj.gov/labor/employer-services/warn/
ZymoGenetics,ZYMOGENETICS,Seattle,,WA,2009-04-30,2009-06-30,170,Permanent,https://esd.wa.gov/about-employees/WARN
"Pliva, Inc.",PLIVA,East Hanover,,NJ,,2009-04-27,120,,https://www.nj.gov/labor/employer-services/warn/
IBM,IBM,STATEWIDE,,NJ,,2009-04-27,245,,https://www.nj.gov/labor/employer-services/warn/
THE HOME DEPOT,THE HOME DEPOT,PARAMUS,,NJ,,2009-04-26,106,,https://www.nj.gov/labor/employer-services/warn/
THE HOME DEPOT,THE HOME DEPOT,BRIDGEWATER,,NJ,,2009-04-26,99,,https://www.nj.gov/labor/employer-services/warn/
Alcan Baltek,ALCAN BALTEK,Northvale,,NJ,,2009-04-23,70,,https://www.nj.gov/labor/employer-services/warn/
Boeing,BOEING,Puget Sound,,WA,2009-04-21,2009-06-19,119,Permanent,https://esd.wa.gov/about-employees/WARN
CHELSEA PROPERTY GROUP,CHELSEA PROPERTY GROUP,ROSELAND,,NJ,,2009-04-17,71,,https://www.nj.gov/labor/employer-services/warn/
PROPAK CORPORATION,PROPAK,BARRINGTON,,NJ,,2009-04-17,59,,https://www.nj.gov/labor/employer-services/warn/
Liberty Mutual Insurance,LIBERTY MUTUAL INSURANCE,Bothell,,WA,2009-04-17,2009-06-16,100,Permanent,https://esd.wa.gov/about-employees/WARN
THE EVENING JOURNAL ASSOCIATION,THE EVENING JOURNAL ASSOCIATION,JERSEY CITY,,NJ,,2009-04-13,144,,https://www.nj.gov/labor/employer-services/warn/
Hampton Affiliates,HAMPTON AFFILIATES,Morton,,WA,2009-04-08,2009-06-06,124,Permanent,https://esd.wa.gov/about-employees/WARN
Hampton Affiliates,HAMPTON AFFILIATES,Darrington,,WA,2009-04-08,2009-06-06,118,Permanent,https://esd.wa.gov/about-employees/WARN
"BURBERRY WHOLESALE, LTD",BURBERRY WHOLESALE,WILLIAMSTOWN,,NJ,,2009-04-07,8,,https://www.nj.gov/labor/employer-services/warn/
"CASTLEFORD TAILORS, LTD",CASTLEFORD TAILORS,WILLIAMSTOWN,,NJ,,2009-04-07,145,,https://www.nj.gov/labor/employer-services/warn/
JP Morgan Chase,JP MORGAN CHASE,Tukwila,,WA,2009-04-07,2009-06-15,45,Permanent,https://esd.wa.gov/about-employees/WARN
Ryder Integrated Logistics,RYDER INTEGRATED LOGISTICS,Ledgewood,,NJ,,2009-04-03,100,,https://www.nj.gov/labor/employer-services/warn/
SLM FINANCIAL CORPORATION,SLM FINANCIAL,MT LAUREL,,NJ,,2009-04-03,45,,https://www.nj.gov/labor/employer-services/warn/
Guy Bennett Lumber,GUY BENNETT LUMBER,Clarkston,,WA,2009-04-03,2009-06-05,74,Temporary,https://esd.wa.gov/about-employees/WARN
SOUTHERN WINE AND SPIRITS OF NEW JERSEY,SOUTHERN WINE AND SPIRITS OF NEW JERSEY,SOMERVILLE,,NJ,,2009-04-01,18,,https://www.nj.gov/labor/employer-services/warn/
YANG MING (AMERICA) CORP,YANG MING (AMERICA),JERSEY CITY,,NJ,,2009-04-01,72,,https://www.nj.gov/labor/employer-services/warn/
Microsoft,MICROSOFT,Seattle,,WA,2009-04-01,2009-06-30,2,Permanent,https://esd.wa.gov/about-employees/WARN
BMW of North America,BMW OF NORTH AMERICA,Mt Olive,,NJ,,2009-03-31,10,,https://www.nj.gov/labor/employer-services/warn/
Viking Yacht Company,VIKING YACHT,New Gretna,,NJ,,2009-03-31,541,,https://www.nj.gov/labor/employer-services/warn/
"SOUTH JERSEY HOSPITAL, INC.",SOUTH JERSEY HOSPITAL,VINELAND,,NJ,,2009-03-31,123,,https://www.nj.gov/labor/employer-services/warn/
"Sun Microsystems, Inc",SUN MICROSYSTEMS,Bellevue,,WA,2009-03-31,2009-05-30,24,Permanent,https://esd.wa.gov/about-employees/WARN
Exide Technologies,EXIDE,Sumner,,WA,2009-03-31,2009-03-31,43,Permanent,https://esd.wa.gov/about-employees/WARN
King Pharmaceuticals,KING PHARMACEUTICALS,Bridgewater,,NJ,,2009-03-29,71,,https://www.nj.gov/labor/employer-services/warn/
ITT Systems Division,ITT SYSTEMS DIVISION,Ft. Dix,,NJ,,2009-03-28,83,,https://www.nj.gov/labor/employer-services/warn/
"Motorola, Inc.",MOTOROLA,S. Plainfield,,NJ,,2009-03-27,50,,https://www.nj.gov/labor/employer-services/warn/
"Circuit City Stores, Inc.",CIRCUIT CITY STORES,Ledgewood,,NJ,,2009-03-21,84,,https://www.nj.gov/labor/employer-services/warn/
MW Manufacturers,MW MANUFACTURERS,Hammonton,,NJ,,2009-03-20,212,,https://www.nj.gov/labor/employer-services/warn/
Commercial Vehicle Group,COMMERCIAL VEHICLE GROUP,Vancouver,,WA,2009-03-20,2009-04-30,70,Permanent,https://esd.wa.gov/about-employees/WARN
Boeing,BOEING,Puget Sound,,WA,2009-03-20,2009-05-22,710,Permanent,https://esd.wa.gov/about-employees/WARN
Book-Mart Press,BOOK-MART PRESS,N. Bergen,,NJ,,2009-03-13,72,,https://www.nj.gov/labor/employer-services/warn/
Nielson & Bainbridge,NIELSON BAINBRIDGE,Monroe Twp.,,NJ,,2009-03-11,105,,https://www.nj.gov/labor/employer-services/warn/
PRESS RELAY,PRESS RELAY,NEWARK,,NJ,,2009-03-11,101,,https://www.nj.gov/labor/employer-services/warn/
Siemens Building Technologies,SIEMENS BUILDING,Florham Park,,NJ,,2009-03-09,153,,https://www.nj.gov/labor/employer-services/warn/
DSNJ,DSNJ,Lakewood,,NJ,,2009-03-07,161,,https://www.nj.gov/labor/employer-services/warn/
GOLDMAN SACHS,GOLDMAN SACHS,JERSEY CITY,,NJ,,2009-03-06,70,,https://www.nj.gov/labor/employer-services/warn/
KV PHARMACEUTICAL,KV PHARMACEUTICAL,STATEWIDE,,NJ,,2009-03-06,30,,https://www.nj.gov/labor/employer-services/warn/
"Apex Express, Inc",APEX EXPRESS,Jersey City,,NJ,,2009-03-05,110,,https://www.nj.gov/labor/employer-services/warn/
Weyerhaeuser Sawmill,WEYERHAEUSER SAWMILL,Toutle,,WA,2009-03-05,2009-05-01,1,Permanent,https://esd.wa.gov/about-employees/WARN
Weyerhaeuser Lumbermill,WEYERHAEUSER LUMBERMILL,Raymond,,WA,2009-03-04,2009-03-09,50,Permanent,https://esd.wa.gov/about-employees/WARN
Roadway Express,ROADWAY EXPRESS,E. Brunswick,,NJ,,2009-03-01,72,,https://www.nj.gov/labor/employer-services/warn/
VWR INT.,VWR INT,BRIDGEPORT,,NJ,,2009-02-28,76,,https://www.nj.gov/labor/employer-services/warn/
GRIFFIN PIPE,GRIFFIN PIPE,FLORENCE,,NJ,,2009-02-27,200,,https://www.nj.gov/labor/employer-services/warn/
General Dynamics,GENERAL DYNAMICS,Spokane Valley,,WA,2009-02-25,2009-04-24,353,Permanent,https://esd.wa.gov/about-employees/WARN
Boeing,BOEING,Puget Sound,,WA,2009-02-25,2009-04-24,781,Permanent,https://esd.wa.gov/about-employees/WARN
IBM,IBM,PARAMUS,,NJ,,2009-02-23,72,,https://www.nj.gov/labor/employer-services/warn/
BLACKSTONE MEDICAL,BLACKSTONE MEDICAL,WAYNE,,NJ,,2009-02-19,10,,https://www.nj.gov/labor/employer-services/warn/
"FORTUNOFF HOLDINGS, LLC",FORTUNOFF HOLDINGS,STATEWIDE,,NJ,,2009-02-13,445,,https://www.nj.gov/labor/employer-services/warn/
MARRIOTT,MARRIOTT,GALLOWAY,,NJ,,2009-02-13,66,,https://www.nj.gov/labor/employer-services/warn/
MARRIOTT,MARRIOTT,ABSECON,,NJ,,2009-02-13,68,,https://www.nj.gov/labor/employer-services/warn/
Best Buy,BEST BUY,Kent,,WA,2009-02-12,2009-04-14,82,Permanent,https://esd.wa.gov/about-employees/WARN
Results Bellingham,RESULTS BELLINGHAM,Bellingham,,WA,2009-02-12,2009-04-12,150,Permanent,https://esd.wa.gov/about-employees/WARN
TTM Technologies,TTM,Redmond,,WA,2009-02-05,2009-03-16,369,Permanent,https://esd.wa.gov/about-employees/WARN
Boeing,BOEING,Puget Sound,,WA,2009-02-05,2009-03-20,668,Permanent,https://esd.wa.gov/about-employees/WARN
ABBOTT LABORATORIES,ABBOTT LABORATORIES,EDISON,,NJ,,2009-02-04,143,,https://www.nj.gov/labor/employer-services/warn/
JOHNS MANVILLE,JOHNS MANVILLE,BERLIN,,NJ,,2009-01-31,170,,https://www.nj.gov/labor/employer-services/warn/
PIKE MACHINE PRODUCTS,PIKE MACHINE PRODUCTS,ELIZABETH,,NJ,,2009-01-31,71,,https://www.nj.gov/labor/employer-services/warn/
GROCERY HAULERS,GROCERY HAULERS,S. KEARNY,,NJ,,2009-01-31,138,,https://www.nj.gov/labor/employer-services/warn/
Silverton Marine Corp,SILVERTON MARINE,Millville,,NJ,,2009-01-30,202,,https://www.nj.gov/labor/employer-services/warn/
SolarWorld Industries,SOLARWORLD INDUSTRIES,Vancouver,,WA,2009-01-30,2009-03-13,63,Permanent,https://esd.wa.gov/about-employees/WARN
Allied Waste,ALLIED WASTE,Seattle,,WA,2009-01-28,2009-03-31,203,Permanent,https://esd.wa.gov/about-employees/WARN
Weyerhaeuser Sawmill,WEYERHAEUSER SAWMILL,Aberdeen,,WA,2009-01-27,2009-01-26,128,Permanent,https://esd.wa.gov/about-employees/WARN
Pacific Veneer Weyerhaeuser,PACIFIC VENEER WEYERHAEUSER,Aberdeen,,WA,2009-01-27,2009-01-26,93,Permanent,https://esd.wa.gov/about-employees/WARN
CLARA MAAS CONTINUING CARE AT BELLEVILLE,CLARA MAAS CONTINUING CARE AT BELLEVILLE,BELLEVILLE,,NJ,,2009-01-26,208,,https://www.nj.gov/labor/employer-services/warn/
"Sun Microsystems, Inc",SUN MICROSYSTEMS,Bellevue,,WA,2009-01-23,2009-03-23,4,Permanent,https://esd.wa.gov/about-employees/WARN
Microsoft,MICROSOFT,Redmond,,WA,2009-01-23,2009-03-23,872,Permanent,https://esd.wa.gov/about-employees/WARN
Seattle Post-Intelligencer,SEATTLE POST-INTELLIGENCER,Seattle,,WA,2009-01-21,2009-03-18,181,Permanent,https://esd.wa.gov/about-employees/WARN
Qwest,QWEST,Seattle,,WA,2009-01-21,2009-04-15,235,Permanent,https://esd.wa.gov/about-employees/WARN
Philips Electronics,PHILIPS ELECTRONICS,Auburn,,WA,2009-01-20,2009-03-20,96,Permanent,https://esd.wa.gov/about-employees/WARN
COMCAST CABLE,COMCAST CABLE,E. WINDSOR,,NJ,,2009-01-19,185,,https://www.nj.gov/labor/employer-services/warn/
NATIONAL GYPSUM,NATIONAL GYPSUM,DELAIR,,NJ,,2009-01-19,66,,https://www.nj.gov/labor/employer-services/warn/
SEARS,SEARS,WOODBRIDGE,,NJ,,2009-01-11,94,,https://www.nj.gov/labor/employer-services/warn/
NAT. WHOLESALE LIQUID.,NAT WHOLESALE LIQUID,LODI/EDISON,,NJ,,2009-01-08,134,,https://www.nj.gov/labor/employer-services/warn/
Teck,TECK,Metaline Falls,,WA,2009-01-06,2009-02-16,165,Permanent,https://esd.wa.gov/about-employees/WARN
NEWARK MORNING LEDGER,NEWARK MORNING LEDGER,NEWARK,,NJ,,2009-01-05,1657,,https://www.nj.gov/labor/employer-services/warn/
TIMES OF TRENTON,TIMES OF TRENTON,TRENTON,,NJ,,2009-01-05,151,,https://www.nj.gov/labor/employer-services/warn/
HONEYWELL INT.,HONEYWELL INT,BLACKWOOD,,NJ,,2009-01-05,12,,https://www.nj.gov/labor/employer-services/warn/
HONEYWELL SCANNING,HONEYWELL SCANNING,W. DEPTFORD,,NJ,,2009-01-05,4,,https://www.nj.gov/labor/employer-services/warn/
CITY & SUBURBAN DEL.,CITY SUBURBAN DEL,STATEWIDE,,NJ,,2009-01-04,372,,https://www.nj.gov/labor/employer-services/warn/
HANOVER DIRECT,HANOVER DIRECT,WEEHAWKIN,,NJ,,2009-01-04,18,,https://www.nj.gov/labor/employer-services/warn/
FOOTSTAR,FOOTSTAR,MAHWAH,,NJ,,2008-12-31,206,,https://www.nj.gov/labor/employer-services/warn/
Agilent Technologies,AGILENT,Liberty Lake,,WA,2008-12-30,2009-01-30,120,Permanent,https://esd.wa.gov/about-employees/WARN
BARCLAYS CAPITAL,BARCLAYS CAPITAL,STATEWIDE,,NJ,,2008-12-26,710,,https://www.nj.gov/labor/employer-services/warn/
BARCLAYS CAPITAL,BARCLAYS CAPITAL,WHIPPANY,,NJ,,2008-12-26,100,,https://www.nj.gov/labor/employer-services/warn/
ABX Air,ABX AIR,Chehalis,,WA,2008-12-26,2009-02-13,4,Permanent,https://esd.wa.gov/about-employees/WARN
North Sky Communications,NORTH SKY COMMUNICATIONS,Woodinville,,WA,2008-12-23,2008-12-11,57,Permanent,https://esd.wa.gov/about-employees/WARN
BUILDERS FIRST SOURCE,BUILDERS FIRST SOURCE,STATEWIDE,,NJ,,2008-12-15,120,,https://www.nj.gov/labor/employer-services/warn/
LINENS’ AND THINGS,LINENS’ AND THINGS,SWEDESBORO,,NJ,,2008-12-15,127,,https://www.nj.gov/labor/employer-services/warn/
LINENS’ AND THINGS,LINENS’ AND THINGS,CLIFTON,,NJ,,2008-12-15,519,,https://www.nj.gov/labor/employer-services/warn/
Hunter Douglas,HUNTER DOUGLAS,Renton,,WA,2008-12-03,2009-02-02,166,Permanent,https://esd.wa.gov/about-employees/WARN
GE HEALTHCARE,GE HEALTHCARE,SOMERSET,,NJ,,2008-11-30,40,,https://www.nj.gov/labor/employer-services/warn/
THELEN,THELEN,FLORHAM PARK,,NJ,,2008-11-30,645,,https://www.nj.gov/labor/employer-services/warn/
GMAC MORTGAGE,GMAC MORTGAGE,CHERRY HILL,,NJ,,2008-11-26,32,,https://www.nj.gov/labor/employer-services/warn/
CDG Management,CDG MANAGEMENT,Tacoma,,WA,2008-11-24,2008-12-21,34,Permanent,https://esd.wa.gov/about-employees/WARN
CDG Management,CDG MANAGEMENT,Olympia,,WA,2008-11-24,2008-12-21,18,Permanent,https://esd.wa.gov/about-employees/WARN
AMERICAN FUJI SEAL,AMERICAN FUJI SEAL,FAIRFIELD,,NJ,,2008-11-21,68,,https://www.nj.gov/labor/employer-services/warn/
DHL Express,DHL EXPRESS,Seattle,,WA,2008-11-19,2009-01-18,68,Permanent,https://esd.wa.gov/about-employees/WARN
American Airlines,AMERICAN AIRLINES,Seattle,,WA,2008-11-19,2009-01-16,1,Permanent,https://esd.wa.gov/about-employees/WARN
DHL Express,DHL EXPRESS,"Kent, Bothell, Bellevue, Fife",,WA,2008-11-19,2009-01-18,187,Permanent,https://esd.wa.gov/about-employees/WARN
ABX Air,ABX AIR,Chehalis,,WA,2008-11-14,2009-01-13,52,Permanent,https://esd.wa.gov/about-employees/WARN
Kenworth Trucking,KENWORTH TRUCKING,Renton,,WA,2008-11-14,2009-01-16,430,Permanent,https://esd.wa.gov/about-employees/WARN
Washington Mutual,WASHINGTON MUTUAL,Seattle,,WA,2008-11-12,2009-01-31,3400,Permanent,https://esd.wa.gov/about-employees/WARN
SWS WAREHOUSING,SWS WAREHOUSING,MONROE,,NJ,,2008-11-10,32,,https://www.nj.gov/labor/employer-services/warn/
EBI HOLDINGS,EBI HOLDINGS,PARSIPPANY,,NJ,,2008-11-07,111,,https://www.nj.gov/labor/employer-services/warn/
EQUITY ONE,EQUITY ONE,MARLTON,,NJ,,2008-11-07,147,,https://www.nj.gov/labor/employer-services/warn/
POPULAR MORTGAGE,POPULAR MORTGAGE,CHERRY HILL,,NJ,,2008-11-07,167,,https://www.nj.gov/labor/employer-services/warn/
DELUXE MANUFACTURING,DELUXE MANUFACTURING,THOROFARE,,NJ,,2008-11-07,250,,https://www.nj.gov/labor/employer-services/warn/
BAE Systems,BAE SYSTEMS,Bremerton,,WA,2008-11-07,2008-12-19,31,Permanent,https://esd.wa.gov/about-employees/WARN
"Sun Microsystems, Inc",SUN MICROSYSTEMS,Bellevue,,WA,2008-11-06,2009-01-05,9,Permanent,https://esd.wa.gov/about-employees/WARN
Seattle Times,SEATTLE TIMES,Seattle,,WA,2008-11-05,2008-12-12,145,Permanent,https://esd.wa.gov/about-employees/WARN
HANJIN SHIPPING,HANJIN SHIPPING,PARAMUS,,NJ,,2008-11-01,60,,https://www.nj.gov/labor/employer-services/warn/
W.L. GORE & ASSOCIATES,W L GORE ASSOCIATES,OAK RIDGE,,NJ,,2008-11-01,67,,https://www.nj.gov/labor/employer-services/warn/
BURLINGTON RESINS,BURLINGTON RESINS,BURLINGTON,,NJ,,2008-11-01,122,,https://www.nj.gov/labor/employer-services/warn/
INTERCALL,INTERCALL,WAYNE,,NJ,,2008-10-31,121,,https://www.nj.gov/labor/employer-services/warn/
Solid Ground,SOLID GROUND,Seattle,,WA,2008-10-31,2008-12-31,114,Permanent,https://esd.wa.gov/about-employees/WARN
SURVIVOR TECHNOLOGIES,SURVIVOR,HILLSIDE,,NJ,,2008-10-27,287,,https://www.nj.gov/labor/employer-services/warn/
"IntelliTax Software Solutions, Inc.",INTELLITAX SOFTWARE,Bellevue,,WA,2008-10-27,2008-10-24,150,Permanent,https://esd.wa.gov/about-employees/WARN
AVAYA,AVAYA,LINCROFT,,NJ,,2008-10-23,63,,https://www.nj.gov/labor/employer-services/warn/
Morning Sun,MORNING SUN,Tacoma,,WA,2008-10-23,2008-12-22,162,Permanent,https://esd.wa.gov/about-employees/WARN
EMCO DISTRIBUTION,EMCO DISTRIBUTION,NORTH BERGEN,,NJ,,2008-10-19,103,,https://www.nj.gov/labor/employer-services/warn/
KIK CUSTOM PRODUCTS,KIK CUSTOM PRODUCTS,CARLSTADT,,NJ,,2008-10-17,155,,https://www.nj.gov/labor/employer-services/warn/
Meridian Yacht/US Marine,MERIDIAN YACHT/ MARINE,Arlington,,WA,2008-10-16,2008-10-16,276,Permanent,https://esd.wa.gov/about-employees/WARN
Milgard Windows,MILGARD WINDOWS,Marysville,,WA,2008-10-14,2008-10-24,80,Permanent,https://esd.wa.gov/about-employees/WARN
BOSCOV’S,BOSCOV’S,EATONTOWN,,NJ,,2008-10-12,149,,https://www.nj.gov/labor/employer-services/warn/
ABBOTT LABORATORIES,ABBOTT LABORATORIES,WHIPPANY,,NJ,,2008-10-11,125,,https://www.nj.gov/labor/employer-services/warn/
Meridian Yacht/US Marine,MERIDIAN YACHT/ MARINE,Arlington,,WA,2008-10-10,2008-10-10,445,Permanent,https://esd.wa.gov/about-employees/WARN
Stimson Lumber,STIMSON LUMBER,Colville,,WA,2008-10-08,2008-12-08,109,Permanent,https://esd.wa.gov/about-employees/WARN
GMAC MORTGAGE,GMAC MORTGAGE,CHERRY HILL,,NJ,,2008-10-03,68,,https://www.nj.gov/labor/employer-services/warn/
PHARMACOPEIA,PHARMACOPEIA,CRANBURY,,NJ,,2008-10-03,64,,https://www.nj.gov/labor/employer-services/warn/
WACHOVIA,WACHOVIA,STATEWIDE,,NJ,,2008-10-01,56,,https://www.nj.gov/labor/employer-services/warn/
CORRECTIONAL MEDICAL,CORRECTIONAL MEDICAL,STATEWIDE,,NJ,,2008-09-30,949,,https://www.nj.gov/labor/employer-services/warn/
GENERAL CHEMICAL,GENERAL CHEMICAL,PARSIPPANY,,NJ,,2008-09-30,56,,https://www.nj.gov/labor/employer-services/warn/
ASHLAND,ASHLAND,BOONTON,,NJ,,2008-09-30,158,,https://www.nj.gov/labor/employer-services/warn/
Heller Ehrman,HELLER EHRMAN,Seattle,,WA,2008-09-29,2008-11-28,139,Permanent,https://esd.wa.gov/about-employees/WARN
FOOTSTAR,FOOTSTAR,MAHWAH,,NJ,,2008-09-27,62,,https://www.nj.gov/labor/employer-services/warn/
D & R MANAGEMENT,D R MANAGEMENT,TOTOWA,,NJ,,2008-09-26,164,,https://www.nj.gov/labor/employer-services/warn/
"Johnson Controls, Inc.",JOHNSON CONTROLS,DuPont,,WA,2008-09-18,2008-12-07,13,Permanent,https://esd.wa.gov/about-employees/WARN
NJFOP FUNDRAISING,NJFOP FUNDRAISING,OCEAN,,NJ,,2008-09-17,99,,https://www.nj.gov/labor/employer-services/warn/
DOW JONES & CO.,DOW JONES,S. BRUNSWICK,,NJ,,2008-09-15,66,,https://www.nj.gov/labor/employer-services/warn/
GUND,GUND,EDISON,,NJ,,2008-09-10,128,,https://www.nj.gov/labor/employer-services/warn/
Vivendi Games,VIVENDI GAMES,Issaquah,,WA,2008-09-08,2008-11-07,1,Permanent,https://esd.wa.gov/about-employees/WARN
INDYMAC BANK,INDYMAC BANK,MARLTON,,NJ,,2008-09-07,127,,https://www.nj.gov/labor/employer-services/warn/
AMERICAN AIRLINES,AMERICAN AIRLINES,NEWARK,,NJ,,2008-09-05,44,,https://www.nj.gov/labor/employer-services/warn/
COMFORT INN/ECONO LODGE,COMFORT INN/ECONO LODGE,ATLANTIC CITY,,NJ,,2008-09-01,50,,https://www.nj.gov/labor/employer-services/warn/
DELAWARE NORTH,DELAWARE NORTH,NEWARK,,NJ,,2008-09-01,242,,https://www.nj.gov/labor/employer-services/warn/
ORTHO BIOTECH,ORTHO BIOTECH,BRIDGEWATER,,NJ,,2008-09-01,260,,https://www.nj.gov/labor/employer-services/warn/
BARRY CALLEBAUT,BARRY CALLEBAUT,SWEDESBORO,,NJ,,2008-09-01,59,,https://www.nj.gov/labor/employer-services/warn/
FIRST STUDENT,FIRST STUDENT,JERSEY CITY,,NJ,,2008-08-31,150,,https://www.nj.gov/labor/employer-services/warn/
SWS NJ WAREHOUSING,SWS NJ WAREHOUSING,MONROE,,NJ,,2008-08-31,51,,https://www.nj.gov/labor/employer-services/warn/
FIRST TRENTON INDEMNITY,FIRST TRENTON INDEMNITY,MARLTON,,NJ,,2008-08-29,113,,https://www.nj.gov/labor/employer-services/warn/
ABBOTT LABORATORIES,ABBOTT LABORATORIES,PARSIPPANY,,NJ,,2008-08-29,83,,https://www.nj.gov/labor/employer-services/warn/
ZINSSER CO.,ZINSSER,SOMERSET,,NJ,,2008-08-29,61,,https://www.nj.gov/labor/employer-services/warn/
ABM ENGINEERING,ABM ENGINEERING,STATEWIDE,,NJ,,2008-08-29,63,,https://www.nj.gov/labor/employer-services/warn/
LEHIGH PRESS,LEHIGH PRESS,PENNSAUKEN,,NJ,,2008-08-26,206,,https://www.nj.gov/labor/employer-services/warn/
NORTH JERSEY MEDIA,NORTH JERSEY MEDIA,ROCKAWAY,,NJ,,2008-08-26,11,,https://www.nj.gov/labor/employer-services/warn/
LIZ CLAIBORNE,LIZ CLAIBORNE,DAYTON,,NJ,,2008-08-22,92,,https://www.nj.gov/labor/employer-services/warn/
Rosario Resort,ROSARIO RESORT,Eastsound (Orcas Island),,WA,2008-08-21,2008-10-20,195,Permanent,https://esd.wa.gov/about-employees/WARN
WALLENIUS WILHELMSEN,WALLENIUS WILHELMSEN,WOODCLIFF LAKE,,NJ,,2008-08-19,56,,https://www.nj.gov/labor/employer-services/warn/
PALISADES SAFETY & INS.,PALISADES SAFETY INS,FREEHOLD,,NJ,,2008-08-17,48,,https://www.nj.gov/labor/employer-services/warn/
POLYMER GROUP,POLYMER GROUP,LANDISVILLE,,NJ,,2008-08-15,82,,https://www.nj.gov/labor/employer-services/warn/
Cenveo Corporation,CENVEO,Tukwila,,WA,2008-08-15,2008-10-03,15,Permanent,https://esd.wa.gov/about-employees/WARN
Alaska Distributors,ALASKA DISTRIBUTORS,"Kent, Everett, Spokane",,WA,2008-08-13,2008-10-03,600,Permanent,https://esd.wa.gov/about-employees/WARN
EEYE INCORPORATED,EEYE,WOODCLIFF LAKE,,NJ,,2008-08-12,1,,https://www.nj.gov/labor/employer-services/warn/
GMAC ResCap,GMAC RESCAP,Bellevue,,WA,2008-08-12,2008-10-31,60,Permanent,https://esd.wa.gov/about-employees/WARN
Seattle Times,SEATTLE TIMES,North Creek & Fairview,,WA,2008-08-12,2008-08-27,75,Permanent,https://esd.wa.gov/about-employees/WARN
SCHERING-PLOUGH,SCHERING-PLOUGH,STATEWIDE,,NJ,,2008-08-11,500,,https://www.nj.gov/labor/employer-services/warn/
Syntax Brillian,SYNTAX BRILLIAN,White Salmon,,WA,2008-08-11,2008-09-02,1,Permanent,https://esd.wa.gov/about-employees/WARN
INTERSTATE OGISTICS,INTERSTATE OGISTICS,SECAUCUS,,NJ,,2008-08-10,90,,https://www.nj.gov/labor/employer-services/warn/
JPMORGAN CHASE,JPMORGAN CHASE,SOMERSET,,NJ,,2008-08-07,0,,https://www.nj.gov/labor/employer-services/warn/
Columbia Lighting,COLUMBIA LIGHTING,Spokane,,WA,2008-08-07,2008-09-26,211,Permanent,https://esd.wa.gov/about-employees/WARN
Titus Tool Company,TITUS TOOL,Kent,,WA,2008-08-06,2008-11-30,50,Permanent,https://esd.wa.gov/about-employees/WARN
Seattle Sonics,SEATTLE SONICS,Seattle,,WA,2008-08-06,2008-09-30,117,Permanent,https://esd.wa.gov/about-employees/WARN
BANK OF AMERICA,BANK OF AMERICA,JERSEY CITY,,NJ,,2008-08-03,162,,https://www.nj.gov/labor/employer-services/warn/
NATIONAL ENVELOPE,NATIONAL ENVELOPE,UNION,,NJ,,2008-08-03,171,,https://www.nj.gov/labor/employer-services/warn/
CELEBRATION,CELEBRATION,LUMBERTON,,NJ,,2008-08-01,150,,https://www.nj.gov/labor/employer-services/warn/
ORTHO BIOTECH,ORTHO BIOTECH,BRIDGEWATER,,NJ,,2008-08-01,289,,https://www.nj.gov/labor/employer-services/warn/
Starwood Resorts & Hotels,STARWOOD RESORTS HOTELS,Seattle,,WA,2008-07-29,2008-09-01,87,Permanent,https://esd.wa.gov/about-employees/WARN
Vivendi Games,VIVENDI GAMES,Issaquah,,WA,2008-07-28,2008-09-13,53,Permanent,https://esd.wa.gov/about-employees/WARN
Indymac Bank,INDYMAC BANK,Bellevue,,WA,2008-07-21,2008-09-05,51,Permanent,https://esd.wa.gov/about-employees/WARN
SONY BMG MUSIC,SONY BMG MUSIC,LYNDHURST,,NJ,,2008-07-18,50,,https://www.nj.gov/labor/employer-services/warn/
All-Woods Components,ALL-WOODS COMPONENTS,Union Gap,,WA,2008-07-17,2008-07-23,29,Permanent,https://esd.wa.gov/about-employees/WARN
Mt. Hood Beverage,MT HOOD BEVERAGE,Yakima & Kennewick,,WA,2008-07-17,2009-01-01,110,Permanent,https://esd.wa.gov/about-employees/WARN
Columbia Distributing,COLUMBIA DISTRIBUTING,4 sites,,WA,2008-07-15,2008-09-15,933,Permanent,https://esd.wa.gov/about-employees/WARN
COMPUTER SCIENCES,COMPUTER SCIENCES,SECAUCUS,,NJ,,2008-07-11,102,,https://www.nj.gov/labor/employer-services/warn/
"Sun Microsystems, Inc",SUN MICROSYSTEMS,Bellevue,,WA,2008-07-10,2008-09-08,9,Permanent,https://esd.wa.gov/about-employees/WARN
Intermec Technologies,INTERMEC,Everett,,WA,2008-07-10,2008-10-03,184,Permanent,https://esd.wa.gov/about-employees/WARN
American Airlines,AMERICAN AIRLINES,Seattle,,WA,2008-07-07,2008-09-05,22,Permanent,https://esd.wa.gov/about-employees/WARN
MUHLENBERG MED. CTR.,MUHLENBERG MED CTR,PLAINFIELD,,NJ,,2008-07-04,18,,https://www.nj.gov/labor/employer-services/warn/
PHILIPS ELECTRONICS,PHILIPS ELECTRONICS,LEDGEWOOD,,NJ,,2008-07-01,50,,https://www.nj.gov/labor/employer-services/warn/
SALLIE MAE,SALLIE MAE,MT. LAUREL,,NJ,,2008-07-01,163,,https://www.nj.gov/labor/employer-services/warn/
DOMINATE FOOD SVS,DOMINATE FOOD SVS,BAYONNE,,NJ,,2008-07-01,25,,https://www.nj.gov/labor/employer-services/warn/
FIRST STUDENT,FIRST STUDENT,PISCATAWAY,,NJ,,2008-06-30,80,,https://www.nj.gov/labor/employer-services/warn/
HAPAG-LLOYD,HAPAG-LLOYD,PISCATAWAY,,NJ,,2008-06-30,138,,https://www.nj.gov/labor/employer-services/warn/
HUDSON CATHOLIC H.S.,HUDSON CATHOLIC H S,JERSEY CITY,,NJ,,2008-06-30,42,,https://www.nj.gov/labor/employer-services/warn/
ARAMARK,ARAMARK,CHERRY HILL,,NJ,,2008-06-30,93,,https://www.nj.gov/labor/employer-services/warn/
TRANE,TRANE,PISCATAWAY,,NJ,,2008-06-30,40,,https://www.nj.gov/labor/employer-services/warn/
FOOTSTAR,FOOTSTAR,MAHWAH,,NJ,,2008-06-28,221,,https://www.nj.gov/labor/employer-services/warn/
CHR. HANSEN,CHR HANSEN,MAHWAH,,NJ,,2008-06-28,50,,https://www.nj.gov/labor/employer-services/warn/
ACCOONA,ACCOONA,JERSEY CITY,,NJ,,2008-06-20,53,,https://www.nj.gov/labor/employer-services/warn/
COLEMAN NATURAL FOODS,COLEMAN NATURAL FOODS,WILLIAMSTOWN,,NJ,,2008-06-16,182,,https://www.nj.gov/labor/employer-services/warn/
MUHLENBERG MED. CTR.,MUHLENBERG MED CTR,PLAINFIELD,,NJ,,2008-06-15,749,,https://www.nj.gov/labor/employer-services/warn/
JONES APPAREL,JONES APPAREL,EDISON,,NJ,,2008-06-02,157,,https://www.nj.gov/labor/employer-services/warn/
PM HOSPITALITY STRATEGIES,PM HOSPITALITY STRATEGIES,EDISON,,NJ,,2008-06-01,96,,https://www.nj.gov/labor/employer-services/warn/
COLUMBUS HOSPITAL,COLUMBUS HOSPITAL,NEWARK,,NJ,,2008-06-01,874,,https://www.nj.gov/labor/employer-services/warn/
JPMORGAN CHASE,JPMORGAN CHASE,WOODCLIFF LAKE,,NJ,,2008-06-01,33,,https://www.nj.gov/labor/employer-services/warn/
EK SUCCESS,EK SUCCESS,CLIFTON,,NJ,,2008-06-01,134,,https://www.nj.gov/labor/employer-services/warn/
ARAMARK,ARAMARK,ATLANTIC CITY,,NJ,,2008-05-31,183,,https://www.nj.gov/labor/employer-services/warn/
PRINCETON LAUNDRY,PRINCETON LAUNDRY,PATERSON,,NJ,,2008-05-31,106,,https://www.nj.gov/labor/employer-services/warn/
SILVER LINE PRODUCTS,SILVER LINE PRODUCTS,MIDDLESEX,,NJ,,2008-05-23,171,,https://www.nj.gov/labor/employer-services/warn/
"Sun Microsystems, Inc",SUN MICROSYSTEMS,Bellevue,,WA,2008-05-22,2008-07-21,2,Permanent,https://esd.wa.gov/about-employees/WARN
JEVIC TRANSPORTATION,JEVIC TRANSPORTATION,DELANCO/PISCATAWAY,,NJ,,2008-05-19,1036,,https://www.nj.gov/labor/employer-services/warn/
Ball Corporation,BALL,Kent,,WA,2008-05-19,2008-08-31,112,Permanent,https://esd.wa.gov/about-employees/WARN
JPMORGAN CHASE,JPMORGAN CHASE,WOODCLIFF LAKE,,NJ,,2008-05-18,42,,https://www.nj.gov/labor/employer-services/warn/
SOUTHCO,SOUTHCO,BRIDGEPORT,,NJ,,2008-05-16,153,,https://www.nj.gov/labor/employer-services/warn/
UBS SERVICES,UBS,WEEHAWKEN,,NJ,,2008-05-16,14,,https://www.nj.gov/labor/employer-services/warn/
NEIGHBORCARE PHARMACY,NEIGHBORCARE PHARMACY,OCEAN,,NJ,,2008-05-15,63,,https://www.nj.gov/labor/employer-services/warn/
WACKENHUT,WACKENHUT,FORKED RIVER,,NJ,,2008-05-11,150,,https://www.nj.gov/labor/employer-services/warn/
LIBERTY HARDWARE,LIBERTY HARDWARE,RANDOLPH,,NJ,,2008-05-09,45,,https://www.nj.gov/labor/employer-services/warn/
FIRST FRANKLIN,FIRST FRANKLIN,MT. LAUREL,,NJ,,2008-05-07,57,,https://www.nj.gov/labor/employer-services/warn/
LANXESS SYBRON,LANXESS SYBRON,BIRMINGHAM,,NJ,,2008-05-02,70,,https://www.nj.gov/labor/employer-services/warn/
NEWARK MORNING LEDGER,NEWARK MORNING LEDGER,PISCATAWAY/P. BROOK,,NJ,,2008-05-02,367,,https://www.nj.gov/labor/employer-services/warn/
TITAL TOOLS,TITAL TOOLS,OAKLAND,,NJ,,2008-05-01,61,,https://www.nj.gov/labor/employer-services/warn/
Washington Mutual,WASHINGTON MUTUAL,Bellevue,,WA,2008-05-01,2008-08-31,84,Temporary,https://esd.wa.gov/about-employees/WARN
BRADLEY PHARM.,BRADLEY PHARM,FAIRFIELD,,NJ,,2008-04-30,196,,https://www.nj.gov/labor/employer-services/warn/
CHRIST HOSPITAL,CHRIST HOSPITAL,JERSEY CITY,,NJ,,2008-04-29,65,,https://www.nj.gov/labor/employer-services/warn/
LIBERTY TRAVEL,LIBERTY TRAVEL,RAMSEY/MAHWAH,,NJ,,2008-04-26,60,,https://www.nj.gov/labor/employer-services/warn/
TEVA PHARMACEUTICALS,TEVA PHARMACEUTICALS,NORTHVALE,,NJ,,2008-04-25,155,,https://www.nj.gov/labor/employer-services/warn/
GREENVILLE HOSPITAL,GREENVILLE HOSPITAL,JERSEY CITY,,NJ,,2008-04-25,356,,https://www.nj.gov/labor/employer-services/warn/
Educational Opportunities for Children and Family,EDUCATIONAL OPPORTUNITIES FOR CHILDREN AND FAMILY,Vancouver,,WA,2008-04-25,2008-06-30,19,Permanent,https://esd.wa.gov/about-employees/WARN
GRAHAM PACKAGING,GRAHAM PACKAGING,EDISON,,NJ,,2008-04-18,115,,https://www.nj.gov/labor/employer-services/warn/
Simpson Timber,SIMPSON TIMBER,Tacoma/Shelton,,WA,2008-04-15,2008-04-28,111,Permanent,https://esd.wa.gov/about-employees/WARN
KNOWLEDGE NETWORKS,KNOWLEDGE NETWORKS,CRANFORD,,NJ,,2008-04-09,275,,https://www.nj.gov/labor/employer-services/warn/
METROLOGIC,METROLOGIC,BLACKWOOD,,NJ,,2008-04-07,78,,https://www.nj.gov/labor/employer-services/warn/
NESTLE WATERS,NESTLE WATERS,JERSEY CITY,,NJ,,2008-04-04,89,,https://www.nj.gov/labor/employer-services/warn/
Wilcox Farms,WILCOX FARMS,Cheney,,WA,2008-04-03,2008-04-30,47,Permanent,https://esd.wa.gov/about-employees/WARN
"C3i, INC.",C3I,MORRISTOWN,,NJ,,2008-03-31,109,,https://www.nj.gov/labor/employer-services/warn/
CUMMINS METROPOWER,CUMMINS METROPOWER,NEWARK,,NJ,,2008-03-31,109,,https://www.nj.gov/labor/employer-services/warn/
NEW YORK TIMES,NEW YORK TIMES,EDISON,,NJ,,2008-03-31,115,,https://www.nj.gov/labor/employer-services/warn/
RELIANT PHARMACEUTICALS,RELIANT PHARMACEUTICALS,LIBERTY CORNER,,NJ,,2008-03-31,159,,https://www.nj.gov/labor/employer-services/warn/
NO. JERSEY MEDIA GROUP,NO JERSEY MEDIA GROUP,ROCKAWAY,,NJ,,2008-03-28,50,,https://www.nj.gov/labor/employer-services/warn/
MACY’S LOGISTICS,MACY’S LOGISTICS,CHERRY HILL,,NJ,,2008-03-21,103,,https://www.nj.gov/labor/employer-services/warn/
AURORA LOAN SERVICES,AURORA LOAN,FLORHAM PARK,,NJ,,2008-03-17,139,,https://www.nj.gov/labor/employer-services/warn/
SAINT JAMES HOSPITAL,SAINT JAMES HOSPITAL,NEWARK,,NJ,,2008-03-15,541,,https://www.nj.gov/labor/employer-services/warn/
AFFINITY DIRECT,AFFINITY DIRECT,ENGLEWOOD CLIFFS,,NJ,,2008-03-11,32,,https://www.nj.gov/labor/employer-services/warn/
Weyerhaeuser Company,WEYERHAEUSER,Toutle,,WA,2008-03-10,2008-05-01,81,Permanent,https://esd.wa.gov/about-employees/WARN
Nastech Pharmaceutical,NASTECH PHARMACEUTICAL,Bothell,,WA,2008-03-05,2008-02-29,70,Permanent,https://esd.wa.gov/about-employees/WARN
SEARS ROEBUCK & CO.,SEARS ROEBUCK,MAYWOOD,,NJ,,2008-03-04,52,,https://www.nj.gov/labor/employer-services/warn/
Pactiv Corporation,PACTIV,Yakima,,WA,2008-03-03,2008-05-09,51,Permanent,https://esd.wa.gov/about-employees/WARN
Macy's,MACY'S,Seattle,,WA,2008-03-03,2008-05-02,697,Permanent,https://esd.wa.gov/about-employees/WARN
H & M,H M,NO. ARLINGTON,,NJ,,2008-02-29,80,,https://www.nj.gov/labor/employer-services/warn/
HONEYWELL,HONEYWELL,TETERBORO,,NJ,,2008-02-29,7,,https://www.nj.gov/labor/employer-services/warn/
"K Ply, Inc.",K PLY,Port Angeles,,WA,2008-02-29,2007-11-02,132,Temporary,https://esd.wa.gov/about-employees/WARN
Group Health,GROUP HEALTH,Redmond,,WA,2008-02-25,2008-04-30,363,Permanent,https://esd.wa.gov/about-employees/WARN
Anesthesiologists Associated,ANESTHESIOLOGISTS ASSOCIATED,Spokane Valley,,WA,2008-02-20,2008-02-20,63,Permanent,https://esd.wa.gov/about-employees/WARN
J.R. Simplot,J R SIMPLOT,Pasco,,WA,2008-02-15,2008-04-18,335,Permanent,https://esd.wa.gov/about-employees/WARN
Pristina Pine,PRISTINA PINE,Spokane Valley,,WA,2008-02-13,2008-02-06,98,Permanent,https://esd.wa.gov/about-employees/WARN
ICOS Corporation,ICOS,Bothell,,WA,2008-02-06,2008-03-29,1,Permanent,https://esd.wa.gov/about-employees/WARN
Seattle Times - North Creek,SEATTLE TIMES - NORTH CREEK,Bothell,,WA,2008-02-04,2008-03-31,7,Permanent,https://esd.wa.gov/about-employees/WARN
Wilcox Farms,WILCOX FARMS,Roy,,WA,2008-02-04,2008-03-31,130,Permanent,https://esd.wa.gov/about-employees/WARN
SULTAN HEALTHCARE,SULTAN HEALTHCARE,ENGLEWOOD,,NJ,,2008-02-01,64,,https://www.nj.gov/labor/employer-services/warn/
US PIPE & FOUNDRY,PIPE FOUNDRY,BURLINGTON,,NJ,,2008-02-01,180,,https://www.nj.gov/labor/employer-services/warn/
FLOORSERVE,FLOORSERVE,STATEWIDE,,NJ,,2008-01-31,4,,https://www.nj.gov/labor/employer-services/warn/
Sun Microsystems Inc,SUN MICROSYSTEMS,Bellevue,,WA,2008-01-31,2008-03-31,1,Permanent,https://esd.wa.gov/about-employees/WARN
IDEAL MERCHANDISING,IDEAL MERCHANDISING,STATEWIDE,,NJ,,2008-01-30,22,,https://www.nj.gov/labor/employer-services/warn/
Panasonic,PANASONIC,Vancouver,,WA,2008-01-29,2008-03-29,89,Permanent,https://esd.wa.gov/about-employees/WARN
PATHMARK,PATHMARK,CARTERET,,NJ,,2008-01-26,557,,https://www.nj.gov/labor/employer-services/warn/
DIGIO,DIGIO,KIRKLAND,,WA,2008-01-24,2008-03-18,69,Permanent,https://esd.wa.gov/about-employees/WARN
YARDVILLE NAT. BANK,YARDVILLE NAT BANK,HAMILTON TOWNSHIP,,NJ,,2008-01-19,146,,https://www.nj.gov/labor/employer-services/warn/
YARDVILLE NATIONAL,YARDVILLE NATIONAL,HAMILTON,,NJ,,2008-01-19,8,,https://www.nj.gov/labor/employer-services/warn/
Seattle Times - North Creek,SEATTLE TIMES - NORTH CREEK,Bothell,,WA,2008-01-16,2008-02-29,71,Permanent,https://esd.wa.gov/about-employees/WARN
GREENPOINT MORTGAGE,GREENPOINT MORTGAGE,MT. LAUREL,,NJ,,2008-01-15,12,,https://www.nj.gov/labor/employer-services/warn/
MCNEIL CONSUMER,MCNEIL CONSUMER,PARSIPPANY,,NJ,,2008-01-11,296,,https://www.nj.gov/labor/employer-services/warn/
Holy Family Hospital,HOLY FAMILY HOSPITAL,Deer Park,,WA,2008-01-11,2008-03-15,79,Permanent,https://esd.wa.gov/about-employees/WARN
JPMORGAN CHASE,JPMORGAN CHASE,WOODCLIFF LAKE,,NJ,,2008-01-09,70,,https://www.nj.gov/labor/employer-services/warn/
"PLVTZ, INC.",PLVTZ,ROBBINSVILLE,,NJ,,2008-01-09,224,,https://www.nj.gov/labor/employer-services/warn/
VALUE CITY,VALUE CITY,IRVINGTON,,NJ,,2008-01-07,101,,https://www.nj.gov/labor/employer-services/warn/
AFFINITY DIRECT,AFFINITY DIRECT,ENGLEWOOD,,NJ,,2008-01-04,23,,https://www.nj.gov/labor/employer-services/warn/
BAYONNE MEDICAL CTR.,BAYONNE MEDICAL CTR,BAYONNE,,NJ,,2008-01-03,1020,,https://www.nj.gov/labor/employer-services/warn/
AGC CHEMICALS,AGC CHEMICALS,BAYONNE,,NJ,,2007-12-31,157,,https://www.nj.gov/labor/employer-services/warn/
PHYTON BIOTECH,PHYTON BIOTECH,EAST WINDSOR,,NJ,,2007-12-31,47,,https://www.nj.gov/labor/employer-services/warn/
KING PHARMACEUTICALS,KING PHARMACEUTICALS,WAYNE/POMPTON PLNS,,NJ,,2007-12-28,15,,https://www.nj.gov/labor/employer-services/warn/
"Portac, Inc.",PORTAC,Tacoma,,WA,2007-12-26,2008-02-25,71,Permanent,https://esd.wa.gov/about-employees/WARN
ICOS Corporation,ICOS,Bothell,,WA,2007-12-24,2008-02-29,6,Permanent,https://esd.wa.gov/about-employees/WARN
Washington Mutual,WASHINGTON MUTUAL,Bellevue,,WA,2007-12-17,2008-02-15,105,Permanent,https://esd.wa.gov/about-employees/WARN
Xantrex Technology,XANTREX,Arlington,,WA,2007-12-14,2008-03-01,55,Permanent,https://esd.wa.gov/about-employees/WARN
BAE Systems,BAE SYSTEMS,Keyport,,WA,2007-12-13,2008-02-19,55,Permanent,https://esd.wa.gov/about-employees/WARN
POPULAR FINANCIAL,POPULAR FINANCIAL,MARLTON,,NJ,,2007-12-07,50,,https://www.nj.gov/labor/employer-services/warn/
FloorServe,FLOORSERVE,"Seattle, Tacoma and Vancouver",,WA,2007-12-05,2008-01-31,3,Permanent,https://esd.wa.gov/about-employees/WARN
AFFINITY DIRECT,AFFINITY DIRECT,ENGLEWOOD,,NJ,,2007-12-02,147,,https://www.nj.gov/labor/employer-services/warn/
BERNERT HOSPITAL,BERNERT HOSPITAL,PATERSON,,NJ,,2007-11-30,819,,https://www.nj.gov/labor/employer-services/warn/
COMPUCOM SYSTEMS,COMPUCOM SYSTEMS,PARSIPPANY,,NJ,,2007-11-30,110,,https://www.nj.gov/labor/employer-services/warn/
MORGAN STANLEY,MORGAN STANLEY,JERSEY CITY,,NJ,,2007-11-30,94,,https://www.nj.gov/labor/employer-services/warn/
PASCACK VALLEY HOSPITAL,PASCACK VALLEY HOSPITAL,WESTWOOD,,NJ,,2007-11-21,1006,,https://www.nj.gov/labor/employer-services/warn/
DAL Global Services,DAL GLOBAL,SeaTac,,WA,2007-11-19,2007-12-12,132,Permanent,https://esd.wa.gov/about-employees/WARN
LIBERTY HEALTH SYSTEM,LIBERTY HEALTH SYSTEM,JERSEY CITY,,NJ,,2007-11-18,382,,https://www.nj.gov/labor/employer-services/warn/
HUNTLEIGH HEALTHCARE,HUNTLEIGH HEALTHCARE,EATONTOWN,,NJ,,2007-11-16,140,,https://www.nj.gov/labor/employer-services/warn/
Benchmark Electronics,BENCHMARK ELECTRONICS,Redmond,,WA,2007-11-15,2008-01-15,150,Permanent,https://esd.wa.gov/about-employees/WARN
Levitz Furniture,LEVITZ FURNITURE,Tukwila,,WA,2007-11-09,2008-01-09,60,Permanent,https://esd.wa.gov/about-employees/WARN
EMPIRE BEEF,EMPIRE BEEF,E. RUTHERFORD,,NJ,,2007-11-06,252,,https://www.nj.gov/labor/employer-services/warn/
ANGELICA TEXTILE,ANGELICA TEXTILE,EDISON,,NJ,,2007-11-05,297,,https://www.nj.gov/labor/employer-services/warn/
3M,3M,BELLE MEAD,,NJ,,2007-11-05,87,,https://www.nj.gov/labor/employer-services/warn/
Tree Top,TREE TOP,Cashmere,,WA,2007-11-05,2008-01-04,73,Temporary,https://esd.wa.gov/about-employees/WARN
OSI COLLECTION,OSI COLLECTION,EDISON,,NJ,,2007-10-31,89,,https://www.nj.gov/labor/employer-services/warn/
ICOS Corporation,ICOS,Bothell,,WA,2007-10-31,2007-12-29,13,Permanent,https://esd.wa.gov/about-employees/WARN
HOBOKEN WOOD FLOORING,HOBOKEN WOOD FLOORING,BRIDGEWATER,,NJ,,2007-10-29,221,,https://www.nj.gov/labor/employer-services/warn/
FLEXSOL PACKAGING,FLEXSOL PACKAGING,NEWARK,,NJ,,2007-10-26,63,,https://www.nj.gov/labor/employer-services/warn/
TINNERMAN PALNUT,TINNERMAN PALNUT,MOUNTAINSIDE,,NJ,,2007-10-22,114,,https://www.nj.gov/labor/employer-services/warn/
GMAC RESCAP,GMAC RESCAP,PARSIPPANY,,NJ,,2007-10-19,56,,https://www.nj.gov/labor/employer-services/warn/
CETEC,CETEC,ASBURY PARK,,NJ,,2007-10-19,90,,https://www.nj.gov/labor/employer-services/warn/
Georgia Pacific Corporation,GEORGIA PACIFIC,Bellingham,,WA,2007-10-08,2007-12-08,210,Permanent,https://esd.wa.gov/about-employees/WARN
MEDCO HEALTH,MEDCO HEALTH,PINE BROOK,,NJ,,2007-10-05,64,,https://www.nj.gov/labor/employer-services/warn/
TOPPS MEAT COMPANY,TOPPS MEAT,ELIZABETH,,NJ,,2007-10-05,80,,https://www.nj.gov/labor/employer-services/warn/
ST. BARNABAS HEALTH,ST BARNABAS HEALTH,UNION,,NJ,,2007-10-01,820,,https://www.nj.gov/labor/employer-services/warn/
ST. BARNABAS HEALTH,ST BARNABAS HEALTH,TOMS RIVER/NEWARK,,NJ,,2007-10-01,90,,https://www.nj.gov/labor/employer-services/warn/
VICTORY BOX,VICTORY BOX,ROSELLE,,NJ,,2007-10-01,85,,https://www.nj.gov/labor/employer-services/warn/
ADVOGENT,ADVOGENT,PISCATAWAY,,NJ,,2007-09-30,200,,https://www.nj.gov/labor/employer-services/warn/
ST. JOHN'S COMMUNITY SVS,ST JOHN'S COMMUNITY SVS,STATEWIDE,,NJ,,2007-09-30,141,,https://www.nj.gov/labor/employer-services/warn/
CIT TECHNOLOGY,CIT,MAHWAH,,NJ,,2007-09-28,137,,https://www.nj.gov/labor/employer-services/warn/
"Sun Microsystems, Inc",SUN MICROSYSTEMS,Bellevue,,WA,2007-09-27,2007-11-26,9,Permanent,https://esd.wa.gov/about-employees/WARN
FOXTONS,FOXTONS,STATEWIDE,,NJ,,2007-09-26,350,,https://www.nj.gov/labor/employer-services/warn/
VAE Nortrack North America Inc.,VAE NORTRACK NORTH AMERICA,Seattle,,WA,2007-09-26,2007-12-01,58,Permanent,https://esd.wa.gov/about-employees/WARN
FABRICATED PLASTICS,FABRICATED PLASTICS,MORRISTOWN,,NJ,,2007-09-24,80,,https://www.nj.gov/labor/employer-services/warn/
CORVEST,CORVEST,THOROFARE,,NJ,,2007-09-17,127,,https://www.nj.gov/labor/employer-services/warn/
COMPASS PHARMA,COMPASS PHARMA,CLIFTON,,NJ,,2007-09-16,0,,https://www.nj.gov/labor/employer-services/warn/
American Port Services,AMERICAN PORT,Sumner,,WA,2007-09-13,2007-12-31,217,Permanent,https://esd.wa.gov/about-employees/WARN
Fleetwood Housing,FLEETWOOD HOUSING,Woodland,,WA,2007-09-12,2007-09-12,135,Permanent,https://esd.wa.gov/about-employees/WARN
COOKSON ELECTRONICS,COOKSON ELECTRONICS,JERSEY CITY,,NJ,,2007-09-07,75,,https://www.nj.gov/labor/employer-services/warn/
HOLIDAY INN,HOLIDAY INN,ATLANTIC CITY,,NJ,,2007-09-04,145,,https://www.nj.gov/labor/employer-services/warn/
HOWARD JOHNSON HOTEL,HOWARD JOHNSON HOTEL,ATLANTIC CITY,,NJ,,2007-09-04,43,,https://www.nj.gov/labor/employer-services/warn/
STOP & SHOP,STOP SHOP,STATEWIDE,,NJ,,2007-09-04,920,,https://www.nj.gov/labor/employer-services/warn/
PEARSON EDUCATION,PEARSON EDUCATION,PARSIPPANY,,NJ,,2007-09-01,54,,https://www.nj.gov/labor/employer-services/warn/
ALCATEL-LUCENT,ALCATEL-LUCENT,HOLMDEL,,NJ,,2007-08-31,57,,https://www.nj.gov/labor/employer-services/warn/
SHOREWOOD PACKAGING,SHOREWOOD PACKAGING,EDISON,,NJ,,2007-08-31,72,,https://www.nj.gov/labor/employer-services/warn/
LIZ CLAIBORNE,LIZ CLAIBORNE,NO. BERGEN,,NJ,,2007-08-31,145,,https://www.nj.gov/labor/employer-services/warn/
Welco Lumber,WELCO LUMBER,Marysville,,WA,2007-08-30,2007-10-26,57,Permanent,https://esd.wa.gov/about-employees/WARN
ICOS Corporation,ICOS,Bothell,,WA,2007-08-28,2007-10-29,12,Permanent,https://esd.wa.gov/about-employees/WARN
"Liquidation World USA, Inc.",LIQUIDATION WORLD,Nine Locations - WA,,WA,2007-08-28,2007-10-31,0,Permanent,https://esd.wa.gov/about-employees/WARN
GREENPOINT MORTGAGE,GREENPOINT MORTGAGE,MT. LAUREL/FAIRFIELD,,NJ,,2007-08-24,55,,https://www.nj.gov/labor/employer-services/warn/
"GreenPoint Mortgage Funding, Inc.",GREENPOINT MORTGAGE FUNDING,Bellevue,,WA,2007-08-24,2007-08-23,41,Permanent,https://esd.wa.gov/about-employees/WARN
Heritage Health & Rehab. Center,HERITAGE HEALTH REHAB CENTER,Vancouver,,WA,2007-08-23,2007-10-22,50,Permanent,https://esd.wa.gov/about-employees/WARN
ROCKAWAY BEDDING,ROCKAWAY BEDDING,RANDOLPH,,NJ,,2007-08-21,72,,https://www.nj.gov/labor/employer-services/warn/
Cenveo Corporation,CENVEO,Tukwila,,WA,2007-08-21,2007-10-19,68,Permanent,https://esd.wa.gov/about-employees/WARN
FIRST MAGNUS,FIRST MAGNUS,PARSIPPANY/C. HILL,,NJ,,2007-08-17,93,,https://www.nj.gov/labor/employer-services/warn/
ICOS Corporation,ICOS,Bothell,,WA,2007-08-17,2007-10-15,1,Permanent,https://esd.wa.gov/about-employees/WARN
DESIMONE GROUP,DESIMONE GROUP,MT. LAUREL,,NJ,,2007-08-06,205,,https://www.nj.gov/labor/employer-services/warn/
LAFARGE,LAFARGE,PORT NEWARK,,NJ,,2007-08-06,70,,https://www.nj.gov/labor/employer-services/warn/
Associated Grocers. Inc.,ASSOCIATED GROCERS,Seattle-Renton,,WA,2007-08-06,2007-10-01,684,Permanent,https://esd.wa.gov/about-employees/WARN
LIZ CLAIBORNE,LIZ CLAIBORNE,SECAUCUS,,NJ,,2007-08-03,54,,https://www.nj.gov/labor/employer-services/warn/
TEST TECHNOLOGY,TEST,MARLTON,,NJ,,2007-08-03,58,,https://www.nj.gov/labor/employer-services/warn/
SELECT MEDICAL,SELECT MEDICAL,FREEHOLD,,NJ,,2007-08-01,52,,https://www.nj.gov/labor/employer-services/warn/
ICOS Corporation,ICOS,Bothell,,WA,2007-07-31,2007-09-29,1,Permanent,https://esd.wa.gov/about-employees/WARN
Swedish Sleep Medicine Institute,SWEDISH SLEEP MEDICINE INSTITUTE,Seattle,,WA,2007-07-18,2007-09-16,67,Permanent,https://esd.wa.gov/about-employees/WARN
IMAGE SCREEN PRINTING,IMAGE SCREEN PRINTING,PASSAIC,,NJ,,2007-07-16,265,,https://www.nj.gov/labor/employer-services/warn/
Electronic Data Systems,ELECTRONIC DATA SYSTEMS,Federal Way,,WA,2007-07-12,2007-08-24,147,Permanent,https://esd.wa.gov/about-employees/WARN
Aleut Global Solutions,ALEUT GLOBAL,Tacoma,,WA,2007-07-02,2007-07-30,7,Permanent,https://esd.wa.gov/about-employees/WARN
ARAMARK,ARAMARK,SOUTH ORANGE,,NJ,,2007-07-01,125,,https://www.nj.gov/labor/employer-services/warn/
ARAMARK,ARAMARK,MADISON,,NJ,,2007-06-30,83,,https://www.nj.gov/labor/employer-services/warn/
ARAMARK Healthcare,ARAMARK HEALTHCARE,Spokane,,WA,2007-06-29,2007-08-28,245,Permanent,https://esd.wa.gov/about-employees/WARN
REVLON,REVLON,IRVINGTON,,NJ,,2007-06-15,118,,https://www.nj.gov/labor/employer-services/warn/
LABOR SERVICES,LABOR,HOWELL,,NJ,,2007-06-10,206,,https://www.nj.gov/labor/employer-services/warn/
SK Food Group,SK FOOD GROUP,Seattle,,WA,2007-06-07,2007-08-01,90,Permanent,https://esd.wa.gov/about-employees/WARN
"Commercial Vehicle Group, Inc.",COMMERCIAL VEHICLE GROUP,Seattle-Tacoma,,WA,2007-06-06,2007-07-30,115,Permanent,https://esd.wa.gov/about-employees/WARN
ICOS Corporation,ICOS,Bothell,,WA,2007-06-04,2007-08-01,1,Permanent,https://esd.wa.gov/about-employees/WARN
IPC COMMAND SYSTEMS,IPC COMMAND SYSTEMS,MT. LAUREL,,NJ,,2007-06-01,10,,https://www.nj.gov/labor/employer-services/warn/
DECEUNINCK,DECEUNINCK,POMPTON PLAINS,,NJ,,2007-05-31,36,,https://www.nj.gov/labor/employer-services/warn/
PT PETROL,PT PETROL,NEWARK/PAULSBORO,,NJ,,2007-05-31,47,,https://www.nj.gov/labor/employer-services/warn/
MASONITE,MASONITE,LOGAN TOWNSHIP,,NJ,,2007-05-21,103,,https://www.nj.gov/labor/employer-services/warn/
ICOS Corporation,ICOS,Bothell,,WA,2007-05-14,2007-08-29,5,Permanent,https://esd.wa.gov/about-employees/WARN
DAILY RECORD,DAILY RECORD,PARSIPPANY,,NJ,,2007-05-13,63,,https://www.nj.gov/labor/employer-services/warn/
New Century Financial Corporation,NEW CENTURY FINANCIAL,Bellevue,,WA,2007-05-10,2007-05-04,41,Permanent,https://esd.wa.gov/about-employees/WARN
ICOS Corporation,ICOS,Bothell,,WA,2007-05-09,2007-07-08,2,Permanent,https://esd.wa.gov/about-employees/WARN
DAL GLOBAL SERVICES,DAL GLOBAL,NEWARK,,NJ,,2007-05-01,69,,https://www.nj.gov/labor/employer-services/warn/
Millenium Funding Group,MILLENIUM FUNDING GROUP,Vancouver,,WA,2007-05-01,2007-04-26,72,Temporary,https://esd.wa.gov/about-employees/WARN
H.C. STARCK,H C STARCK,E. RUTHERFORD,,NJ,,2007-04-30,67,,https://www.nj.gov/labor/employer-services/warn/
H.C. STARCK,H C STARCK,CARLSTADT,,NJ,,2007-04-30,58,,https://www.nj.gov/labor/employer-services/warn/
MELLON INVESTOR,MELLON INVESTOR,JESEY CITY,,NJ,,2007-04-30,187,,https://www.nj.gov/labor/employer-services/warn/
"King County Publications, Ltd.",KING COUNTY PUBLICATIONS,Kent,,WA,2007-04-30,2007-06-29,109,Permanent,https://esd.wa.gov/about-employees/WARN
ICOS Corporation,ICOS,Bothell,,WA,2007-04-30,2007-06-29,1,Permanent,https://esd.wa.gov/about-employees/WARN
Bethlehem Construction,BETHLEHEM CONSTRUCTION,Cashmere,,WA,2007-04-25,2007-05-24,76,Permanent,https://esd.wa.gov/about-employees/WARN
ICOS Corporation,ICOS,Redmond,,WA,2007-04-17,2007-06-22,1,Permanent,https://esd.wa.gov/about-employees/WARN
WASHINGTON MUTUAL,WASHINGTON MUTUAL,CLARK,,NJ,,2007-04-16,60,,https://www.nj.gov/labor/employer-services/warn/
Alltel,ALLTEL,Issaquah,,WA,2007-04-16,2007-06-16,260,Permanent,https://esd.wa.gov/about-employees/WARN
MAYNE PHARMA,MAYNE PHARMA,PARAMUS,,NJ,,2007-04-06,67,,https://www.nj.gov/labor/employer-services/warn/
ICOS Corporation,ICOS,Bothell,,WA,2007-04-02,2007-05-29,17,Permanent,https://esd.wa.gov/about-employees/WARN
Cosmo Store Services,COSMO STORE,Statewide,,WA,2007-04-02,2007-05-27,17,Permanent,https://esd.wa.gov/about-employees/WARN
TD WATERHOUSE,TD WATERHOUSE,JERSEY CITY,,NJ,,2007-04-01,131,,https://www.nj.gov/labor/employer-services/warn/
TOYS R US,TOYS R,SOMERSET,,NJ,,2007-03-31,18,,https://www.nj.gov/labor/employer-services/warn/
COTY,COTY,MT. OLIVE,,NJ,,2007-03-30,360,,https://www.nj.gov/labor/employer-services/warn/
"SAKS, INC.",SAKS,LAWRENCEVILLE,,NJ,,2007-03-30,47,,https://www.nj.gov/labor/employer-services/warn/
R.A.B. FOOD GROUP,R A B FOOD GROUP,JERSEY CITY,,NJ,,2007-03-26,96,,https://www.nj.gov/labor/employer-services/warn/
NEW COMMUNITY CARE,NEW COMMUNITY CARE,NEWARK,,NJ,,2007-03-26,190,,https://www.nj.gov/labor/employer-services/warn/
JPMORGAN CHASE,JPMORGAN CHASE,MAYWOOD,,NJ,,2007-03-25,160,,https://www.nj.gov/labor/employer-services/warn/
JOHNSON & JOHNSON,JOHNSON JOHNSON,MORRIS PLAINS,,NJ,,2007-03-23,512,,https://www.nj.gov/labor/employer-services/warn/
ICOS Corporation,ICOS,Bothell,,WA,2007-03-22,2007-05-01,1,Permanent,https://esd.wa.gov/about-employees/WARN
GMAC MORTGAGE,GMAC MORTGAGE,MOUNTAINSIDE,,NJ,,2007-03-16,85,,https://www.nj.gov/labor/employer-services/warn/
Bank of America,BANK OF AMERICA,Spokane,,WA,2007-03-15,2007-06-29,205,Permanent,https://esd.wa.gov/about-employees/WARN
EQUITY ONE,EQUITY ONE,PARSIPPANY,,NJ,,2007-03-11,44,,https://www.nj.gov/labor/employer-services/warn/
POPULAR FINANCIAL,POPULAR FINANCIAL,MARLTON/CHERRY HILL,,NJ,,2007-03-11,207,,https://www.nj.gov/labor/employer-services/warn/
ICOS Corporation,ICOS,Bothell,,WA,2007-03-06,2007-05-05,1,Permanent,https://esd.wa.gov/about-employees/WARN
Millenium Funding Group,MILLENIUM FUNDING GROUP,Vancouver,,WA,2007-03-06,2007-03-02,76,Temporary,https://esd.wa.gov/about-employees/WARN
JOHNSON CONTROLS,JOHNSON CONTROLS,NEW BRUNSWICK,,NJ,,2007-03-04,102,,https://www.nj.gov/labor/employer-services/warn/
Electric Boat,ELECTRIC BOAT,Bremerton,,WA,2007-03-02,2007-06-01,2,Permanent,https://esd.wa.gov/about-employees/WARN
"Sun Microsystems, Inc",SUN MICROSYSTEMS,Bellevue,,WA,2007-03-01,2007-04-30,2,Permanent,https://esd.wa.gov/about-employees/WARN
BERLEX,BERLEX,WAYNE,,NJ,,2007-02-28,50,,https://www.nj.gov/labor/employer-services/warn/
PBI MEDICAL CENTER,PBI MEDICAL CENTER,PASSAIC,,NJ,,2007-02-28,890,,https://www.nj.gov/labor/employer-services/warn/
SODEXHO,SODEXHO,PASSAIC,,NJ,,2007-02-28,142,,https://www.nj.gov/labor/employer-services/warn/
ICOS Corporation,ICOS,Bothell/Redmond/Bellevue,,WA,2007-02-28,2007-04-29,61,Permanent,https://esd.wa.gov/about-employees/WARN
Sealed Air,SEALED AIR,Kent,,WA,2007-02-28,2007-03-30,99,Permanent,https://esd.wa.gov/about-employees/WARN
"U.S. Foodservice, Inc.",U S FOODSERVICE,Ridgefield,,WA,2007-02-22,2007-05-25,43,Permanent,https://esd.wa.gov/about-employees/WARN
ARAMARK,ARAMARK,PLAINSBORO,,NJ,,2007-02-16,0,,https://www.nj.gov/labor/employer-services/warn/
CHAMPION MORTGAGE,CHAMPION MORTGAGE,PARSIPPANY,,NJ,,2007-02-16,349,,https://www.nj.gov/labor/employer-services/warn/
Electric Boat,ELECTRIC BOAT,Bremerton,,WA,2007-02-16,2007-05-04,6,Permanent,https://esd.wa.gov/about-employees/WARN
LAWRENCE ERLBAUM,LAWRENCE ERLBAUM,MAHWAH/NORWOOD,,NJ,,2007-02-15,105,,https://www.nj.gov/labor/employer-services/warn/
BIOVAIL,BIOVAIL,BRIDGEWATER,,NJ,,2007-02-11,60,,https://www.nj.gov/labor/employer-services/warn/
HOFFMAN-LAROCHE,HOFFMAN-LAROCHE,NUTLEY,,NJ,,2007-02-05,56,,https://www.nj.gov/labor/employer-services/warn/
AFG INDUSTRIES,AFG INDUSTRIES,CINNAMINSON,,NJ,,2007-02-05,188,,https://www.nj.gov/labor/employer-services/warn/
AUTOMATED DISTRIBUTION,AUTOMATED DISTRIBUTION,EDISON,,NJ,,2007-02-04,399,,https://www.nj.gov/labor/employer-services/warn/
Ferrero USA,FERRERO,Somerset,,NJ,,2007-01-31,25,,https://www.nj.gov/labor/employer-services/warn/
DATA COMMUNIQUE,DATA COMMUNIQUE,CARLSTADT,,NJ,,2007-01-31,92,,https://www.nj.gov/labor/employer-services/warn/
SCHERING-PLOUGH,SCHERING-PLOUGH,KENILWORTH,,NJ,,2007-01-31,73,,https://www.nj.gov/labor/employer-services/warn/
GE STRUCTURED SERVICES,GE STRUCTURED,MT. LAUREL,,NJ,,2007-01-31,56,,https://www.nj.gov/labor/employer-services/warn/
ICOS Corporation,ICOS,Bothell,,WA,2007-01-29,2007-03-29,10,Permanent,https://esd.wa.gov/about-employees/WARN
MCDATA,MCDATA,LUMBERTON,,NJ,,2007-01-26,59,,https://www.nj.gov/labor/employer-services/warn/
"Sun Microsystems, Inc",SUN MICROSYSTEMS,Bellevue,,WA,2007-01-25,2007-03-26,1,Permanent,https://esd.wa.gov/about-employees/WARN
AgriNorthwest,AGRINORTHWEST,Kennewick,,WA,2007-01-18,2007-03-31,106,Permanent,https://esd.wa.gov/about-employees/WARN
"Portac, Inc.",PORTAC,Tacoma,,WA,2007-01-17,2007-04-01,45,Permanent,https://esd.wa.gov/about-employees/WARN
DECEUNINCK,DECEUNINCK,OAKLAND,,NJ,,2007-01-16,74,,https://www.nj.gov/labor/employer-services/warn/
"G&G, INC.",G G,ATLANTIC CITY,,NJ,,2007-01-14,56,,https://www.nj.gov/labor/employer-services/warn/
"H&G, INC",H G,ATLANTIC CITY,,NJ,,2007-01-14,128,,https://www.nj.gov/labor/employer-services/warn/
ALCAN PACKAGING,ALCAN PACKAGING,LINCOLN PARK,,NJ,,2007-01-13,69,,https://www.nj.gov/labor/employer-services/warn/
SMURFIT-STONE CONTAINER,SMURFIT-STONE CONTAINER,TETERBORO,,NJ,,2007-01-13,132,,https://www.nj.gov/labor/employer-services/warn/
ICOS Corporation,ICOS,Bothell,,WA,2007-01-12,2007-01-31,268,Permanent,https://esd.wa.gov/about-employees/WARN
Trident Seafoods Corporation,TRIDENT SEAFOODS,Fife,,WA,2007-01-12,2007-03-30,106,Permanent,https://esd.wa.gov/about-employees/WARN
Bessie Burton Sullivan Nursing Residence,BESSIE BURTON SULLIVAN NURSING RESIDENCE,Seattle,,WA,2007-01-08,2007-03-15,196,Permanent,https://esd.wa.gov/about-employees/WARN
ALUTIIQ-WACKENHUT,ALUTIIQ-WACKENHUT,FT. MONMOUTH,,NJ,,2007-01-01,65,,https://www.nj.gov/labor/employer-services/warn/
St. Barnabas Health Care,ST BARNABAS HEALTH CARE,Toms River,,NJ,,2006-12-31,161,,https://www.nj.gov/labor/employer-services/warn/
Altana Pharma US,ALTANA PHARMA,Florham Park,,NJ,,2006-12-31,350,,https://www.nj.gov/labor/employer-services/warn/
Aramark,ARAMARK,Hoboken,,NJ,,2006-12-31,54,,https://www.nj.gov/labor/employer-services/warn/
"PDI, INC.",PDI,SADDLE RIVER,,NJ,,2006-12-31,21,,https://www.nj.gov/labor/employer-services/warn/
GLAXOSMITHKLINE,GLAXOSMITHKLINE,PARSIPPANY,,NJ,,2006-12-30,0,,https://www.nj.gov/labor/employer-services/warn/
GUSMER CORPORATION,GUSMER,LAKEWOOD,,NJ,,2006-12-29,94,,https://www.nj.gov/labor/employer-services/warn/
Dendrite,DENDRITE,Piscataway,,NJ,,2006-12-29,80,,https://www.nj.gov/labor/employer-services/warn/
Ward Packaging,WARD PACKAGING,No. Brunswick,,NJ,,2006-12-29,100,,https://www.nj.gov/labor/employer-services/warn/
"PDI, INC.",PDI,SADDLE RIVER,,NJ,,2006-12-26,4,,https://www.nj.gov/labor/employer-services/warn/
Versacold,VERSACOLD,Secaucus,,NJ,,2006-12-23,211,,https://www.nj.gov/labor/employer-services/warn/
Intel,INTEL,Parsippany,,NJ,,2006-12-20,55,,https://www.nj.gov/labor/employer-services/warn/
Datascope,DATASCOPE,Mahwah,,NJ,,2006-12-19,88,,https://www.nj.gov/labor/employer-services/warn/
ICOS Corporation,ICOS,Bothell/Redmond/Bellevue,,WA,2006-12-14,2007-02-12,11,Permanent,https://esd.wa.gov/about-employees/WARN
ICOS Corporation,ICOS,Bothell/Redmond/Bellevue,,WA,2006-12-11,2007-02-05,111,Permanent,https://esd.wa.gov/about-employees/WARN
ICOS Corporation,ICOS,Bothell/Redmond,,WA,2006-12-05,2007-01-29,15,Permanent,https://esd.wa.gov/about-employees/WARN
Electric Boat,ELECTRIC BOAT,Bremerton,,WA,2006-12-01,2007-02-02,50,Permanent,https://esd.wa.gov/about-employees/WARN
CDC SYSTEMS,CDC SYSTEMS,HAMILTON,,NJ,,2006-11-30,132,,https://www.nj.gov/labor/employer-services/warn/
TransAlta,TRANSALTA,Centralia,,WA,2006-11-27,2006-11-27,568,Permanent,https://esd.wa.gov/about-employees/WARN
Georgia Pacific Corporation,GEORGIA PACIFIC,Camas,,WA,2006-11-22,2006-01-27,32,Permanent,https://esd.wa.gov/about-employees/WARN
SHORE MEM. HEALTH SYS.,SHORE MEM HEALTH SYS,SOMERS POINT,,NJ,,2006-11-18,0,,https://www.nj.gov/labor/employer-services/warn/
ICOS Corporation,ICOS,Bothell,,WA,2006-11-17,2007-01-16,20,Permanent,https://esd.wa.gov/about-employees/WARN
UPS Supply Chain Solutions,UPS SUPPLY CHAIN,Auburn,,WA,2006-11-17,2006-11-15,57,Permanent,https://esd.wa.gov/about-employees/WARN
"Sun Microsystems, Inc",SUN MICROSYSTEMS,Bellevue,,WA,2006-11-16,2007-01-15,3,Permanent,https://esd.wa.gov/about-employees/WARN
SANDS HOTEL & CASINO,SANDS HOTEL CASINO,ATLANTIC CITY,,NJ,,2006-11-10,2167,,https://www.nj.gov/labor/employer-services/warn/
HARVE BENARD,HARVE BENARD,CLIFTON,,NJ,,2006-11-10,100,,https://www.nj.gov/labor/employer-services/warn/
VERTIS COMMUNICATIONS,VERTIS COMMUNICATIONS,NO. BRUNSWICK,,NJ,,2006-11-10,65,,https://www.nj.gov/labor/employer-services/warn/
ICOS Corporation,ICOS,Bothell,,WA,2006-11-09,2007-01-08,56,Permanent,https://esd.wa.gov/about-employees/WARN
ACME MARKETS,ACME MARKETS,MARLBORO,,NJ,,2006-11-05,100,,https://www.nj.gov/labor/employer-services/warn/
ACME MARKETS,ACME MARKETS,FREEHOLD,,NJ,,2006-11-05,79,,https://www.nj.gov/labor/employer-services/warn/
ICOS Corporation,ICOS,Bothell,,WA,2006-11-02,2007-01-02,197,Permanent,https://esd.wa.gov/about-employees/WARN
WACHOVIA,WACHOVIA,NO. BRUNSWICK,,NJ,,2006-11-01,138,,https://www.nj.gov/labor/employer-services/warn/
SETON,SETON,NEWARK,,NJ,,2006-10-27,65,,https://www.nj.gov/labor/employer-services/warn/
"Marine Industries Northwest, Inc",MARINE INDUSTRIES NORTHWEST,Tacoma,,WA,2006-10-27,2006-12-27,75,Permanent,https://esd.wa.gov/about-employees/WARN
Glaxo Smith Kline,GLAXO SMITH KLINE,Bothell,,WA,2006-10-27,2006-10-25,63,Permanent,https://esd.wa.gov/about-employees/WARN
VERSACOLD,VERSACOLD,SECAUCUS,,NJ,,2006-10-21,53,,https://www.nj.gov/labor/employer-services/warn/
Leavenworth Wood Products,LEAVENWORTH WOOD PRODUCTS,Leavenworth,,WA,2006-10-11,2006-12-12,102,Permanent,https://esd.wa.gov/about-employees/WARN
Washington Mutual,WASHINGTON MUTUAL,Lynnwood,,WA,2006-10-09,2006-12-05,140,Permanent,https://esd.wa.gov/about-employees/WARN
Electric Boat,ELECTRIC BOAT,Bremerton,,WA,2006-10-06,2006-12-08,56,Permanent,https://esd.wa.gov/about-employees/WARN
Victoria Manor,VICTORIA MANOR,No. Cape May,,NJ,,2006-10-04,0,,https://www.nj.gov/labor/employer-services/warn/
STERICYCLE,STERICYCLE,FRANKLIN,,NJ,,2006-10-03,104,,https://www.nj.gov/labor/employer-services/warn/
Spherion,SPHERION,Redmond,,WA,2006-10-03,2006-11-27,141,Permanent,https://esd.wa.gov/about-employees/WARN
L.A. DREYFUS,L A DREYFUS,EDISON,,NJ,,2006-10-01,158,,https://www.nj.gov/labor/employer-services/warn/
INVERNESS CORPORATION,INVERNESS,FAIR LAWN,,NJ,,2006-09-28,142,,https://www.nj.gov/labor/employer-services/warn/
Chelan Fruit,CHELAN FRUIT,Pateros,,WA,2006-09-28,2006-10-15,84,Permanent,https://esd.wa.gov/about-employees/WARN
"Sun Microsystems, Inc",SUN MICROSYSTEMS,Bellevue,,WA,2006-09-28,2006-11-27,2,Permanent,https://esd.wa.gov/about-employees/WARN
Trammell Crow Company,TRAMMELL CROW,Bellevue,,WA,2006-09-15,2006-11-15,64,Permanent,https://esd.wa.gov/about-employees/WARN
Electric Boat,ELECTRIC BOAT,Bremerton,,WA,2006-09-15,2006-11-17,15,Permanent,https://esd.wa.gov/about-employees/WARN
HEINZ,HEINZ,PENNSAUKEN,,NJ,,2006-09-11,82,,https://www.nj.gov/labor/employer-services/warn/
DMX Music,DMX MUSIC,Seattle,,WA,2006-09-01,2006-10-30,120,Permanent,https://esd.wa.gov/about-employees/WARN
VERIZON WIRELESS,VERIZON WIRELESS,BRANCHBURG,,NJ,,2006-08-31,48,,https://www.nj.gov/labor/employer-services/warn/
DUERR TOOL & DIE,DUERR TOOL DIE,UNION,,NJ,,2006-08-31,83,,https://www.nj.gov/labor/employer-services/warn/
DEL MONTE FOODS,DEL MONTE FOODS,SECAUCUS,,NJ,,2006-08-30,77,,https://www.nj.gov/labor/employer-services/warn/
Star Manufacturing,STAR MANUFACTURING,Everett,,WA,2006-08-28,2007-01-01,107,Permanent,https://esd.wa.gov/about-employees/WARN
"Tyson's Fresh Meats, Inc",TYSON'S FRESH MEATS,Pasco,,WA,2006-08-17,2006-10-16,590,Permanent,https://esd.wa.gov/about-employees/WARN
EATON FILTRATION,EATON FILTRATION,ELIZABETH,,NJ,,2006-08-15,89,,https://www.nj.gov/labor/employer-services/warn/
CRYSTAL CLEAR IND.,CRYSTAL CLEAR IND,RIDGEFIELD PARK,,NJ,,2006-08-12,128,,https://www.nj.gov/labor/employer-services/warn/
Electric Boat,ELECTRIC BOAT,Bremerton,,WA,2006-08-11,2006-10-13,44,Permanent,https://esd.wa.gov/about-employees/WARN
"Sun Microsystems, Inc",SUN MICROSYSTEMS,Bellevue,,WA,2006-08-03,2006-10-02,4,Permanent,https://esd.wa.gov/about-employees/WARN
SCHAWK,SCHAWK,CARLSTADT,,NJ,,2006-07-31,60,,https://www.nj.gov/labor/employer-services/warn/
Bank of America,BANK OF AMERICA,Richland,,WA,2006-07-31,2006-10-01,121,Permanent,https://esd.wa.gov/about-employees/WARN
Bank of America,BANK OF AMERICA,Seattle,,WA,2006-07-31,2006-10-01,255,Permanent,https://esd.wa.gov/about-employees/WARN
Shurgard Self Storage,SHURGARD SELF STORAGE,Seattle,,WA,2006-07-28,2006-08-25,175,Permanent,https://esd.wa.gov/about-employees/WARN
AMERISOURCEBERGEN,AMERISOURCEBERGEN,PINE BROOK,,NJ,,2006-07-22,128,,https://www.nj.gov/labor/employer-services/warn/
Pony Lumber Company,PONY LUMBER,Tacoma,,WA,2006-07-17,2006-09-14,125,Temporary,https://esd.wa.gov/about-employees/WARN
SOUTH SHORE FORD,SOUTH SHORE FORD,MARMORA,,NJ,,2006-07-14,87,,https://www.nj.gov/labor/employer-services/warn/
Bank of America,BANK OF AMERICA,Seattle,,WA,2006-07-14,2006-10-01,89,Permanent,https://esd.wa.gov/about-employees/WARN
"Ocean Beauty Seafoods, Inc",OCEAN BEAUTY SEAFOODS,Seattle,,WA,2006-07-10,2006-09-01,120,Permanent,https://esd.wa.gov/about-employees/WARN
Electric Boat,ELECTRIC BOAT,Bremerton,,WA,2006-07-07,2006-09-08,24,Permanent,https://esd.wa.gov/about-employees/WARN
FDR SERVICES,FDR,CAMDEN,,NJ,,2006-07-05,117,,https://www.nj.gov/labor/employer-services/warn/
SUN MICROSYSTEMS,SUN MICROSYSTEMS,CRANFORD/SOMERSET,,NJ,,2006-07-02,10,,https://www.nj.gov/labor/employer-services/warn/
TITAN TOOLS,TITAN TOOLS,OAKLAND,,NJ,,2006-07-01,50,,https://www.nj.gov/labor/employer-services/warn/
SANDOZ,SANDOZ,DAYTON,,NJ,,2006-06-30,66,,https://www.nj.gov/labor/employer-services/warn/
SODEXHO,SODEXHO,RIDGEWOOD,,NJ,,2006-06-30,71,,https://www.nj.gov/labor/employer-services/warn/
AICPA,AICPA,JERSEY CITY,,NJ,,2006-06-30,266,,https://www.nj.gov/labor/employer-services/warn/
UNITED WIRE HANGER,UNITED WIRE HANGER,HASBROUCK HEIGHTS,,NJ,,2006-06-30,81,,https://www.nj.gov/labor/employer-services/warn/
IDT,IDT,NEWARK,,NJ,,2006-06-28,320,,https://www.nj.gov/labor/employer-services/warn/
RUGGIERO SEA FOOD,RUGGIERO SEA FOOD,NEWARK,,NJ,,2006-06-26,111,,https://www.nj.gov/labor/employer-services/warn/
"Sun Microsystems, Inc",SUN MICROSYSTEMS,Bellevue,,WA,2006-06-22,2006-08-21,3,Permanent,https://esd.wa.gov/about-employees/WARN
COTT ESSEX DISTRIBUTORS,COTT ESSEX DISTRIBUTORS,NORTH BERGEN,,NJ,,2006-06-16,139,,https://www.nj.gov/labor/employer-services/warn/
SANDVIK,SANDVIK,FAIR LAWN,,NJ,,2006-06-16,102,,https://www.nj.gov/labor/employer-services/warn/
FIBERMARK,FIBERMARK,BLOOMSBURY,,NJ,,2006-06-04,64,,https://www.nj.gov/labor/employer-services/warn/
Yakima Resources,YAKIMA RESOURCES,Yakima,,WA,2006-06-02,2006-08-05,250,Permanent,https://esd.wa.gov/about-employees/WARN
UNITED,UNITED,NEWARK,,NJ,,2006-06-01,349,,https://www.nj.gov/labor/employer-services/warn/
SCHERING-PLOUGH,SCHERING-PLOUGH,KENILWORTH,,NJ,,2006-06-01,76,,https://www.nj.gov/labor/employer-services/warn/
SOVEREIGN BANCORP,SOVEREIGN BANCORP,NEWARK,,NJ,,2006-06-01,0,,https://www.nj.gov/labor/employer-services/warn/
Washington Mutual,WASHINGTON MUTUAL,Bothell,,WA,2006-06-01,2006-07-30,900,Permanent,https://esd.wa.gov/about-employees/WARN
POPULAR CLUB,POPULAR CLUB,GARFIELD,,NJ,,2006-05-30,46,,https://www.nj.gov/labor/employer-services/warn/
PHASE ONE MARKETING,PHASE ONE MARKETING,GIBBSBORO,,NJ,,2006-05-30,160,,https://www.nj.gov/labor/employer-services/warn/
Larry's Markets,LARRY'S MARKETS,"Bellevue, Kirkland, Redmond, Seattle, Tukwila",,WA,2006-05-30,2006-08-30,545,Permanent,https://esd.wa.gov/about-employees/WARN
AMERICAN AIRLINES,AMERICAN AIRLINES,NEWARK,,NJ,,2006-05-29,33,,https://www.nj.gov/labor/employer-services/warn/
OSI COLLECTION SERVICES,OSI COLLECTION,EDISON,,NJ,,2006-05-24,64,,https://www.nj.gov/labor/employer-services/warn/
OSI COLLECTION SERVICES,OSI COLLECTION,E. WINDSOR,,NJ,,2006-05-24,95,,https://www.nj.gov/labor/employer-services/warn/
SIMKINS INDUSTRIES,SIMKINS INDUSTRIES,RIDGEFIELD,,NJ,,2006-05-15,83,,https://www.nj.gov/labor/employer-services/warn/
ROSE ART INDUSTRIES,ROSE ART INDUSTRIES,WOOD RIDGE,,NJ,,2006-05-12,57,,https://www.nj.gov/labor/employer-services/warn/
DJ ORTHO,DJ ORTHO,SUMMIT/N. PROVIDENCE,,NJ,,2006-05-12,196,,https://www.nj.gov/labor/employer-services/warn/
K-Mart,K-MART,Wenatchee,,WA,2006-05-09,2006-07-12,60,Permanent,https://esd.wa.gov/about-employees/WARN
Food Services of America,FOOD OF AMERICA,Seattle,,WA,2006-05-02,2006-06-30,125,Permanent,https://esd.wa.gov/about-employees/WARN
"PDI, INC.",PDI,SADDLE RIVER,,NJ,,2006-04-30,39,,https://www.nj.gov/labor/employer-services/warn/
CARAUSTAR,CARAUSTAR,PINE BROOK,,NJ,,2006-04-28,52,,https://www.nj.gov/labor/employer-services/warn/
Mega Foods,MEGA FOODS,Tacoma,,WA,2006-04-28,2006-07-08,80,Permanent,https://esd.wa.gov/about-employees/WARN
MAUSER CORP.,MAUSER,S. BRUNSWICK,,NJ,,2006-04-17,48,,https://www.nj.gov/labor/employer-services/warn/
LAIDLAW TRANSIT,LAIDLAW TRANSIT,HACKENSACK,,NJ,,2006-04-15,62,,https://www.nj.gov/labor/employer-services/warn/
JOHNSON & JOHNSON,JOHNSON JOHNSON,RARITAN,,NJ,,2006-04-14,226,,https://www.nj.gov/labor/employer-services/warn/
FMC,FMC,PLAINSBORO,,NJ,,2006-04-12,73,,https://www.nj.gov/labor/employer-services/warn/
Amtech Corp,AMTECH,Yelm,,WA,2006-04-06,2006-06-30,47,Permanent,https://esd.wa.gov/about-employees/WARN
TARGET SOURCING,TARGET SOURCING,PISCATAWAY,,NJ,,2006-04-03,32,,https://www.nj.gov/labor/employer-services/warn/
"Wackenhut Services, Inc",WACKENHUT,Bangor,,WA,2006-04-03,2006-06-30,100,Permanent,https://esd.wa.gov/about-employees/WARN
American Airlines,AMERICAN AIRLINES,SeaTac,,WA,2006-04-03,2006-05-29,28,Permanent,https://esd.wa.gov/about-employees/WARN
KONICA MINOLTA,KONICA MINOLTA,MAHWAH,,NJ,,2006-03-31,217,,https://www.nj.gov/labor/employer-services/warn/
DAIICHI PHARMACEUTICAL,DAIICHI PHARMACEUTICAL,MONTVALE/PARK RIDGE,,NJ,,2006-03-31,24,,https://www.nj.gov/labor/employer-services/warn/
RHODIA,RHODIA,DEEPWATER,,NJ,,2006-03-31,68,,https://www.nj.gov/labor/employer-services/warn/
NORTHROP GRUMMAN,NORTHROP GRUMMAN,NEWARK/CHERRY HILL,,NJ,,2006-03-31,0,,https://www.nj.gov/labor/employer-services/warn/
UNITED STATIONERS,UNITED STATIONERS,PENNSAUKEN,,NJ,,2006-03-24,110,,https://www.nj.gov/labor/employer-services/warn/
MACY’S/STRAWBRIDGE’S,MACY’S/STRAWBRIDGE’S,DEPTFORD,,NJ,,2006-03-21,313,,https://www.nj.gov/labor/employer-services/warn/
MACY’S/STRAWBRIDGE’S,MACY’S/STRAWBRIDGE’S,CHERRY HILL,,NJ,,2006-03-21,419,,https://www.nj.gov/labor/employer-services/warn/
CIENA,CIENA,SHREWSBURY,,NJ,,2006-03-21,89,,https://www.nj.gov/labor/employer-services/warn/
GENERAL MILLS,GENERAL MILLS,SWEDESBORO,,NJ,,2006-03-20,94,,https://www.nj.gov/labor/employer-services/warn/
PFIZER,PFIZER,PARSIPPANY,,NJ,,2006-03-20,0,,https://www.nj.gov/labor/employer-services/warn/
Ossur Generation II USA,OSSUR GENERATION II,Bothell,,WA,2006-03-20,2006-03-08,49,Permanent,https://esd.wa.gov/about-employees/WARN
KONICA MINOLTA,KONICA MINOLTA,MT. LAUREL,,NJ,,2006-03-19,83,,https://www.nj.gov/labor/employer-services/warn/
"Sun Microsystems, Inc",SUN MICROSYSTEMS,Bellevue,,WA,2006-03-13,2006-05-08,2,Permanent,https://esd.wa.gov/about-employees/WARN
Cingular Wireless,CINGULAR WIRELESS,Redmond,,WA,2006-03-13,2006-05-09,2,Permanent,https://esd.wa.gov/about-employees/WARN
LIZ CLAIBORNE,LIZ CLAIBORNE,DAYTON,,NJ,,2006-03-10,144,,https://www.nj.gov/labor/employer-services/warn/
CARDINAL HEALTH 200,CARDINAL HEALTH 200,EDISON,,NJ,,2006-03-10,76,,https://www.nj.gov/labor/employer-services/warn/
Cingular Wireless,CINGULAR WIRELESS,"Bothell, Redmond",,WA,2006-03-02,2006-04-25,17,Permanent,https://esd.wa.gov/about-employees/WARN
INTERBAKE FOODS,INTERBAKE FOODS,ELIZABETH,,NJ,,2006-03-01,119,,https://www.nj.gov/labor/employer-services/warn/
Defense Logistics Agency,DEFENSE LOGISTICS AGENCY,Fort Lewis,,WA,2006-02-27,2006-03-13,1,Permanent,https://esd.wa.gov/about-employees/WARN
Cingular Wireless,CINGULAR WIRELESS,"Bothell, Redmond",,WA,2006-02-17,2006-04-11,6,Permanent,https://esd.wa.gov/about-employees/WARN
FORMAN MILLS,FORMAN MILLS,TOTOWA,,NJ,,2006-02-15,65,,https://www.nj.gov/labor/employer-services/warn/
Panasonic,PANASONIC,Vancouver,,WA,2006-02-02,2006-01-30,104,Permanent,https://esd.wa.gov/about-employees/WARN
TD WATERHOUSE,TD WATERHOUSE,JERSEY CITY,,NJ,,2006-01-31,385,,https://www.nj.gov/labor/employer-services/warn/
TD WATERHOUSE,TD WATERHOUSE,JERSEY CITY,,NJ,,2006-01-31,3,,https://www.nj.gov/labor/employer-services/warn/
Cingular Wireless,CINGULAR WIRELESS,"Bothell, Redmond",,WA,2006-01-31,2006-03-28,34,Permanent,https://esd.wa.gov/about-employees/WARN
Sinnett's MarketPlace,SINNETT'S MARKETPLACE,Longview,,WA,2006-01-25,2006-02-11,65,Permanent,https://esd.wa.gov/about-employees/WARN
Virginia Mason Clinics,VIRGINIA MASON CLINICS,Port Angeles,,WA,2006-01-23,2006-03-31,98,Permanent,https://esd.wa.gov/about-employees/WARN
G+G RETAIL,G+G RETAIL,NORTH BERGEN,,NJ,,2006-01-20,285,,https://www.nj.gov/labor/employer-services/warn/
Cingular Wireless,CINGULAR WIRELESS,"Bothell, Redmond",,WA,2006-01-17,2006-03-14,2,Permanent,https://esd.wa.gov/about-employees/WARN
UNICCO,UNICCO,Federal Way,,WA,2006-01-16,2006-03-31,90,Permanent,https://esd.wa.gov/about-employees/WARN
CENTRAL PARKING,CENTRAL PARKING,ATLANTIC CITY,,NJ,,2006-01-15,98,,https://www.nj.gov/labor/employer-services/warn/
RCN TELECOM SERVICES,RCN TELECOM,PRINCETON,,NJ,,2006-01-13,115,,https://www.nj.gov/labor/employer-services/warn/
METRO ONE,METRO ONE,SECAUCUS,,NJ,,2006-01-09,150,,https://www.nj.gov/labor/employer-services/warn/
OfficeMax home Plate,OFFICEMAX HOME PLATE,Elma,,WA,2006-01-09,2006-03-11,63,Permanent,https://esd.wa.gov/about-employees/WARN
VALUE CITY,VALUE CITY,PARAMUS,,NJ,,2006-01-07,139,,https://www.nj.gov/labor/employer-services/warn/
"Bechtel National, Inc.",BECHTEL NATIONAL,Richland,,WA,2006-01-06,2006-02-06,275,Permanent,https://esd.wa.gov/about-employees/WARN
"Schoeller Arca Systems, Inc",SCHOELLER ARCA SYSTEMS,Tacoma,,WA,2006-01-03,2006-03-01,86,Permanent,https://esd.wa.gov/about-employees/WARN
AXA EQUITABLE,AXA EQUITABLE,SECAUCUS,,NJ,,2006-01-02,58,,https://www.nj.gov/labor/employer-services/warn/
ARAMARK HEALTHCARE,ARAMARK HEALTHCARE,PASSAIC,,NJ,,2005-12-31,61,,https://www.nj.gov/labor/employer-services/warn/
ARAMARK HEALTHCARE,ARAMARK HEALTHCARE,PASSAIC,,NJ,,2005-12-31,91,,https://www.nj.gov/labor/employer-services/warn/
SANTA’S BEST,SANTA’S BEST,VINELAND/MILLVILLE,,NJ,,2005-12-31,89,,https://www.nj.gov/labor/employer-services/warn/
ABLE LABORATORIES,ABLE LABORATORIES,STATEWIDE,,NJ,,2005-12-31,0,,https://www.nj.gov/labor/employer-services/warn/
INSERVE SUPPORT,INSERVE SUPPORT,SADDLE RIVER,,NJ,,2005-12-31,7,,https://www.nj.gov/labor/employer-services/warn/
O’CONNORS,O’CONNORS,WATCHUNG,,NJ,,2005-12-23,0,,https://www.nj.gov/labor/employer-services/warn/
Cingular Wireless,CINGULAR WIRELESS,"Bothell, Redmond",,WA,2005-12-20,2006-02-14,1,Permanent,https://esd.wa.gov/about-employees/WARN
BANCROFT NEUROHEALTH,BANCROFT NEUROHEALTH,CHERRY HILL,,NJ,,2005-12-18,15,,https://www.nj.gov/labor/employer-services/warn/
ST. BARNABAS HEALTH,ST BARNABAS HEALTH,IRVINGTON,,NJ,,2005-12-16,485,,https://www.nj.gov/labor/employer-services/warn/
FUJICOLOR PHOTO,FUJICOLOR PHOTO,HACKENSACK,,NJ,,2005-12-11,169,,https://www.nj.gov/labor/employer-services/warn/
SAINT-GOBAIN CONTAINERS,SAINT-GOBAIN CONTAINERS,CARTERET,,NJ,,2005-12-10,200,,https://www.nj.gov/labor/employer-services/warn/
Cingular Wireless,CINGULAR WIRELESS,"Bothell, Redmond",,WA,2005-12-06,2006-01-31,16,Permanent,https://esd.wa.gov/about-employees/WARN
Delta Airlines,DELTA AIRLINES,Seattle,,WA,2005-12-06,2006-02-01,68,Permanent,https://esd.wa.gov/about-employees/WARN
Bank of America,BANK OF AMERICA,Seattle,,WA,2005-12-06,2006-03-03,115,Permanent,https://esd.wa.gov/about-employees/WARN
DEGUSSA,DEGUSSA,PARSIPPANY,,NJ,,2005-11-30,58,,https://www.nj.gov/labor/employer-services/warn/
Getronics,GETRONICS,Blaine,,WA,2005-11-29,2006-01-13,2,Permanent,https://esd.wa.gov/about-employees/WARN
MEADWESTVACO,MEADWESTVACO,PINE BROOK,,NJ,,2005-11-27,133,,https://www.nj.gov/labor/employer-services/warn/
VIRGIN ATLANTIC AIRWAYS,VIRGIN ATLANTIC AIRWAYS,NEWARK,,NJ,,2005-11-25,42,,https://www.nj.gov/labor/employer-services/warn/
SKYLINE PORT NEWARK,SKYLINE PORT NEWARK,LINDEN,,NJ,,2005-11-25,73,,https://www.nj.gov/labor/employer-services/warn/
NJ PORCELAIN COMPANY,NJ PORCELAIN,TRENTON,,NJ,,2005-11-25,34,,https://www.nj.gov/labor/employer-services/warn/
P.F. LABORATORIES,P F LABORATORIES,TOTOWA/W. PATERSON,,NJ,,2005-11-16,38,,https://www.nj.gov/labor/employer-services/warn/
Metro One,METRO ONE,Tukwila,,WA,2005-11-16,2006-01-09,45,Permanent,https://esd.wa.gov/about-employees/WARN
GETRONICS,GETRONICS,WAYNE,,NJ,,2005-11-15,4,,https://www.nj.gov/labor/employer-services/warn/
LENOX CHINA,LENOX CHINA,POMONA,,NJ,,2005-11-14,285,,https://www.nj.gov/labor/employer-services/warn/
Delaware North Companies,DELAWARE NORTH COMPANIES,Spokane,,WA,2005-11-14,2005-12-28,80,Permanent,https://esd.wa.gov/about-employees/WARN
INTERSTATE BRANDS,INTERSTATE BRANDS,STATEWIDE,,NJ,,2005-11-12,59,,https://www.nj.gov/labor/employer-services/warn/
Ridpath Hotel,RIDPATH HOTEL,Spokane,,WA,2005-11-10,2006-01-07,74,Permanent,https://esd.wa.gov/about-employees/WARN
Cingular Wireless,CINGULAR WIRELESS,"Bothell, Redmond",,WA,2005-11-07,2006-01-03,7,Permanent,https://esd.wa.gov/about-employees/WARN
"Welch Foods, Inc.",WELCH FOODS,Kennewick,,WA,2005-11-02,2006-01-18,163,Permanent,https://esd.wa.gov/about-employees/WARN
"Woodbridge Gardens, Inc",WOODBRIDGE GARDENS,Winlock,,WA,2005-11-01,2005-12-30,4,Permanent,https://esd.wa.gov/about-employees/WARN
First Hill Care Center,FIRST HILL CARE CENTER,Seattle,,WA,2005-10-26,2005-12-27,103,Permanent,https://esd.wa.gov/about-employees/WARN
Weyerhaeuser Company,WEYERHAEUSER,Cosmopolis,,WA,2005-10-24,2006-10-01,245,Permanent,https://esd.wa.gov/about-employees/WARN
Weyerhaeuser Company,WEYERHAEUSER,Aberdeen,,WA,2005-10-24,2005-12-19,97,Permanent,https://esd.wa.gov/about-employees/WARN
Cingular Wireless,CINGULAR WIRELESS,"Bothell, Redmond",,WA,2005-10-21,2005-12-20,25,Permanent,https://esd.wa.gov/about-employees/WARN
Interstate Brands Corp,INTERSTATE BRANDS,Lakewood,,WA,2005-10-19,2005-12-17,185,Permanent,https://esd.wa.gov/about-employees/WARN
Cingular Wireless,CINGULAR WIRELESS,"Bothell, Redmond",,WA,2005-10-11,2005-12-06,24,Permanent,https://esd.wa.gov/about-employees/WARN
Electronic Data Systems,ELECTRONIC DATA SYSTEMS,Tacoma,,WA,2005-10-07,2005-12-09,122,Permanent,https://esd.wa.gov/about-employees/WARN
DSM NUTRITIONAL,DSM NUTRITIONAL,BELVIDERE,,NJ,,2005-10-04,180,,https://www.nj.gov/labor/employer-services/warn/
CLASSAIC SANITATION,CLASSAIC SANITATION,JERSEY CITY,,NJ,,2005-10-04,61,,https://www.nj.gov/labor/employer-services/warn/
GB Enterprises,GB ENTERPRISES,Arlington,,WA,2005-10-04,2005-11-29,138,Permanent,https://esd.wa.gov/about-employees/WARN
GUSMER,GUSMER,LAKEWOOD,,NJ,,2005-10-03,66,,https://www.nj.gov/labor/employer-services/warn/
FBN N.J. HOLDINGS,FBN N J HOLDINGS,EWING,,NJ,,2005-09-30,183,,https://www.nj.gov/labor/employer-services/warn/
KULLMAN INDUSTRIES,KULLMAN INDUSTRIES,LEBANON,,NJ,,2005-09-30,0,,https://www.nj.gov/labor/employer-services/warn/
POPULAR CLUB PLAN,POPULAR CLUB PLAN,GARFIELD,,NJ,,2005-09-27,14,,https://www.nj.gov/labor/employer-services/warn/
Cingular Wireless,CINGULAR WIRELESS,"Bothell, Redmond",,WA,2005-09-27,2005-11-22,15,Permanent,https://esd.wa.gov/about-employees/WARN
FIBERMARK,FIBERMARK,MILFORD/BLOOMSBURY,,NJ,,2005-09-26,101,,https://www.nj.gov/labor/employer-services/warn/
"Phillips Ultrasound, Inc",PHILLIPS ULTRASOUND,Bothell,,WA,2005-09-23,2005-11-18,1,Permanent,https://esd.wa.gov/about-employees/WARN
GOOD TIMES ENT.,GOOD TIMES ENT,JERSEY CITY,,NJ,,2005-09-18,320,,https://www.nj.gov/labor/employer-services/warn/
SAIC,SAIC,PISCATAWAY,,NJ,,2005-09-18,64,,https://www.nj.gov/labor/employer-services/warn/
Getronics,GETRONICS,Blaine,,WA,2005-09-14,2005-11-15,2,Permanent,https://esd.wa.gov/about-employees/WARN
Cingular Wireless,CINGULAR WIRELESS,"Bothell, Redmond",,WA,2005-09-13,2005-11-08,7,Permanent,https://esd.wa.gov/about-employees/WARN
PRUDENTIAL FINANCIAL,PRUDENTIAL FINANCIAL,HOLMDEL,,NJ,,2005-09-12,48,,https://www.nj.gov/labor/employer-services/warn/
Kinross Gold Corp,KINROSS GOLD,Republic,,WA,2005-09-09,2005-11-14,65,Permanent,https://esd.wa.gov/about-employees/WARN
AKER KVAERNER,AKER KVAERNER,BRIDGEWATER,,NJ,,2005-09-06,24,,https://www.nj.gov/labor/employer-services/warn/
TreeSource,TREESOURCE,Tumwater,,WA,2005-09-06,2005-11-06,124,Permanent,https://esd.wa.gov/about-employees/WARN
LIBERTY SCIENCE CNTR.,LIBERTY SCIENCE CNTR,JERSEY CITY,,NJ,,2005-09-05,85,,https://www.nj.gov/labor/employer-services/warn/
FIFTH ROC,FIFTH ROC,MORRISTOWN,,NJ,,2005-08-31,225,,https://www.nj.gov/labor/employer-services/warn/
BERNARD CHAUS,BERNARD CHAUS,SECAUCUS,,NJ,,2005-08-31,66,,https://www.nj.gov/labor/employer-services/warn/
GLASS GROUP,GLASS GROUP,WILLIAMSTOWN,,NJ,,2005-08-31,145,,https://www.nj.gov/labor/employer-services/warn/
GLASS GROUP,GLASS GROUP,MILLVILLE,,NJ,,2005-08-31,600,,https://www.nj.gov/labor/employer-services/warn/
P.F. LABORATORIES,P F LABORATORIES,TOTOWA/W. PATERSON,,NJ,,2005-08-25,132,,https://www.nj.gov/labor/employer-services/warn/
"Maxon Furniture, Inc",MAXON FURNITURE,Kent,,WA,2005-08-25,2005-12-02,73,Permanent,https://esd.wa.gov/about-employees/WARN
Jeld Wen,JELD WEN,Everett,,WA,2005-08-24,2005-10-25,85,Permanent,https://esd.wa.gov/about-employees/WARN
ENGLEHARD,ENGLEHARD,CARTERET,,NJ,,2005-08-23,126,,https://www.nj.gov/labor/employer-services/warn/
TFS Electronic Manufacturing,TFS ELECTRONIC MANUFACTURING,Redmond,,WA,2005-08-23,2005-10-22,171,Permanent,https://esd.wa.gov/about-employees/WARN
"Phillips Ultrasound, Inc",PHILLIPS ULTRASOUND,Bothell,,WA,2005-08-15,2005-10-07,2,Permanent,https://esd.wa.gov/about-employees/WARN
Cingular Wireless,CINGULAR WIRELESS,"Bothell, Redmond",,WA,2005-08-14,2005-10-11,9,Permanent,https://esd.wa.gov/about-employees/WARN
UNITED WIRE HANGER,UNITED WIRE HANGER,HASBROUCK HTS.,,NJ,,2005-08-05,169,,https://www.nj.gov/labor/employer-services/warn/
Cingular Wireless,CINGULAR WIRELESS,"Bothell, Redmond",,WA,2005-08-02,2005-09-27,6,Permanent,https://esd.wa.gov/about-employees/WARN
CAPGEMINI AMERICA,CAPGEMINI AMERICA,SECAUCUS,,NJ,,2005-07-31,133,,https://www.nj.gov/labor/employer-services/warn/
US ALUMINUM,ALUMINUM,HASKELL,,NJ,,2005-07-29,14,,https://www.nj.gov/labor/employer-services/warn/
INTERSTATE BRANDS,INTERSTATE BRANDS,STATEWIDE,,NJ,,2005-07-29,100,,https://www.nj.gov/labor/employer-services/warn/
CHUBB & SON,CHUBB SON,STATEWIDE,,NJ,,2005-07-25,17,,https://www.nj.gov/labor/employer-services/warn/
IAP World Services,IAP WORLD,Bangor,,WA,2005-07-25,2005-10-01,787,Permanent,https://esd.wa.gov/about-employees/WARN
PENSKE LOGISTICS,PENSKE LOGISTICS,EDISON,,NJ,,2005-07-22,88,,https://www.nj.gov/labor/employer-services/warn/
Cingular Wireless,CINGULAR WIRELESS,"Bothell, Redmond",,WA,2005-07-22,2005-09-14,10,Permanent,https://esd.wa.gov/about-employees/WARN
TUSCAN,TUSCAN,UNION,,NJ,,2005-07-19,388,,https://www.nj.gov/labor/employer-services/warn/
ATLANTIC & PACIFIC TEA,ATLANTIC PACIFIC TEA,EDISON,,NJ,,2005-07-19,230,,https://www.nj.gov/labor/employer-services/warn/
CINGULAR WIRELESS,CINGULAR WIRELESS,PARAMUS,,NJ,,2005-07-19,19,,https://www.nj.gov/labor/employer-services/warn/
ODYSSEY PHARM.,ODYSSEY PHARM,FLORHAM PARK,,NJ,,2005-07-15,51,,https://www.nj.gov/labor/employer-services/warn/
PFI,PFI,EDISON,,NJ,,2005-07-15,401,,https://www.nj.gov/labor/employer-services/warn/
"Phillips Ultrasound, Inc",PHILLIPS ULTRASOUND,Bothell,,WA,2005-07-15,2005-09-16,33,Permanent,https://esd.wa.gov/about-employees/WARN
BIOVAIL PHARM,BIOVAIL PHARM,BRIDGEWATER,,NJ,,2005-07-13,340,,https://www.nj.gov/labor/employer-services/warn/
PhotoWorks.com,PHOTOWORKS COM,Seattle,,WA,2005-07-13,2005-07-22,3,Permanent,https://esd.wa.gov/about-employees/WARN
Corixa Corp.,CORIXA,Seattle,,WA,2005-07-13,2005-07-15,70,Permanent,https://esd.wa.gov/about-employees/WARN
CINGULAR WIRELESS,CINGULAR WIRELESS,PARAMUS,,NJ,,2005-07-03,8,,https://www.nj.gov/labor/employer-services/warn/
ST. FRANCIS MEDICAL CTR.,ST FRANCIS MEDICAL CTR,JERSEY CITY,,NJ,,2005-07-01,221,,https://www.nj.gov/labor/employer-services/warn/
PANASONIC,PANASONIC,SECAUCUS,,NJ,,2005-06-30,226,,https://www.nj.gov/labor/employer-services/warn/
KMC TELECOM,KMC TELECOM,BEDMINSTER,,NJ,,2005-06-30,30,,https://www.nj.gov/labor/employer-services/warn/
PANASONIC,PANASONIC,SECAUCUS,,NJ,,2005-06-30,140,,https://www.nj.gov/labor/employer-services/warn/
Jeld Wen,JELD WEN,Everett,,WA,2005-06-23,2005-08-23,75,Permanent,https://esd.wa.gov/about-employees/WARN
CROWN CLOTHING,CROWN CLOTHING,VINELAND,,NJ,,2005-06-21,0,,https://www.nj.gov/labor/employer-services/warn/
SERTA,SERTA,LINDEN,,NJ,,2005-06-21,113,,https://www.nj.gov/labor/employer-services/warn/
CINGULAR WIRELESS,CINGULAR WIRELESS,PARAMUS/B. RIDGE,,NJ,,2005-06-21,5,,https://www.nj.gov/labor/employer-services/warn/
Cingular Wireless,CINGULAR WIRELESS,"Bothell, Redmond",,WA,2005-06-21,2005-08-16,4,Permanent,https://esd.wa.gov/about-employees/WARN
ASHLEY FURNITURE,ASHLEY FURNITURE,MONROE TWP,,NJ,,2005-06-19,53,,https://www.nj.gov/labor/employer-services/warn/
"Monolith Productions, Inc",MONOLITH PRODUCTIONS,Kirkland,,WA,2005-06-16,2005-08-15,80,Permanent,https://esd.wa.gov/about-employees/WARN
CASA DIBERTACCHI,CASA DIBERTACCHI,VINELAND,,NJ,,2005-06-15,40,,https://www.nj.gov/labor/employer-services/warn/
"Phillips Ultrasound, Inc",PHILLIPS ULTRASOUND,Bothell,,WA,2005-06-10,2005-08-12,13,Permanent,https://esd.wa.gov/about-employees/WARN
CINGULAR WIRELESS,CINGULAR WIRELESS,PARAMUS/B. RIDGE,,NJ,,2005-06-07,3,,https://www.nj.gov/labor/employer-services/warn/
"Cell Therapeutics, Inc",CELL THERAPEUTICS,Seattle,,WA,2005-06-03,2005-08-02,92,Permanent,https://esd.wa.gov/about-employees/WARN
"Contec, LLC",CONTEC,Seattle,,WA,2005-06-02,2005-07-15,70,Permanent,https://esd.wa.gov/about-employees/WARN
VERIZON WIRELESS,VERIZON WIRELESS,MORRISTOWN,,NJ,,2005-05-31,240,,https://www.nj.gov/labor/employer-services/warn/
LOGISTICS SERVICES,LOGISTICS,AVENEL,,NJ,,2005-05-31,67,,https://www.nj.gov/labor/employer-services/warn/
DURAMED RESEARCH,DURAMED RESEARCH,PLAINSBORO,,NJ,,2005-05-31,47,,https://www.nj.gov/labor/employer-services/warn/
MAXIMUS,MAXIMUS,E. WINDSOR,,NJ,,2005-05-27,179,,https://www.nj.gov/labor/employer-services/warn/
Durham School Services,DURHAM SCHOOL,Seattle,,WA,2005-05-27,2005-07-31,98,Permanent,https://esd.wa.gov/about-employees/WARN
DEROSSI & SON,DEROSSI SON,VINELAND,,NJ,,2005-05-23,0,,https://www.nj.gov/labor/employer-services/warn/
STYLEMARK,STYLEMARK,SECAUCUS,,NJ,,2005-05-23,289,,https://www.nj.gov/labor/employer-services/warn/
GALILEO INT.,GALILEO INT,PARSIPPANY,,NJ,,2005-05-23,35,,https://www.nj.gov/labor/employer-services/warn/
Cingular Wireless,CINGULAR WIRELESS,"Bothell, Redmond",,WA,2005-05-23,2005-07-19,15,Permanent,https://esd.wa.gov/about-employees/WARN
COUPON SERVICES,COUPON,JERSEY CITY,,NJ,,2005-05-20,434,,https://www.nj.gov/labor/employer-services/warn/
"Rockwell Collins, Inc",ROCKWELL COLLINS,Kirkland,,WA,2005-05-20,2005-08-26,135,Permanent,https://esd.wa.gov/about-employees/WARN
American Commercial Security Services,AMERICAN COMMERCIAL SECURITY,Bellevue,,WA,2005-05-20,2005-06-30,155,Permanent,https://esd.wa.gov/about-employees/WARN
Alaska Airlines,ALASKA AIRLINES,Seattle,,WA,2005-05-19,2005-07-17,477,Permanent,https://esd.wa.gov/about-employees/WARN
STURTEVANT MILLWORK,STURTEVANT MILLWORK,PINE BROOK,,NJ,,2005-05-16,80,,https://www.nj.gov/labor/employer-services/warn/
TIER TECHNOLOGIES,TIER,TRENTON,,NJ,,2005-05-15,63,,https://www.nj.gov/labor/employer-services/warn/
METRO F.I.R.S.T. TEAM,METRO F I R S T TEAM,MONTVALE,,NJ,,2005-05-15,148,,https://www.nj.gov/labor/employer-services/warn/
CITICORP DATA SERVICES,CITICORP DATA,ENGLEWOOD CLIFFS,,NJ,,2005-05-13,363,,https://www.nj.gov/labor/employer-services/warn/
CINGULAR WIRELESS,CINGULAR WIRELESS,PARAMUS/B. RIDGE,,NJ,,2005-05-13,2,,https://www.nj.gov/labor/employer-services/warn/
Laidlaw Transit Services,LAIDLAW TRANSIT,Redmond,,WA,2005-05-13,2005-06-30,75,Permanent,https://esd.wa.gov/about-employees/WARN
Cingular Wireless,CINGULAR WIRELESS,"Bothell, Redmond",,WA,2005-05-09,2005-07-05,12,Permanent,https://esd.wa.gov/about-employees/WARN
Sanmina-SCI,SANMINA-SCI,Bothell,,WA,2005-05-02,2005-04-22,53,Permanent,https://esd.wa.gov/about-employees/WARN
CINGULAR WIRELESS,CINGULAR WIRELESS,PARAMUS/B. RIDGE,,NJ,,2005-04-29,13,,https://www.nj.gov/labor/employer-services/warn/
BASF,BASF,JAMESBURG,,NJ,,2005-04-29,74,,https://www.nj.gov/labor/employer-services/warn/
"Bechtel National, Inc.",BECHTEL NATIONAL,Richland,,WA,2005-04-25,2005-06-24,350,Permanent,https://esd.wa.gov/about-employees/WARN
Cingular Wireless,CINGULAR WIRELESS,Redmond,,WA,2005-04-25,2005-06-21,4,Permanent,https://esd.wa.gov/about-employees/WARN
CHEF SOLUTIONS,CHEF,THOROFARE,,NJ,,2005-04-21,100,,https://www.nj.gov/labor/employer-services/warn/
Qwest,QWEST,Seattle,,WA,2005-04-19,2005-06-08,23,Permanent,https://esd.wa.gov/about-employees/WARN
CINGULAR WIRELESS,CINGULAR WIRELESS,PARAMUS/B. RIDGE,,NJ,,2005-04-15,34,,https://www.nj.gov/labor/employer-services/warn/
MASCO CONTRACTOR SVS.,MASCO CONTRACTOR SVS,FAIR HAVEN,,NJ,,2005-04-15,90,,https://www.nj.gov/labor/employer-services/warn/
United Airlines,UNITED AIRLINES,Kent,,WA,2005-04-11,2005-06-05,426,Permanent,https://esd.wa.gov/about-employees/WARN
Cingular Wireless,CINGULAR WIRELESS,"Bothell, Redmond",,WA,2005-04-11,2005-05-13,26,Permanent,https://esd.wa.gov/about-employees/WARN
AURORA LOAN SERVICES,AURORA LOAN,BRANCHBURG,,NJ,,2005-04-08,55,,https://www.nj.gov/labor/employer-services/warn/
Lennox Hearth Products,LENNOX HEARTH PRODUCTS,Burlington,,WA,2005-04-04,2005-06-03,72,Permanent,https://esd.wa.gov/about-employees/WARN
PCF,PCF,HACKENSACK,,NJ,,2005-04-03,92,,https://www.nj.gov/labor/employer-services/warn/
AMERICAN WATER,AMERICAN WATER,WESTFIELD,,NJ,,2005-03-31,56,,https://www.nj.gov/labor/employer-services/warn/
MARRIOTT INT.,MARRIOTT INT,SOMERSET,,NJ,,2005-03-25,182,,https://www.nj.gov/labor/employer-services/warn/
Qwest,QWEST,Seattle,,WA,2005-03-25,2005-06-08,144,Permanent,https://esd.wa.gov/about-employees/WARN
"Phillips Ultrasound, Inc",PHILLIPS ULTRASOUND,Bothell,,WA,2005-03-17,2005-05-20,43,Permanent,https://esd.wa.gov/about-employees/WARN
CANNON EQUIPMENT,CANNON EQUIPMENT,PASSAIC,,NJ,,2005-03-11,70,,https://www.nj.gov/labor/employer-services/warn/
POPULAR CLUB PLAN,POPULAR CLUB PLAN,GARFIELD,,NJ,,2005-03-08,26,,https://www.nj.gov/labor/employer-services/warn/
Brown & Cole Stores,BROWN COLE STORES,Pasco,,WA,2005-03-08,2005-05-06,64,Permanent,https://esd.wa.gov/about-employees/WARN
Brown & Cole Stores,BROWN COLE STORES,Smokey Point,,WA,2005-03-08,2005-05-06,65,Permanent,https://esd.wa.gov/about-employees/WARN
Brown & Cole Stores,BROWN COLE STORES,Yakima,,WA,2005-03-08,2005-05-06,67,Permanent,https://esd.wa.gov/about-employees/WARN
CINGULAR WIRELESS,CINGULAR WIRELESS,PARAMUS/B. RIDGE,,NJ,,2005-03-07,32,,https://www.nj.gov/labor/employer-services/warn/
F. SCHUMACHER & CO.,F SCHUMACHER,CRANBURY,,NJ,,2005-03-07,57,,https://www.nj.gov/labor/employer-services/warn/
CINGULAR WIRELESS,CINGULAR WIRELESS,PARAMUS/B. RIDGE,,NJ,,2005-03-07,14,,https://www.nj.gov/labor/employer-services/warn/
CINGULAR WIRELESS,CINGULAR WIRELESS,PARAMUS/B. RIDGE,,NJ,,2005-03-07,67,,https://www.nj.gov/labor/employer-services/warn/
CHUBB & SON,CHUBB SON,STATEWIDE,,NJ,,2005-03-06,46,,https://www.nj.gov/labor/employer-services/warn/
RUTHERFORD MACHINERY,RUTHERFORD MACHINERY,E. RUTHERFORD,,NJ,,2005-03-04,86,,https://www.nj.gov/labor/employer-services/warn/
Yakima Resources,YAKIMA RESOURCES,Yakima,,WA,2005-03-02,2005-04-30,118,Permanent,https://esd.wa.gov/about-employees/WARN
CENDANT,CENDANT,PARSIPPANY,,NJ,,2005-03-01,32,,https://www.nj.gov/labor/employer-services/warn/
Cingular Wireless,CINGULAR WIRELESS,"Bothell, Redmond",,WA,2005-03-01,2005-04-29,73,Permanent,https://esd.wa.gov/about-employees/WARN
SOLECTRON,SOLECTRON,LUMBERTON,,NJ,,2005-02-28,119,,https://www.nj.gov/labor/employer-services/warn/
PERFORMANCE TRANS.,PERFORMANCE TRANS,LINDEN,,NJ,,2005-02-28,97,,https://www.nj.gov/labor/employer-services/warn/
MACY’S,MACY’S,PARAMUS,,NJ,,2005-02-23,210,,https://www.nj.gov/labor/employer-services/warn/
NEXPAK,NEXPAK,SO. HACKENSACK,,NJ,,2005-02-14,102,,https://www.nj.gov/labor/employer-services/warn/
Cingular Wireless,CINGULAR WIRELESS,"Bothell, Redmond",,WA,2005-02-14,2005-04-15,182,Permanent,https://esd.wa.gov/about-employees/WARN
JOHNSON CONTROLS,JOHNSON CONTROLS,DAYTON,,NJ,,2005-02-07,82,,https://www.nj.gov/labor/employer-services/warn/
GENERAL MOTORS,GENERAL MOTORS,LINDEN,,NJ,,2005-02-07,950,,https://www.nj.gov/labor/employer-services/warn/
NEIGHBORCARE,NEIGHBORCARE,MOORESTOWN,,NJ,,2005-02-01,101,,https://www.nj.gov/labor/employer-services/warn/
CHUBB & SON,CHUBB SON,STATEWIDE,,NJ,,2005-02-01,28,,https://www.nj.gov/labor/employer-services/warn/
Cingular Wireless,CINGULAR WIRELESS,"Bothell, Redmond",,WA,2005-02-01,2005-04-04,160,Permanent,https://esd.wa.gov/about-employees/WARN
"Sallie Mae, Inc",SALLIE MAE,Seattle,,WA,2005-02-01,2005-03-28,74,Permanent,https://esd.wa.gov/about-employees/WARN
VERIZON WIRELESS,VERIZON WIRELESS,MOORESTOWN,,NJ,,2005-01-31,37,,https://www.nj.gov/labor/employer-services/warn/
UNIVERSAL FOLDING BOX,UNIVERSAL FOLDING BOX,HOBOKEN,,NJ,,2005-01-31,0,,https://www.nj.gov/labor/employer-services/warn/
Masonic Retirement Center of WA,MASONIC RETIREMENT CENTER OF WA,Des Moines,,WA,2005-01-31,2005-03-27,125,Permanent,https://esd.wa.gov/about-employees/WARN
Pacific Marine Maintenance Co.,PACIFIC MARINE MAINTENANCE,Tacoma,,WA,2005-01-27,2005-03-31,72,Permanent,https://esd.wa.gov/about-employees/WARN
PhotoWorks.com,PHOTOWORKS COM,Seattle,,WA,2005-01-20,2005-03-31,67,Permanent,https://esd.wa.gov/about-employees/WARN
PURDUE PHARMA,PURDUE PHARMA,CRANBURY,,NJ,,2005-01-19,36,,https://www.nj.gov/labor/employer-services/warn/
Cingular Wireless,CINGULAR WIRELESS,"Bothell, Redmond",,WA,2005-01-18,2005-03-18,88,Permanent,https://esd.wa.gov/about-employees/WARN
"Phillips Ultrasound, Inc",PHILLIPS ULTRASOUND,Bothell,,WA,2005-01-18,2005-03-18,17,Permanent,https://esd.wa.gov/about-employees/WARN
CROTHALL SERVICES,CROTHALL,NUTLEY,,NJ,,2005-01-15,119,,https://www.nj.gov/labor/employer-services/warn/
NY WATERWAY,NY WATERWAY,STATEWIDE,,NJ,,2005-01-15,313,,https://www.nj.gov/labor/employer-services/warn/
VERIZON WIRELESS,VERIZON WIRELESS,MORRISTOWN,,NJ,,2005-01-15,20,,https://www.nj.gov/labor/employer-services/warn/
LIZ CLAIBORNE,LIZ CLAIBORNE,SECAUCUS,,NJ,,2005-01-15,165,,https://www.nj.gov/labor/employer-services/warn/
LSG SKY CHEFS,LSG SKY CHEFS,NEWARK,,NJ,,2005-01-13,149,,https://www.nj.gov/labor/employer-services/warn/
SERTA MATTRESS,SERTA MATTRESS,LINDEN,,NJ,,2005-01-04,92,,https://www.nj.gov/labor/employer-services/warn/
CHUBB & SON,CHUBB SON,STATEWIDE,,NJ,,2005-01-04,261,,https://www.nj.gov/labor/employer-services/warn/
Cingular Wireless,CINGULAR WIRELESS,"Bothell, Redmond",,WA,2005-01-03,2005-03-07,155,Permanent,https://esd.wa.gov/about-employees/WARN
BRISTOL MYERS SQUIBB,BRISTOL MYERS SQUIBB,PLAINSBORO,,NJ,,2005-01-01,2,,https://www.nj.gov/labor/employer-services/warn/
SCHNABEL ENGINEERING,SCHNABEL ENGINEERING,NEW BRUNSWICK,,NJ,,2004-12-31,13,,https://www.nj.gov/labor/employer-services/warn/
ETS,ETS,LAWRENCE TWP.,,NJ,,2004-12-31,254,,https://www.nj.gov/labor/employer-services/warn/
LANTIS EYEWEAR,LANTIS EYEWEAR,SECAUCUS,,NJ,,2004-12-27,91,,https://www.nj.gov/labor/employer-services/warn/
Capital One,CAPITAL ONE,Federal Way,,WA,2004-12-22,2005-01-03,256,Permanent,https://esd.wa.gov/about-employees/WARN
SIMMONS MANUFACTURING,SIMMONS MANUFACTURING,PISCATAWAY,,NJ,,2004-12-20,99,,https://www.nj.gov/labor/employer-services/warn/
GENPAK,GENPAK,CEDAR GROVE,,NJ,,2004-12-16,60,,https://www.nj.gov/labor/employer-services/warn/
SANOFI-AVENTIS,SANOFI-AVENTIS,BRIDGEWATER,,NJ,,2004-12-15,689,,https://www.nj.gov/labor/employer-services/warn/
POPULAR CLUB PLAN,POPULAR CLUB PLAN,GARFIELD,,NJ,,2004-12-13,75,,https://www.nj.gov/labor/employer-services/warn/
Corixa Corp.,CORIXA,Seattle,,WA,2004-12-13,2004-12-13,60,Permanent,https://esd.wa.gov/about-employees/WARN
PRESSMAN TOY,PRESSMAN TOY,NEW BRUNSWICK,,NJ,,2004-11-30,130,,https://www.nj.gov/labor/employer-services/warn/
DALLAS AIRMOTIVE,DALLAS AIRMOTIVE,MILLVILLE,,NJ,,2004-11-30,240,,https://www.nj.gov/labor/employer-services/warn/
VERIZON WIRELESS,VERIZON WIRELESS,MORRISTOWN,,NJ,,2004-11-30,195,,https://www.nj.gov/labor/employer-services/warn/
CINGULAR WIRELESS,CINGULAR WIRELESS,WOODBRIDGE,,NJ,,2004-11-30,387,,https://www.nj.gov/labor/employer-services/warn/
BRISTOL MEYERS SQUIBB,BRISTOL MEYERS SQUIBB,PLAINSBORO,,NJ,,2004-11-22,500,,https://www.nj.gov/labor/employer-services/warn/
Panasonic,PANASONIC,Kent,,WA,2004-11-16,2005-01-21,63,Permanent,https://esd.wa.gov/about-employees/WARN
ETIENNE AIGNER,ETIENNE AIGNER,EDISON,,NJ,,2004-11-07,67,,https://www.nj.gov/labor/employer-services/warn/
CHARLES SCHWAB,CHARLES SCHWAB,JERSEY CITY,,NJ,,2004-11-01,131,,https://www.nj.gov/labor/employer-services/warn/
Trinity Universal Insurance Co.,TRINITY UNIVERSAL INSURANCE,Spokane,,WA,2004-10-29,2005-01-01,47,Permanent,https://esd.wa.gov/about-employees/WARN
JOHNSON & JOHNSON,JOHNSON JOHNSON,SKILLMAN,,NJ,,2004-10-22,109,,https://www.nj.gov/labor/employer-services/warn/
FUJITSU NETWORK,FUJITSU NETWORK,SWEDESBORO,,NJ,,2004-10-22,93,,https://www.nj.gov/labor/employer-services/warn/
HMS Host,HMS HOST,SeaTac,,WA,2004-10-18,2004-12-13,103,Permanent,https://esd.wa.gov/about-employees/WARN
SETON COMPANY,SETON,NEWARK,,NJ,,2004-10-08,96,,https://www.nj.gov/labor/employer-services/warn/
ST. IVES BURRUPS,ST IVES BURRUPS,MARLTON,,NJ,,2004-10-04,55,,https://www.nj.gov/labor/employer-services/warn/
LEISURE TIME TOURS,LEISURE TIME TOURS,PARAMUS,,NJ,,2004-10-02,164,,https://www.nj.gov/labor/employer-services/warn/
CC&P,CC P,WEST PATERSON,,NJ,,2004-10-01,50,,https://www.nj.gov/labor/employer-services/warn/
APL LOGISTICS,APL LOGISTICS,MONROE,,NJ,,2004-10-01,187,,https://www.nj.gov/labor/employer-services/warn/
INFORMATION RES,INFORMATION RES,FAIRFIELD,,NJ,,2004-09-30,11,,https://www.nj.gov/labor/employer-services/warn/
CHEF SOLUTIONS,CHEF,BURLINGTON,,NJ,,2004-09-30,75,,https://www.nj.gov/labor/employer-services/warn/
GUIDANT SALES,GUIDANT SALES,MARLTON,,NJ,,2004-09-27,1,,https://www.nj.gov/labor/employer-services/warn/
Alcoa-Wenatchee,ALCOA-WENATCHEE,Malaga,,WA,2004-09-27,2004-12-12,59,Temporary,https://esd.wa.gov/about-employees/WARN
Plexus Corp,PLEXUS,Bothell,,WA,2004-09-21,2004-11-20,163,Permanent,https://esd.wa.gov/about-employees/WARN
PERMACEL,PERMACEL,NORTH BRUNSWICK,,NJ,,2004-09-20,149,,https://www.nj.gov/labor/employer-services/warn/
Alaska Airlines,ALASKA AIRLINES,Seattle,,WA,2004-09-14,2004-12-01,189,Permanent,https://esd.wa.gov/about-employees/WARN
ALCAN PACKAGING,ALCAN PACKAGING,MAYS LANDING,,NJ,,2004-09-12,134,,https://www.nj.gov/labor/employer-services/warn/
SHARP CORPORATION,SHARP,WEST CALDWELL,,NJ,,2004-09-08,250,,https://www.nj.gov/labor/employer-services/warn/
NJ ACD. FOR AQUATIC SCI.,NJ ACD FOR AQUATIC SCI,CAMDEN,,NJ,,2004-09-07,246,,https://www.nj.gov/labor/employer-services/warn/
BROWN & WILLIAMSON,BROWN WILLIAMSON,BRIDGEWATER,,NJ,,2004-08-31,62,,https://www.nj.gov/labor/employer-services/warn/
BROWN & WILLIAMSON,BROWN WILLIAMSON,PRINCETON,,NJ,,2004-08-31,58,,https://www.nj.gov/labor/employer-services/warn/
PUERTO RICAN ACTION BD.,PUERTO RICAN ACTION BD,NEW BRUNSWICK,,NJ,,2004-08-30,50,,https://www.nj.gov/labor/employer-services/warn/
QUALEX,QUALEX,FAIR LAWN,,NJ,,2004-08-29,230,,https://www.nj.gov/labor/employer-services/warn/
Microsoft,MICROSOFT,Redmond,,WA,2004-08-23,2004-10-25,67,Permanent,https://esd.wa.gov/about-employees/WARN
UNICCO SERVICE CO.,UNICCO SERVICE,EAST RUTHERFORD,,NJ,,2004-08-20,429,,https://www.nj.gov/labor/employer-services/warn/
MEDCO HEALTH SOLUTION,MEDCO HEALTH SOLUTION,PARSIPPANY,,NJ,,2004-08-17,461,,https://www.nj.gov/labor/employer-services/warn/
MEDCO HEALTH,MEDCO HEALTH,PARSIPPANY,,NJ,,2004-08-17,246,,https://www.nj.gov/labor/employer-services/warn/
Guidant Sales Corp,GUIDANT SALES,Redmond,,WA,2004-08-09,2004-10-08,2,Permanent,https://esd.wa.gov/about-employees/WARN
SuperValue,SUPERVALUE,Tacoma,,WA,2004-08-04,2004-10-03,220,Permanent,https://esd.wa.gov/about-employees/WARN
HUNTSMAN POLYURETHANE,HUNTSMAN POLYURETHANE,WEST DEPTFORD,,NJ,,2004-07-31,0,,https://www.nj.gov/labor/employer-services/warn/
MATTEL,MATTEL,MT. LAUREL,,NJ,,2004-07-31,106,,https://www.nj.gov/labor/employer-services/warn/
BOC GASES,BOC GASES,LEBANON,,NJ,,2004-07-31,93,,https://www.nj.gov/labor/employer-services/warn/
GLAXO SMITH KLINE,GLAXO SMITH KLINE,PISCATAWAY,,NJ,,2004-07-30,133,,https://www.nj.gov/labor/employer-services/warn/
BAXTER HEALTHCARE,BAXTER HEALTHCARE,NO. BRUNSWICK,,NJ,,2004-07-30,42,,https://www.nj.gov/labor/employer-services/warn/
Alcoa-Wenatchee,ALCOA-WENATCHEE,Malaga,,WA,2004-07-30,2004-10-01,400,Temporary,https://esd.wa.gov/about-employees/WARN
Target,TARGET,Federal Way,,WA,2004-07-30,2004-10-05,134,Permanent,https://esd.wa.gov/about-employees/WARN
Guidant Sales Corp,GUIDANT SALES,Kirkland,,WA,2004-07-29,2004-09-27,2,Permanent,https://esd.wa.gov/about-employees/WARN
Premera Blue Cross,PREMERA BLUE CROSS,Mountlake Terrace,,WA,2004-07-28,2004-09-30,82,Permanent,https://esd.wa.gov/about-employees/WARN
SIERRA MILITARY HEALTH,SIERRA MILITARY HEALTH,STATEWIDE,,NJ,,2004-07-23,9,,https://www.nj.gov/labor/employer-services/warn/
Johnson Controls,JOHNSON CONTROLS,Silverdale,,WA,2004-07-22,2004-10-01,35,Permanent,https://esd.wa.gov/about-employees/WARN
SHORE MEMORIAL,SHORE MEMORIAL,SOMERS POINT,,NJ,,2004-07-21,140,,https://www.nj.gov/labor/employer-services/warn/
GENERAL MILLS,GENERAL MILLS,SWEDESBORO,,NJ,,2004-07-13,105,,https://www.nj.gov/labor/employer-services/warn/
BREUNERS HOME FURN.,BREUNERS HOME FURN,LINDEN,,NJ,,2004-07-12,173,,https://www.nj.gov/labor/employer-services/warn/
SUNGARD POWERPARTNER,SUNGARD POWERPARTNER,MT. LAUREL,,NJ,,2004-07-07,61,,https://www.nj.gov/labor/employer-services/warn/
HEALTH NET,HEALTH NET,NEPTUNE,,NJ,,2004-07-06,105,,https://www.nj.gov/labor/employer-services/warn/
Brown & Williamson Tobacco,BROWN WILLIAMSON TOBACCO,Bellevue,,WA,2004-07-06,2004-08-31,31,Permanent,https://esd.wa.gov/about-employees/WARN
RIVERIA TRADING,RIVERIA TRADING,SECAUCUS,,NJ,,2004-07-02,60,,https://www.nj.gov/labor/employer-services/warn/
PTEK HOLDINGS,PTEK HOLDINGS,WAYNE,,NJ,,2004-07-01,37,,https://www.nj.gov/labor/employer-services/warn/
DUPONT,DUPONT,DEEPWATER,,NJ,,2004-06-30,43,,https://www.nj.gov/labor/employer-services/warn/
DOW CHEMICAL,DOW CHEMICAL,BOUND BROOK,,NJ,,2004-06-30,60,,https://www.nj.gov/labor/employer-services/warn/
NORVERGENCE,NORVERGENCE,NEWARK/JERSEY CITY,,NJ,,2004-06-30,800,,https://www.nj.gov/labor/employer-services/warn/
Sacred Heart Hospital,SACRED HEART HOSPITAL,Spokane,,WA,2004-06-30,2004-08-31,174,Permanent,https://esd.wa.gov/about-employees/WARN
DEL MONTE FOODS,DEL MONTE FOODS,SWEDESBORO,,NJ,,2004-06-25,50,,https://www.nj.gov/labor/employer-services/warn/
NORVERGENCE,NORVERGENCE,NEWARK,,NJ,,2004-06-24,140,,https://www.nj.gov/labor/employer-services/warn/
EPSTEIN’S,EPSTEIN’S,MORRISTOWN,,NJ,,2004-06-20,145,,https://www.nj.gov/labor/employer-services/warn/
JOHNSON & JOHNSON,JOHNSON JOHNSON,BRIDGEPORT,,NJ,,2004-06-19,96,,https://www.nj.gov/labor/employer-services/warn/
PURDUE PHARMA,PURDUE PHARMA,CRANBURY,,NJ,,2004-06-16,66,,https://www.nj.gov/labor/employer-services/warn/
"Qualex, Inc.",QUALEX,Chehalis,,WA,2004-06-16,2004-08-23,80,Permanent,https://esd.wa.gov/about-employees/WARN
ORGANON,ORGANON,WEST ORANGE,,NJ,,2004-06-15,157,,https://www.nj.gov/labor/employer-services/warn/
"Ericsson, Inc",ERICSSON,Redmond,,WA,2004-06-10,2004-07-30,3,Permanent,https://esd.wa.gov/about-employees/WARN
IBM,IBM,Redmond,,WA,2004-06-03,2004-08-17,63,Permanent,https://esd.wa.gov/about-employees/WARN
SIEMENS MED. SOLUTION,SIEMENS MED SOLUTION,ISELIN,,NJ,,2004-05-31,50,,https://www.nj.gov/labor/employer-services/warn/
FOOTSTAR,FOOTSTAR,MAHWAH,,NJ,,2004-05-31,108,,https://www.nj.gov/labor/employer-services/warn/
ULINE,ULINE,DAYTON,,NJ,,2004-05-28,80,,https://www.nj.gov/labor/employer-services/warn/
LINDEN MOTOR FREIGHT,LINDEN MOTOR FREIGHT,LINDEN,,NJ,,2004-05-24,91,,https://www.nj.gov/labor/employer-services/warn/
Washington Mutual,WASHINGTON MUTUAL,Seattle,,WA,2004-05-24,2004-04-01,170,Permanent,https://esd.wa.gov/about-employees/WARN
ALLIANCE DATA,ALLIANCE DATA,VOORHEES,,NJ,,2004-05-19,68,,https://www.nj.gov/labor/employer-services/warn/
Selkirk Industries,SELKIRK INDUSTRIES,Lynnwood,,WA,2004-05-12,2004-07-11,52,Permanent,https://esd.wa.gov/about-employees/WARN
GOODRICH,GOODRICH,ENGLEWOOD,,NJ,,2004-05-08,120,,https://www.nj.gov/labor/employer-services/warn/
BIFLEX,BIFLEX,MOONACHIE,,NJ,,2004-05-08,105,,https://www.nj.gov/labor/employer-services/warn/
NORVERGENCE,NORVERGENCE,NEWARK,,NJ,,2004-05-07,90,,https://www.nj.gov/labor/employer-services/warn/
SIB MORTGAGE,SIB MORTGAGE,BRANCHBURG,,NJ,,2004-04-30,93,,https://www.nj.gov/labor/employer-services/warn/
JOHNSON & JOHNSON,JOHNSON JOHNSON,NO. BRUNSWICK,,NJ,,2004-04-30,488,,https://www.nj.gov/labor/employer-services/warn/
LIBERTY MUTUAL,LIBERTY MUTUAL,HOLMDEL,,NJ,,2004-04-30,37,,https://www.nj.gov/labor/employer-services/warn/
NORVERGENCE,NORVERGENCE,NEWARK,,NJ,,2004-04-30,86,,https://www.nj.gov/labor/employer-services/warn/
GE Osmonics,GE OSMONICS,Kent,,WA,2004-04-28,2004-07-01,27,Permanent,https://esd.wa.gov/about-employees/WARN
GMAC Financial Services,GMAC FINANCIAL,Bellevue,,WA,2004-04-27,2004-06-30,43,Permanent,https://esd.wa.gov/about-employees/WARN
MISSA BAY,MISSA BAY,SWEDESBORO,,NJ,,2004-04-26,100,,https://www.nj.gov/labor/employer-services/warn/
KENNETH COLE,KENNETH COLE,SECAUCUS,,NJ,,2004-04-24,134,,https://www.nj.gov/labor/employer-services/warn/
Terabeam Corporation,TERABEAM,Redmond,,WA,2004-04-22,2004-06-22,13,Permanent,https://esd.wa.gov/about-employees/WARN
HealthNet Federal Services,HEALTHNET FEDERAL,Tacoma,,WA,2004-04-19,2004-05-28,82,Permanent,https://esd.wa.gov/about-employees/WARN
BLIS TECH,BLIS TECH,FAIRFIELD,,NJ,,2004-04-16,91,,https://www.nj.gov/labor/employer-services/warn/
Evergreen Vista Convalescent Center,EVERGREEN VISTA CONVALESCENT CENTER,Kirkland,,WA,2004-04-15,2004-06-30,131,Permanent,https://esd.wa.gov/about-employees/WARN
Terabeam Corporation,TERABEAM,Redmond,,WA,2004-04-14,2004-06-13,87,Permanent,https://esd.wa.gov/about-employees/WARN
Custom Apple Packers,CUSTOM APPLE PACKERS,Brewster,,WA,2004-04-14,2004-06-11,73,Permanent,https://esd.wa.gov/about-employees/WARN
MEDIQ,MEDIQ,PENNSAUKEN,,NJ,,2004-04-02,150,,https://www.nj.gov/labor/employer-services/warn/
SI BANK & TRUST,SI BANK TRUST,HOWELL,,NJ,,2004-04-02,11,,https://www.nj.gov/labor/employer-services/warn/
L’OREAL USA,L’OREAL,NO. BRUNSWICK,,NJ,,2004-03-31,95,,https://www.nj.gov/labor/employer-services/warn/
Airborne Express,AIRBORNE EXPRESS,Seattle,,WA,2004-03-30,2004-03-31,1000,Permanent,https://esd.wa.gov/about-employees/WARN
Todd Pacific Shipyards Corp,TODD PACIFIC SHIPYARDS,Seattle,,WA,2004-03-26,2004-03-26,500,Temporary,https://esd.wa.gov/about-employees/WARN
Wells Fargo Bank,WELLS FARGO BANK,Oak Harbor,,WA,2004-03-26,2004-04-28,84,Permanent,https://esd.wa.gov/about-employees/WARN
Peter Pan Seafoods,PETER PAN SEAFOODS,Seattle,,WA,2004-03-25,2004-05-26,63,Permanent,https://esd.wa.gov/about-employees/WARN
PNC FINANCIAL,PNC FINANCIAL,BRIDGEWATER,,NJ,,2004-03-19,131,,https://www.nj.gov/labor/employer-services/warn/
PNC FINANCIAL,PNC FINANCIAL,PHILLIPSBURG,,NJ,,2004-03-19,63,,https://www.nj.gov/labor/employer-services/warn/
J.R. Simplot Company,J R SIMPLOT,Quincy,,WA,2004-03-19,2004-05-18,606,Permanent,https://esd.wa.gov/about-employees/WARN
GL&V,GL V,Vancouver,,WA,2004-03-09,2004-05-07,46,Permanent,https://esd.wa.gov/about-employees/WARN
Merrill Lynch Howard Johnson's,MERRILL LYNCH HOWARD JOHNSON'S,Seattle,,WA,2004-03-08,2004-04-30,92,Permanent,https://esd.wa.gov/about-employees/WARN
"Fujicolor Processing, Inc",FUJICOLOR PROCESSING,Tukwila,,WA,2004-03-01,2004-02-26,49,Permanent,https://esd.wa.gov/about-employees/WARN
NORVERGENCE,NORVERGENCE,NEWARK,,NJ,,2004-02-24,358,,https://www.nj.gov/labor/employer-services/warn/
USCO Logistics,USCO LOGISTICS,Sumner,,WA,2004-02-05,2004-04-03,212,Permanent,https://esd.wa.gov/about-employees/WARN
Swedish Medical Center,SWEDISH MEDICAL CENTER,Seattle,,WA,2004-01-23,2004-03-22,161,Permanent,https://esd.wa.gov/about-employees/WARN
Experience Music Project,EXPERIENCE MUSIC PROJECT,Seattle,,WA,2004-01-20,2004-03-15,150,Permanent,https://esd.wa.gov/about-employees/WARN
Software Spectrum,SOFTWARE SPECTRUM,Liberty Lake,,WA,2004-01-12,2004-02-05,60,Permanent,https://esd.wa.gov/about-employees/WARN
Mauser Packaging Solutions,MAUSER PACKAGING,Lawrenceville,,NJ,,,77,,https://www.nj.gov/labor/employer-services/warn/
Xtend Healthcare LLC,XTEND HEALTHCARE,Remote Locations Throughout NJ,,NJ,,,63,,https://www.nj.gov/labor/employer-services/warn/
Christmas Tree Shops  -  Location  9,CHRISTMAS TREE SHOPS - LOCATION 9,Rockaway,,NJ,,,40,,https://www.nj.gov/labor/employer-services/warn/
burlington woods nursing home,BURLINGTON WOODS NURSING HOME,burlington,,NJ,,,20,,https://www.nj.gov/labor/employer-services/warn/
CHRIST HOSPITAL,CHRIST HOSPITAL,Jersey City,,NJ,,,433,,https://www.nj.gov/labor/employer-services/warn/
BROOKS BROTHERS CUST SVC,BROOKS BROTHERS CUST SVC,EDISON,,NJ,,,96,,https://www.nj.gov/labor/employer-services/warn/
"GERRESHEIMER GLASS, INC",GERRESHEIMER GLASS,MILLVILLE,,NJ,,,150,,https://www.nj.gov/labor/employer-services/warn/
* Most employees of companies marked with asterisk will be rehired by buyer,* MOST EMPLOYEES OF COMPANIES MARKED WITH ASTERISK WILL BE REHIRED BY BUYER,,,NJ,,,0,,https://www.nj.gov/labor/employer-services/warn/
GENESIS LOGISTICS,GENESIS LOGISTICS,BURLINGTON,,NJ,,,106,,https://www.nj.gov/labor/employer-services/warn/
UPS SUPPLY CHAIN,UPS SUPPLY CHAIN,CRANBURY,,NJ,,,94,,https://www.nj.gov/labor/employer-services/warn/
AEGIS CORRESPONDENT,AEGIS CORRESPONDENT,TOMS RIVER,,NJ,,,23,,https://www.nj.gov/labor/employer-services/warn/
